CHR,GeneName,TranscriptId,allhetRA,sum_homAA,homAlt_aaf,comp_het,compHet_aaf,sum_KO,inExternalDataset
12,A2ML1,ENST00000299698,94299,225,0.004895919,29,3.04E-05,254,TRUE
1,A3GALT2,ENST00000442999,252,2,6.81E-05,2,2.09E-06,4,FALSE
3,AADAC,ENST00000232892,161,4,2.95E-05,0,0,4,TRUE
3,AADACL2,ENST00000356517,662,2,0.000118445,3,3.14E-06,5,FALSE
1,AADACL3,ENST00000359318,46,1,1.02E-06,0,0,1,FALSE
20,AAR2,ENST00000320849,2544,1,0.001092503,0,0,1,FALSE
8,AARD,ENST00000378279,1742,1,0.000813867,0,0,1,TRUE
17,AARSD1,ENST00000427569,1878,3,0.000409221,2,2.09E-06,5,TRUE
4,AASDH,ENST00000205214,1645,2,9.81E-05,0,0,2,TRUE
17,AATK,ENST00000326724,369,1,3.56E-06,0,0,1,FALSE
17,ABCA10,ENST00000269081,334379,177,0.004756165,93,9.74E-05,270,TRUE
7,ABCA13,ENST00000435803,11269,18,0.002058843,31,3.25E-05,49,TRUE
1,ABCA4,ENST00000370225,1711,1,2.64E-05,0,0,1,FALSE
17,ABCA5,ENST00000392676,2563,6,0.000292832,0,0,6,TRUE
17,ABCA6,ENST00000284425,3882,7,0.00075504,0,0,7,TRUE
19,ABCA7,ENST00000263094,14302,18,0.004594133,33,3.46E-05,51,TRUE
17,ABCA8,ENST00000586539,17788,316,0.008302429,30,3.14E-05,346,TRUE
17,ABCA9,ENST00000340001,6228,10,0.001680102,8,8.38E-06,18,TRUE
2,ABCB11,ENST00000650372,492,1,1.68E-05,0,0,1,FALSE
7,ABCB5,ENST00000404938,91387,57,0.005241351,121,0.0001267,178,TRUE
7,ABCB8,ENST00000358849,543,1,1.53E-05,0,0,1,FALSE
12,ABCB9,ENST00000280560,897,1,0.000266908,0,0,1,TRUE
6,ABCC10,ENST00000372530,1295,1,1.68E-05,0,0,1,TRUE
16,ABCC11,ENST00000356608,34698,9,0.003275826,16,1.68E-05,25,TRUE
16,ABCC12,ENST00000311303,71296,173,0.009708583,74,7.75E-05,247,TRUE
10,ABCC2,ENST00000647814,3495,5,0.000647136,4,4.19E-06,9,TRUE
17,ABCC3,ENST00000285238,4161,5,0.001087871,2,2.09E-06,7,TRUE
16,ABCC6,ENST00000205557,5582,9,0.001719745,4,4.19E-06,13,TRUE
12,ABCC9,ENST00000261200,1873,10,0.00060371,0,0,10,TRUE
6,ABCF1,ENST00000326195,460,1,4.02E-05,0,0,1,FALSE
4,ABCG2,ENST00000237612,2700,4,0.000123026,0,0,4,TRUE
2,ABCG5,ENST00000405322,925,1,8.13E-06,0,0,1,FALSE
2,ABCG8,ENST00000272286,2938,2,0.000820982,0,0,2,TRUE
2,ABHD1,ENST00000316470,1439,2,1.17E-05,0,0,2,TRUE
14,ABHD12B,ENST00000337334,15766,77,0.007224362,11,1.15E-05,88,TRUE
3,ABHD14A,ENST00000273596,356,2,7.88E-05,0,0,2,TRUE
3,ABHD14A-ACY1,ENST00000463937,1304,2,7.88E-05,0,0,2,TRUE
3,ABHD14B,ENST00000361143,23475,220,0.012073327,17,1.78E-05,237,TRUE
17,ABHD15,ENST00000307201,18009,105,0.008853615,5,5.24E-06,110,TRUE
4,ABHD18,ENST00000645843,2551,1,6.61E-06,2,2.09E-06,3,FALSE
18,ABHD3,ENST00000289119,513,3,7.63E-06,0,0,3,FALSE
14,ABHD4,ENST00000428304,2616,9,0.001106703,0,0,9,TRUE
19,ABHD8,ENST00000247706,340,2,0.000135224,0,0,2,FALSE
3,ABI3BP,ENST00000471714,4412,11,0.001048756,7,7.33E-06,18,TRUE
9,ABITRAM,ENST00000322940,625,2,0.000241997,0,0,2,FALSE
10,ABLIM1,ENST00000277895,4958,8,0.002374396,0,0,8,TRUE
4,ABLIM2,ENST00000447017,333,1,1.47E-05,0,0,1,TRUE
9,ABO,ENST00000538324,493616,33,0.002942842,2,2.09E-06,35,TRUE
8,ABRA,ENST00000311955,544,1,9.66E-06,0,0,1,FALSE
3,ABTB1,ENST00000232744,10576,42,0.004965536,4,4.19E-06,46,TRUE
17,AC002094.3,ENST00000555059,293,1,9.56E-05,0,0,1,FALSE
12,AC002996.1,ENST00000546840,1527,3,0.000676641,0,0,3,TRUE
19,AC004076.1,ENST00000596831,12425,53,0.006336591,0,0,53,TRUE
7,AC004593.2,ENST00000644824,808,1,0.000247566,0,0,1,FALSE
7,AC005154.5,ENST00000598361,138,1,1.88E-05,0,0,1,TRUE
17,AC005324.3,ENST00000455584,879,4,0.000168264,0,0,4,TRUE
17,AC005726.1,ENST00000531839,2202,2,0.000669504,0,0,2,TRUE
12,AC005833.1,ENST00000648836,1678,1,0.00015912,0,0,1,TRUE
3,AC006059.2,ENST00000648550,1409,4,7.98E-05,0,0,4,TRUE
5,AC008695.1,ENST00000514667,432,1,4.47E-05,0,0,1,FALSE
19,AC008770.2,ENST00000590798,3215,4,0.001420841,2,2.09E-06,6,TRUE
19,AC008982.1,ENST00000594769,811,3,0.000339577,0,0,3,TRUE
8,AC009879.2,ENST00000523113,1411,25,0.000719313,0,0,25,TRUE
5,AC010255.3,ENST00000509403,1239,6,0.000613133,0,0,6,TRUE
19,AC011455.2,ENST00000599996,1809,5,0.000311626,0,0,5,TRUE
19,AC011462.1,ENST00000540732,425,1,5.59E-06,0,0,1,FALSE
12,AC012531.3,ENST00000513209,391,3,0.000181989,0,0,3,FALSE
19,AC018755.2,ENST00000429354,26144,22,0.004033267,14,1.47E-05,36,TRUE
19,AC020907.6,ENST00000648240,112,1,3.05E-06,0,0,1,FALSE
19,AC022137.3,ENST00000610928,266,1,0.000134713,0,0,1,FALSE
3,AC024558.2,ENST00000383572,16870,1032,0.009525198,37,3.87E-05,1069,TRUE
12,AC025165.3,ENST00000546504,119,1,3.36E-05,0,0,1,FALSE
5,AC026740.3,ENST00000382776,32,1,1.02E-06,0,0,1,TRUE
11,AC068580.4,ENST00000636397,121,1,5.08E-06,0,0,1,TRUE
12,AC068775.1,ENST00000539033,12745,592,0.006891724,6,6.28E-06,598,TRUE
16,AC092143.1,ENST00000556922,10386,34,0.005082985,12,1.26E-05,46,TRUE
4,AC093827.5,ENST00000473559,222,1,4.22E-05,0,0,1,FALSE
4,AC098582.1,ENST00000512194,241,1,1.12E-05,0,0,1,FALSE
16,AC099489.1,ENST00000598234,9148,102,0.003167435,19,1.99E-05,121,TRUE
8,AC100868.1,ENST00000262283,12075,382,0.005983255,5,5.24E-06,387,TRUE
3,AC104452.1,ENST00000636166,373,1,6.61E-06,0,0,1,FALSE
3,AC109583.1,ENST00000460241,594,3,0.000202323,0,0,3,TRUE
19,AC119396.1,ENST00000671891,1934,4,0.000415839,0,0,4,TRUE
8,AC144573.1,ENST00000647937,392,4,0.000110323,0,0,4,TRUE
18,ACAA2,ENST00000285093,593,1,1.68E-05,0,0,1,FALSE
12,ACACB,ENST00000338432,2503,2,4.22E-05,0,0,2,TRUE
12,ACAD10,ENST00000313698,5101,14,0.001391868,5,5.24E-06,19,TRUE
3,ACAD11,ENST00000264990,34875,9,0.000647636,0,0,9,TRUE
2,ACADL,ENST00000233710,1462,2,0.000250108,2,2.09E-06,4,TRUE
1,ACADM,ENST00000370841,493,1,2.14E-05,0,0,1,TRUE
10,ACADSB,ENST00000358776,1673,5,0.000567043,0,0,5,TRUE
17,ACAP1,ENST00000158762,358,1,4.98E-05,0,0,1,FALSE
10,ACBD7,ENST00000356189,573,9,0.0002923,0,0,9,TRUE
11,ACCS,ENST00000263776,549,1,2.80E-05,0,0,1,FALSE
11,ACCSL,ENST00000378832,755,3,7.17E-05,0,0,3,TRUE
9,ACO1,ENST00000309951,936,3,3.71E-05,0,0,3,TRUE
14,ACOT1,ENST00000311148,10,3,7.63E-06,0,0,3,TRUE
1,ACOT11,ENST00000343744,1253,1,6.51E-05,0,0,1,TRUE
5,ACOT12,ENST00000307624,1786,2,2.69E-05,0,0,2,FALSE
6,ACOT13,ENST00000230048,1833,7,0.000566814,0,0,7,TRUE
14,ACOT4,ENST00000326303,550130,2,0.000398548,0,0,2,TRUE
20,ACOT8,ENST00000217455,13311,320,0.006202901,18,1.89E-05,338,TRUE
3,ACOX2,ENST00000302819,4979,5,0.002229172,0,0,5,TRUE
4,ACOX3,ENST00000356406,1327,3,0.000100655,0,0,3,TRUE
2,ACOXL,ENST00000439055,18569,92,0.009027848,18,1.89E-05,110,TRUE
3,ACP3,ENST00000336375,2052,4,0.000763036,0,0,4,TRUE
12,ACRBP,ENST00000229243,1746,2,0.000539357,0,0,2,FALSE
19,ACSBG2,ENST00000591403,2705,9,0.000667053,2,2.09E-06,11,TRUE
16,ACSM1,ENST00000307493,2501,2,0.000343644,0,0,2,TRUE
16,ACSM2A,ENST00000573854,35402,85,0.007106708,16,1.68E-05,101,TRUE
16,ACSM2B,ENST00000329697,1956,14,0.00074778,0,0,14,TRUE
16,ACSM3,ENST00000289416,22829,153,0.010991649,20,2.09E-05,173,TRUE
12,ACSM4,ENST00000399422,92638,4,0.000605964,4,4.19E-06,8,TRUE
16,ACSM5,ENST00000331849,1392,8,0.000285188,4,4.19E-06,12,FALSE
10,ACSM6,ENST00000341686,1898,4,0.00010472,0,0,4,TRUE
11,ACTN3,ENST00000513398,462041,39,0.001771085,11,1.15E-05,50,TRUE
14,ACTR10,ENST00000254286,547,1,7.63E-06,0,0,1,FALSE
2,ACTR1B,ENST00000289228,475,1,0.000138829,0,0,1,FALSE
22,ADA2,ENST00000399837,903,1,0.000101163,0,0,1,FALSE
4,ADAD1,ENST00000296513,557,1,0.000201311,0,0,1,FALSE
15,ADAL,ENST00000562188,611,1,3.05E-06,0,0,1,TRUE
10,ADAM12,ENST00000368679,467,1,2.19E-05,0,0,1,FALSE
8,ADAM18,ENST00000265707,3489,2,0.000540444,4,4.19E-06,6,TRUE
8,ADAM2,ENST00000265708,17031,119,0.008397923,17,1.78E-05,136,TRUE
8,ADAM28,ENST00000265769,1315,0,NA,2,2.09E-06,2,TRUE
20,ADAM33,ENST00000356518,87785,5,0.000250108,0,0,5,TRUE
8,ADAM7,ENST00000175238,2299,6,0.000542526,2,2.09E-06,8,TRUE
10,ADAM8,ENST00000445355,8926,11,0.002626137,10,1.05E-05,21,TRUE
8,ADAMDEC1,ENST00000256412,922,1,0.000109804,0,0,1,FALSE
5,ADAMTS12,ENST00000504830,1457,1,2.54E-06,0,0,1,TRUE
10,ADAMTS14,ENST00000373207,1200,2,1.63E-05,0,0,2,FALSE
11,ADAMTS15,ENST00000299164,241,1,7.12E-06,0,0,1,FALSE
15,ADAMTS17,ENST00000268070,788,1,4.07E-06,0,0,1,TRUE
16,ADAMTS18,ENST00000282849,1392,2,8.64E-06,0,0,2,FALSE
5,ADAMTS19,ENST00000274487,490,1,7.63E-06,0,0,1,FALSE
12,ADAMTS20,ENST00000389420,2904,5,0.000143355,2,2.09E-06,7,TRUE
21,ADAMTS5,ENST00000284987,346,1,1.53E-06,0,0,1,FALSE
11,ADAMTS8,ENST00000257359,588,1,2.29E-05,0,0,1,TRUE
9,ADAMTSL1,ENST00000380548,524,1,2.14E-05,0,0,1,FALSE
1,ADAMTSL4,ENST00000271643,1166,1,4.07E-06,2,2.09E-06,3,TRUE
19,ADAMTSL5,ENST00000330475,1252,2,6.61E-06,0,0,2,FALSE
17,ADAP2,ENST00000330889,1609,5,0.00035897,0,0,5,TRUE
16,ADAT1,ENST00000307921,873,2,0.000137254,0,0,2,TRUE
14,ADCK1,ENST00000238561,710,1,8.13E-05,0,0,1,TRUE
7,ADCK2,ENST00000072869,10106,31,0.004317454,9,9.42E-06,40,TRUE
1,ADCY10,ENST00000367851,1819,4,0.000204869,3,3.14E-06,7,TRUE
14,ADCY4,ENST00000418030,1676,3,0.000281647,0,0,3,TRUE
16,ADCY7,ENST00000673801,1108,2,0.000346694,0,0,2,TRUE
6,ADGB,ENST00000397944,2739,8,0.000610544,0,0,8,TRUE
19,ADGRE1,ENST00000312053,2248,4,0.000617648,0,0,4,TRUE
19,ADGRE2,ENST00000315576,4609,456,0.001187742,4,4.19E-06,460,TRUE
19,ADGRE3,ENST00000253673,1882,5,0.00018811,0,0,5,TRUE
6,ADGRF1,ENST00000371253,1186,2,1.42E-05,0,0,2,FALSE
6,ADGRF2,ENST00000398742,1658,3,0.000347713,0,0,3,TRUE
2,ADGRF3,ENST00000333478,13323,44,0.005848551,7,7.33E-06,51,TRUE
6,ADGRF4,ENST00000283303,1291,3,4.58E-05,0,0,3,TRUE
23,ADGRG4,ENST00000394143,2053,1,5.59E-06,0,0,1,TRUE
3,ADGRG7,ENST00000273352,2048,1,4.07E-05,0,0,1,TRUE
1,ADGRL4,ENST00000370742,807,4,3.66E-05,0,0,4,TRUE
5,ADGRV1,ENST00000405460,2543,3,1.47E-05,0,0,3,TRUE
4,ADH4,ENST00000265512,1575,21,0.000577172,7,7.33E-06,28,TRUE
4,ADH6,ENST00000394899,846,2,0.000327391,0,0,2,TRUE
8,ADHFE1,ENST00000396623,2844,27,0.001166153,0,0,27,TRUE
2,ADI1,ENST00000327435,535,1,2.90E-05,0,0,1,FALSE
3,ADPRH,ENST00000478399,6244,12,0.00284218,3,3.14E-06,15,TRUE
13,ADPRHL1,ENST00000375418,1285,2,0.000217065,0,0,2,TRUE
17,ADPRM,ENST00000379774,367,1,0.000124547,0,0,1,FALSE
2,ADRA2B,ENST00000620793,441,2,3.05E-06,0,0,2,FALSE
8,ADRB3,ENST00000345060,461,4,0.000110323,0,0,4,TRUE
20,ADRM1,ENST00000253003,16889,617,0.009204394,0,0,617,TRUE
14,ADSS1,ENST00000330877,1891,1,0.000449381,0,0,1,TRUE
7,AEBP1,ENST00000223357,14612,65,0.007184032,4,4.19E-06,69,TRUE
5,AFAP1L1,ENST00000296721,733,1,3.05E-06,0,0,1,FALSE
6,AFG1L,ENST00000368977,1462,1,0.000255207,0,0,1,TRUE
4,AFM,ENST00000226355,3993,4,0.001226532,4,4.19E-06,8,TRUE
17,AFMID,ENST00000409257,5399,9,0.00244722,0,0,9,TRUE
4,AFP,ENST00000395792,581,1,2.75E-05,0,0,1,FALSE
2,AFTPH,ENST00000238856,151,1,3.81E-05,0,0,1,FALSE
10,AGAP5,ENST00000374094,2167,16,0.00108024,0,0,16,TRUE
10,AGAP6,ENST00000412531,326990,1,1.63E-05,0,0,1,TRUE
10,AGAP9,ENST00000452145,58,1,2.03E-06,0,0,1,TRUE
15,AGBL1,ENST00000441037,11057,25,0.004557379,26,2.72E-05,51,TRUE
11,AGBL2,ENST00000525123,2005,4,0.000186564,5,5.24E-06,9,TRUE
7,AGBL3,ENST00000436302,2403,3,0.000110318,0,0,3,TRUE
1,AGBL4,ENST00000371839,532,1,1.58E-05,0,0,1,FALSE
2,AGBL5,ENST00000360131,560,2,6.15E-05,0,0,2,FALSE
6,AGER,ENST00000375076,1733,2,0.000233333,0,0,2,FALSE
5,AGGF1,ENST00000312916,578,1,1.02E-06,0,0,1,FALSE
1,AGL,ENST00000361915,1976,0,NA,2,2.09E-06,2,TRUE
1,AGMAT,ENST00000375826,1351,2,2.95E-05,0,0,2,FALSE
7,AGMO,ENST00000342526,11857,25,0.004666249,11,1.15E-05,36,TRUE
7,AGR3,ENST00000310398,2835,1,0.000970493,3,3.14E-06,4,TRUE
1,AGRN,ENST00000379370,456,1,3.00E-05,0,0,1,TRUE
5,AGXT2,ENST00000231420,27032,2,8.85E-05,0,0,2,TRUE
1,AHCTF1,ENST00000648844,22326,5,0.000952842,0,0,5,TRUE
6,AHI1,ENST00000265602,2164,10,0.00012659,0,0,10,TRUE
11,AHNAK,ENST00000378024,442,1,1.58E-05,0,0,1,FALSE
14,AHNAK2,ENST00000333244,323,0,NA,3,3.14E-06,3,FALSE
1,AIDA,ENST00000340020,101,1,5.08E-06,0,0,1,FALSE
22,AIFM3,ENST00000399167,1392,3,8.69E-05,0,0,3,TRUE
1,AIM2,ENST00000368130,7718,15,0.00364796,4,4.19E-06,19,TRUE
21,AIRE,ENST00000291582,3069,4,0.00098676,0,0,4,TRUE
9,AK3,ENST00000381809,401,1,3.56E-06,0,0,1,FALSE
14,AK7,ENST00000267584,667,1,2.03E-06,0,0,1,FALSE
6,AK9,ENST00000424296,2698,1,3.56E-06,0,0,1,TRUE
1,AKNAD1,ENST00000370001,2332,10,0.000708083,0,0,10,TRUE
1,AKR1A1,ENST00000351829,917,1,5.59E-06,0,0,1,FALSE
7,AKR1B10,ENST00000359579,1011,4,0.000337543,0,0,4,TRUE
7,AKR1B15,ENST00000457545,373,2,1.12E-05,0,0,2,TRUE
10,AKR1C1,ENST00000380872,610,5,0.000182497,0,0,5,TRUE
10,AKR1C2,ENST00000380753,827,1,3.51E-05,0,0,1,TRUE
10,AKR1C3,ENST00000380554,4144,9,0.001607413,8,8.38E-06,17,TRUE
10,AKR1E2,ENST00000298375,187136,5,0.000618662,0,0,5,TRUE
1,AKR7A2,ENST00000235835,1383,4,0.00058871,0,0,4,TRUE
1,AKR7A3,ENST00000361640,712,7,7.98E-05,0,0,7,TRUE
22,AL022318.4,ENST00000381568,329,1,4.07E-06,0,0,1,TRUE
6,AL031315.1,ENST00000648086,415,1,2.24E-05,0,0,1,FALSE
20,AL031681.3,ENST00000657241,1613,4,0.000267392,0,0,4,FALSE
6,AL031777.2,ENST00000635200,942,1,5.44E-05,0,0,1,FALSE
20,AL035460.1,ENST00000380593,6216,9,0.003061805,8,8.38E-06,17,TRUE
20,AL035461.4,ENST00000652720,1294,1,1.02E-06,0,0,1,FALSE
20,AL049634.2,ENST00000564763,177,1,2.03E-06,0,0,1,TRUE
1,AL109810.2,ENST00000651173,1298,5,0.00059739,0,0,5,TRUE
6,AL132671.2,ENST00000467125,37495,2,0.000155558,0,0,2,TRUE
14,AL136295.1,ENST00000530611,4877,14,0.002317575,5,5.24E-06,19,TRUE
9,AL162417.1,ENST00000647146,421,1,1.07E-05,0,0,1,TRUE
10,AL355315.1,ENST00000370649,281,1,5.64E-05,0,0,1,TRUE
9,AL358113.1,ENST00000642889,910,1,2.54E-06,0,0,1,FALSE
10,AL603764.2,ENST00000652090,355,1,0.000136255,0,0,1,FALSE
1,AL603832.3,ENST00000606505,1106,1,2.54E-05,0,0,1,TRUE
6,AL645922.1,ENST00000456570,750,2,9.15E-05,0,0,2,FALSE
6,AL662899.4,ENST00000375880,177,1,3.97E-05,0,0,1,FALSE
6,AL669918.1,ENST00000452392,2048,3,0.000717282,0,0,3,TRUE
1,AL713999.1,ENST00000473363,1055,16,0.000395344,0,0,16,TRUE
9,ALDH1B1,ENST00000377698,34132,61,0.007217542,23,2.41E-05,84,TRUE
12,ALDH1L2,ENST00000258494,3201,5,0.000897239,0,0,5,TRUE
12,ALDH2,ENST00000261733,1021,2,0.00034875,0,0,2,TRUE
17,ALDH3A1,ENST00000225740,1965,6,0.000451928,0,0,6,TRUE
11,ALDH3B2,ENST00000673966,1267,2,0.000400578,0,0,2,TRUE
6,ALDH8A1,ENST00000265605,427,2,1.27E-05,0,0,2,FALSE
3,ALG1L2,ENST00000425059,839,7,0.000318734,2,2.09E-06,9,TRUE
3,ALG3,ENST00000397676,215,1,1.42E-05,0,0,1,FALSE
11,ALKBH3,ENST00000302708,3436,4,0.000988233,2,2.09E-06,6,TRUE
2,ALLC,ENST00000252505,3373,4,0.001209365,2,2.09E-06,6,TRUE
2,ALMS1,ENST00000613296,3568,1,1.02E-06,0,0,1,TRUE
17,ALOX15,ENST00000293761,2112,3,0.000280609,0,0,3,TRUE
17,ALOX15B,ENST00000380183,3238,10,0.000807793,0,0,10,TRUE
10,ALOX5,ENST00000374391,388,1,2.03E-06,0,0,1,TRUE
17,ALOXE3,ENST00000448843,791,0,NA,2,2.09E-06,2,TRUE
2,ALPI,ENST00000295463,797,3,0.000145897,0,0,3,FALSE
4,ALPK1,ENST00000650871,3190,6,0.00063239,0,0,6,TRUE
18,ALPK2,ENST00000361673,7700,10,0.002761894,6,6.28E-06,16,TRUE
15,ALPK3,ENST00000258888,2296,3,0.000376686,0,0,3,TRUE
1,ALPL,ENST00000374840,1469,2,0.000487015,0,0,2,FALSE
2,ALPP,ENST00000392027,458,1,6.10E-06,0,0,1,FALSE
3,ALS2CL,ENST00000318962,4409,6,0.001760921,2,2.09E-06,8,TRUE
12,AMDHD1,ENST00000266736,568,1,4.07E-05,0,0,1,FALSE
12,AMHR2,ENST00000257863,600,2,1.58E-05,0,0,2,FALSE
14,AMN,ENST00000299155,537,1,2.03E-06,0,0,1,FALSE
1,AMPD1,ENST00000520113,175830,6,0.000502763,2,2.09E-06,8,TRUE
11,AMPD3,ENST00000396554,899,1,5.54E-05,2,2.09E-06,3,TRUE
4,AMTN,ENST00000339336,203,1,2.03E-06,0,0,1,FALSE
1,AMY2B,ENST00000361355,229,1,1.42E-05,0,0,1,TRUE
7,AMZ1,ENST00000312371,963,0,NA,2,2.09E-06,2,TRUE
17,AMZ2,ENST00000359904,1143,1,0.000378212,9,9.42E-06,10,TRUE
3,ANAPC13,ENST00000354910,104,1,1.02E-06,0,0,1,FALSE
14,ANGEL1,ENST00000251089,3117,6,0.000962814,0,0,6,TRUE
1,ANGEL2,ENST00000366962,1366,1,0.00050225,0,0,1,FALSE
1,ANGPTL3,ENST00000371129,2206,2,0.000298447,0,0,2,FALSE
11,ANGPTL5,ENST00000334289,1769,11,0.000589211,0,0,11,TRUE
19,ANGPTL6,ENST00000253109,2556,3,0.000663395,4,4.19E-06,7,TRUE
1,ANGPTL7,ENST00000376819,1171,1,0.000221641,0,0,1,TRUE
19,ANGPTL8,ENST00000252453,1912,3,0.000748802,0,0,3,FALSE
4,ANK2,ENST00000357077,189,1,1.53E-06,0,0,1,FALSE
2,ANKAR,ENST00000520309,4033,9,0.001032978,3,3.14E-06,12,TRUE
5,ANKDD1B,ENST00000601380,28672,828,0.015159185,302,0.00031622,1130,TRUE
5,ANKHD1,ENST00000360839,720,2,0.000314667,0,0,2,TRUE
5,ANKHD1-EIF4EBP3,ENST00000532219,810,3,0.000330426,0,0,3,TRUE
11,ANKK1,ENST00000303941,5146,49,0.001766012,99,0.00010366,148,TRUE
19,ANKLE1,ENST00000404085,1821,1,9.71E-05,2,2.09E-06,3,TRUE
2,ANKMY1,ENST00000272972,1906,3,0.000140308,0,0,3,TRUE
9,ANKRD18B,ENST00000290943,4509,11,0.001860557,0,0,11,TRUE
10,ANKRD2,ENST00000370655,465,3,3.05E-05,0,0,3,FALSE
9,ANKRD20A4P,ENST00000357336,15,21,2.90E-05,0,0,21,TRUE
10,ANKRD22,ENST00000371930,407,3,6.81E-05,0,0,3,TRUE
2,ANKRD23,ENST00000318357,1777,3,0.0002298,0,0,3,FALSE
19,ANKRD24,ENST00000600132,1631,0,NA,5,5.24E-06,5,FALSE
10,ANKRD26,ENST00000376087,1581,2,5.85E-05,0,0,2,TRUE
19,ANKRD27,ENST00000306065,1480,1,2.03E-06,0,0,1,TRUE
10,ANKRD30A,ENST00000361713,44567,45,0.005972159,33,3.46E-05,78,TRUE
18,ANKRD30B,ENST00000665241,1967,3,0.00017031,0,0,3,TRUE
5,ANKRD31,ENST00000506364,2106,2,2.03E-06,0,0,2,TRUE
5,ANKRD34B,ENST00000338682,47,1,1.53E-06,0,0,1,FALSE
1,ANKRD35,ENST00000355594,6147,7,0.000960797,3,3.14E-06,10,TRUE
2,ANKRD36,ENST00000420699,126675,31,0.00033958,0,0,31,TRUE
11,ANKRD42,ENST00000533342,573,3,2.39E-05,0,0,3,TRUE
4,ANKRD50,ENST00000504087,328,3,0.000100145,0,0,3,TRUE
2,ANKRD53,ENST00000360589,832,3,0.000167247,0,0,3,TRUE
6,ANKRD6,ENST00000339746,584,2,5.08E-06,0,0,2,FALSE
20,ANKRD60,ENST00000457363,4121,19,0.00188245,5,5.24E-06,24,TRUE
14,ANKRD9,ENST00000286918,433,1,0.000167756,0,0,1,TRUE
9,ANKS6,ENST00000353234,1109,2,1.42E-05,0,0,2,FALSE
3,ANKUB1,ENST00000446160,1127,2,4.17E-05,0,0,2,TRUE
2,ANKZF1,ENST00000323348,1658,2,2.39E-05,0,0,2,FALSE
7,ANLN,ENST00000265748,1067,3,0.00032331,0,0,3,TRUE
12,ANO2,ENST00000356134,2700,2,0.000245024,3,3.14E-06,5,TRUE
11,ANO5,ENST00000324559,5302,14,0.002148076,3,3.14E-06,17,TRUE
12,ANO6,ENST00000320560,1165,1,0.000180977,3,3.14E-06,4,TRUE
2,ANO7,ENST00000274979,10905,15,0.003079085,27,2.83E-05,42,TRUE
11,ANO9,ENST00000332826,4469,10,0.001760969,4,4.19E-06,14,TRUE
16,ANTKMT,ENST00000569529,1184,1,7.07E-05,0,0,1,TRUE
2,ANTXR1,ENST00000303714,69,1,1.07E-05,0,0,1,FALSE
10,ANTXRL,ENST00000620264,1063,2,0.000359403,0,0,2,TRUE
9,ANXA1,ENST00000257497,530,1,1.73E-05,0,0,1,FALSE
4,ANXA10,ENST00000359299,1092,1,3.51E-05,0,0,1,FALSE
10,ANXA11,ENST00000422982,770,1,1.27E-05,0,0,1,FALSE
8,ANXA13,ENST00000419625,507,1,2.59E-05,0,0,1,TRUE
4,ANXA3,ENST00000264908,1194,3,0.000329426,0,0,3,TRUE
2,ANXA4,ENST00000394295,446,1,3.66E-05,0,0,1,TRUE
4,ANXA5,ENST00000296511,1306,1,0.000226223,0,0,1,TRUE
10,ANXA7,ENST00000372921,1055,1,0.000370083,0,0,1,TRUE
7,AOAH,ENST00000617537,5436,11,0.002392293,2,2.09E-06,13,TRUE
17,AOC2,ENST00000253799,3016,13,0.000743207,0,0,13,TRUE
9,AOPEP,ENST00000375315,1438,1,1.53E-06,0,0,1,TRUE
2,AOX1,ENST00000374700,3909,10,0.001333926,2,2.09E-06,12,TRUE
11,AP000781.2,ENST00000529411,675,4,0.000315176,0,0,4,FALSE
11,AP000812.5,ENST00000643715,761,1,0.00028925,0,0,1,FALSE
11,AP001781.2,ENST00000622211,790,1,4.27E-05,0,0,1,FALSE
11,AP003108.2,ENST00000541135,264,1,3.87E-05,0,0,1,FALSE
4,AP1AR,ENST00000274000,230,1,2.14E-05,0,0,1,FALSE
14,AP1G2,ENST00000397120,5778,6,0.002088296,3,3.14E-06,9,TRUE
8,AP3M2,ENST00000396926,399,1,3.05E-06,0,0,1,FALSE
15,AP3S2,ENST00000336418,267,1,7.12E-05,0,0,1,FALSE
14,AP5M1,ENST00000261558,335,1,1.02E-06,0,0,1,TRUE
7,AP5Z1,ENST00000649063,1966,1,0.000142846,2,2.09E-06,3,FALSE
19,APBA3,ENST00000316757,1519,2,0.000128118,0,0,2,TRUE
1,APCS,ENST00000255040,20,0,NA,2,2.09E-06,2,FALSE
15,APH1B,ENST00000261879,606,1,8.24E-05,0,0,1,FALSE
11,APIP,ENST00000395787,4562,15,0.002117309,0,0,15,TRUE
2,APLF,ENST00000303795,25031,4,0.000373148,0,0,4,TRUE
19,APLP1,ENST00000221891,421,1,0.000125653,0,0,1,FALSE
11,APOA5,ENST00000227665,810,3,4.47E-05,0,0,3,FALSE
2,APOB,ENST00000233242,1079,1,1.02E-06,2,2.09E-06,3,TRUE
12,APOBEC1,ENST00000229304,14953,81,0.00752711,0,0,81,TRUE
22,APOBEC3B,ENST00000333467,1014,166,0.000670517,0,0,166,TRUE
22,APOBEC3C,ENST00000361441,227,1,3.76E-05,0,0,1,FALSE
22,APOBEC3D,ENST00000216099,337,1,4.07E-06,0,0,1,TRUE
22,APOBEC3G,ENST00000407997,1290,1,0.000108788,0,0,1,TRUE
22,APOBEC3H,ENST00000442487,2240,1,0.001086855,0,0,1,TRUE
16,APOBR,ENST00000564831,2753,35,0.000805733,2,2.09E-06,37,TRUE
11,APOC3,ENST00000227667,5222,8,0.002641922,0,0,8,TRUE
19,APOC4,ENST00000592954,732,6,0.000353302,0,0,6,TRUE
19,APOC4-APOC2,ENST00000589057,996,6,0.000353302,0,0,6,TRUE
12,APOF,ENST00000398189,28,1,1.27E-05,0,0,1,FALSE
17,APOH,ENST00000205948,662,2,1.73E-05,0,0,2,TRUE
22,APOL2,ENST00000358502,175,1,2.19E-05,0,0,1,FALSE
22,APOL5,ENST00000249044,1414,3,0.000490048,38,3.98E-05,41,TRUE
12,APOLD1,ENST00000356591,899,3,0.000155558,5,5.24E-06,8,FALSE
12,APPL2,ENST00000258530,2927,6,0.000764081,0,0,6,TRUE
9,AQP3,ENST00000297991,233,2,6.81E-05,0,0,2,FALSE
9,AQP7,ENST00000297988,683,1,6.61E-06,0,0,1,FALSE
11,ARFGAP2,ENST00000524782,292,1,4.17E-05,0,0,1,FALSE
22,ARFGAP3,ENST00000263245,859,1,1.73E-05,2,2.09E-06,3,TRUE
8,ARFGEF1,ENST00000262215,385,2,9.81E-05,0,0,2,FALSE
15,ARHGAP11B,ENST00000428041,552,4,0.000222657,0,0,4,TRUE
2,ARHGAP15,ENST00000295095,504,1,3.05E-06,0,0,1,FALSE
10,ARHGAP19,ENST00000358531,664,3,5.29E-05,0,0,3,TRUE
10,ARHGAP21,ENST00000396432,854,4,0.000373132,0,0,4,TRUE
17,ARHGAP27,ENST00000428638,274,2,4.58E-06,0,0,2,FALSE
11,ARHGAP32,ENST00000310343,229,1,2.75E-05,0,0,1,FALSE
19,ARHGAP33,ENST00000314737,454,1,1.02E-06,0,0,1,FALSE
20,ARHGAP40,ENST00000373345,4133,1,0.001406608,2,2.09E-06,3,TRUE
22,ARHGAP8,ENST00000356099,3516,4,0.001134635,5,5.24E-06,9,TRUE
16,ARHGDIG,ENST00000219409,57,1,7.63E-06,0,0,1,FALSE
8,ARHGEF10,ENST00000349830,946,1,7.12E-06,0,0,1,FALSE
17,ARHGEF15,ENST00000361926,283,1,5.08E-06,0,0,1,FALSE
3,ARHGEF26,ENST00000465093,612,1,1.53E-06,0,0,1,TRUE
5,ARHGEF28,ENST00000545377,1216,2,1.37E-05,0,0,2,TRUE
7,ARHGEF35,ENST00000378115,4,1,1.02E-06,0,0,1,TRUE
5,ARHGEF37,ENST00000333677,11939,31,0.005725071,0,0,31,TRUE
4,ARHGEF38,ENST00000420470,8098,59,0.003717093,8,8.38E-06,67,TRUE
2,ARHGEF4,ENST00000409359,1323,2,2.03E-06,0,0,2,TRUE
9,ARID3C,ENST00000378909,593,1,4.98E-05,0,0,1,FALSE
14,ARID4A,ENST00000355431,10514,33,0.005317381,0,0,33,TRUE
17,ARL16,ENST00000622299,851,1,4.88E-05,0,0,1,FALSE
12,ARL6IP4,ENST00000315580,3672,4,0.001437118,2,2.09E-06,6,TRUE
4,ARL9,ENST00000640821,128086,30,0.002586241,8,8.38E-06,38,TRUE
7,ARMC10,ENST00000323716,261,1,7.48E-05,0,0,1,FALSE
10,ARMC4,ENST00000305242,1628,1,6.61E-06,0,0,1,TRUE
19,ARMC6,ENST00000535612,2929,12,0.001264299,0,0,12,TRUE
2,ARMC9,ENST00000611582,996,3,0.00015509,0,0,3,FALSE
10,ARMS2,ENST00000528446,230280,6,0.000398057,0,0,6,TRUE
11,ARNTL,ENST00000403290,76,1,1.02E-06,0,0,1,FALSE
12,ARNTL2,ENST00000266503,4441,49,0.002030867,0,0,49,TRUE
3,ARPC4-TTLL3,ENST00000397256,1904,2,0.000166739,2,2.09E-06,4,TRUE
15,ARPIN,ENST00000357484,243,1,6.61E-06,0,0,1,TRUE
15,ARPIN-AP3S2,ENST00000398333,493,2,7.78E-05,0,0,2,TRUE
5,ARSI,ENST00000328668,467,1,1.53E-05,0,0,1,FALSE
4,ARSJ,ENST00000315366,473,1,6.10E-06,0,0,1,TRUE
11,ART1,ENST00000250693,3219,2,0.000968403,2,2.09E-06,4,FALSE
4,ART3,ENST00000355810,719,1,7.12E-06,0,0,1,TRUE
22,ARVCF,ENST00000263207,822,3,5.08E-05,0,0,3,FALSE
10,AS3MT,ENST00000369880,918,2,2.69E-05,0,0,2,FALSE
10,ASAH2,ENST00000395526,13045,59,0.006077332,12,1.26E-05,71,TRUE
23,ASB11,ENST00000480796,584,1,3.10E-05,0,0,1,TRUE
10,ASB13,ENST00000357700,1764,2,0.000623249,0,0,2,TRUE
7,ASB15,ENST00000451215,63271,8,0.00160454,7,7.33E-06,15,TRUE
17,ASB16,ENST00000293414,2168,21,0.000674586,3,3.14E-06,24,TRUE
1,ASB17,ENST00000284142,573,3,0.000126078,0,0,3,TRUE
2,ASB18,ENST00000409749,2699,8,0.000883036,6,6.28E-06,14,TRUE
12,ASB8,ENST00000317697,581,1,0.000176426,0,0,1,TRUE
6,ASCC3,ENST00000369162,1669,1,0.000280648,0,0,1,TRUE
11,ASCL3,ENST00000531618,98,0,NA,4,4.19E-06,4,FALSE
17,ASGR2,ENST00000254850,640,4,7.57E-05,0,0,4,TRUE
1,ASH1L,ENST00000392403,626,1,0.000278578,0,0,1,FALSE
7,ASIC3,ENST00000349064,4512,1,0.001491505,2,2.09E-06,3,TRUE
2,ASIC4,ENST00000358078,1580,5,0.000585177,0,0,5,FALSE
4,ASIC5,ENST00000537611,852,2,0.000241975,0,0,2,TRUE
23,ASMT,ENST00000381241,3713,10,0.001604933,0,0,10,TRUE
23,ASMTL,ENST00000381317,212257,2,0.000117462,0,0,2,TRUE
2,ASNSD1,ENST00000260952,1529,1,1.27E-05,0,0,1,TRUE
19,ASPDH,ENST00000389208,639,1,3.05E-05,0,0,1,FALSE
14,ASPG,ENST00000551177,2912,3,0.000879983,0,0,3,TRUE
8,ASPH,ENST00000379454,3380,24,0.001397959,0,0,24,TRUE
1,ASPM,ENST00000367409,7627,50,0.001926655,4,4.19E-06,54,TRUE
9,ASPN,ENST00000375544,1968,1,0.000851182,0,0,1,TRUE
17,ASPSCR1,ENST00000306739,4491,5,0.002130608,3,3.14E-06,8,TRUE
2,ASTL,ENST00000342380,11161,475,0.006024729,0,0,475,TRUE
7,ASZ1,ENST00000284629,406,1,2.80E-05,0,0,1,TRUE
1,ATAD3B,ENST00000673477,592,8,0.000180973,0,0,8,TRUE
1,ATAD3C,ENST00000378785,679,7,0.000176906,0,0,7,TRUE
6,ATAT1,ENST00000330083,624,2,0.000112352,0,0,2,TRUE
14,ATG2B,ENST00000359933,566,1,2.03E-06,0,0,1,TRUE
1,ATG4C,ENST00000317868,5457,6,0.001928903,5,5.24E-06,11,TRUE
7,ATG9B,ENST00000639579,3229,3,0.000349746,2,2.09E-06,5,TRUE
11,ATL3,ENST00000398868,440,2,3.00E-05,0,0,2,FALSE
11,ATM,ENST00000278616,3115,1,4.83E-05,0,0,1,FALSE
15,ATP10A,ENST00000555815,932,1,7.83E-05,0,0,1,FALSE
5,ATP10B,ENST00000327245,4363,5,0.001594181,5,5.24E-06,10,TRUE
4,ATP10D,ENST00000273859,1728,2,9.00E-05,0,0,2,FALSE
13,ATP12A,ENST00000381946,8536,4,0.000773708,4,4.19E-06,8,TRUE
3,ATP13A4,ENST00000342695,1257,1,3.56E-06,0,0,1,FALSE
3,ATP13A5,ENST00000342358,70842,202,0.009793372,86,9.01E-05,288,TRUE
1,ATP1A4,ENST00000368081,2852,4,0.000310096,2,2.09E-06,6,TRUE
12,ATP23,ENST00000300145,396,1,5.08E-06,0,0,1,FALSE
16,ATP2A1,ENST00000395503,1092,4,0.000115396,0,0,4,TRUE
17,ATP2A3,ENST00000397041,310,1,4.02E-05,0,0,1,FALSE
16,ATP2C2,ENST00000262429,16863,93,0.007410379,17,1.78E-05,110,TRUE
22,ATP5MGL,ENST00000505920,694,2,0.000268917,0,0,2,FALSE
8,ATP6V0D2,ENST00000285393,820,4,0.000156595,0,0,4,TRUE
7,ATP6V1FNB,ENST00000609480,1074,3,0.000320909,0,0,3,FALSE
13,ATP7B,ENST00000242839,2109,1,5.03E-05,0,0,1,TRUE
18,ATP8B1,ENST00000648908,486,1,5.59E-06,0,0,1,FALSE
19,ATP8B3,ENST00000310127,9697,17,0.003823782,27,2.83E-05,44,TRUE
15,ATP8B4,ENST00000284509,1633,4,4.53E-05,0,0,4,FALSE
5,ATPSCKMT,ENST00000511437,1030,2,0.00018453,5,5.24E-06,7,FALSE
2,ATRAID,ENST00000611786,360,1,3.56E-06,0,0,1,FALSE
20,ATRN,ENST00000262919,785,13,0.000371229,0,0,13,TRUE
23,ATXN3L,ENST00000380622,624,2,0.000319261,0,0,2,TRUE
1,AUNIP,ENST00000374298,11673,34,0.004594539,15,1.57E-05,49,TRUE
19,AURKC,ENST00000302804,939,1,0.000164211,0,0,1,TRUE
12,AVIL,ENST00000257861,1912,1,1.02E-06,2,2.09E-06,3,TRUE
1,AXDND1,ENST00000367618,34249,4,0.000869515,2,2.09E-06,6,TRUE
19,AXL,ENST00000301178,283,1,1.53E-06,0,0,1,FALSE
13,B3GLCT,ENST00000343307,2321,2,0.000990422,0,0,2,TRUE
17,B3GNTL1,ENST00000320865,1335,1,0.000289251,0,0,1,FALSE
17,B4GALNT2,ENST00000393354,632,1,4.98E-05,0,0,1,FALSE
8,BAALC,ENST00000309982,184,1,5.24E-05,0,0,1,FALSE
21,BACH1,ENST00000286800,261,2,3.51E-05,0,0,2,TRUE
9,BAG1,ENST00000634734,447,5,9.86E-05,0,0,5,TRUE
8,BAG4,ENST00000287322,495,1,0.000192158,0,0,1,FALSE
14,BAG5,ENST00000445922,663,2,2.54E-06,0,0,2,FALSE
15,BAHD1,ENST00000416165,344,8,0.000167756,0,0,8,TRUE
4,BANK1,ENST00000322953,2035,2,0.000147428,3,3.14E-06,5,FALSE
14,BBOF1,ENST00000394009,725,1,5.69E-05,0,0,1,FALSE
11,BBOX1,ENST00000263182,1369,3,0.00013524,0,0,3,TRUE
4,BBS7,ENST00000264499,688,1,7.22E-05,0,0,1,FALSE
20,BCAS4,ENST00000371608,687,1,1.63E-05,0,0,1,FALSE
19,BCAT2,ENST00000316273,389,1,2.03E-06,0,0,1,FALSE
10,BCCIP,ENST00000278100,900,1,2.90E-05,0,0,1,FALSE
3,BCHE,ENST00000264381,1708,5,0.000498695,0,0,5,TRUE
19,BCKDHA,ENST00000269980,382,1,5.59E-06,0,0,1,FALSE
15,BCL2A1,ENST00000267953,39,1,4.07E-06,0,0,1,FALSE
19,BCL2L12,ENST00000616144,2670,0,NA,3,3.14E-06,3,TRUE
16,BCL7C,ENST00000215115,845,1,5.08E-06,0,0,1,FALSE
11,BCO2,ENST00000357685,2477,5,0.000817435,6,6.28E-06,11,TRUE
14,BDKRB1,ENST00000216629,6,0,NA,2,2.09E-06,2,FALSE
5,BDP1,ENST00000358731,1237,1,4.98E-05,0,0,1,FALSE
1,BECN2,ENST00000419583,9,0,NA,2,2.09E-06,2,FALSE
10,BEND7,ENST00000341083,17183,1156,0.009832536,2,2.09E-06,1158,FALSE
12,BEST3,ENST00000330891,53498,3,3.56E-05,0,0,3,TRUE
20,BFSP1,ENST00000377873,3543,3,0.001700293,0,0,3,TRUE
1,BGLAP,ENST00000368272,1132,2,0.000354827,0,0,2,TRUE
12,BHLHE41,ENST00000242728,409,1,0.00012302,0,0,1,TRUE
5,BHMT2,ENST00000255192,2601,7,0.000910985,0,0,7,TRUE
16,BICDL2,ENST00000572449,7604,3,0.003238704,3,3.14E-06,6,TRUE
8,BIN3,ENST00000276416,436,2,1.63E-05,0,0,2,TRUE
20,BIRC7,ENST00000217169,347,1,3.97E-05,0,0,1,TRUE
8,BLK,ENST00000259089,916,1,1.02E-06,0,0,1,FALSE
15,BLOC1S6,ENST00000220531,245,2,2.39E-05,0,0,2,TRUE
19,BLVRB,ENST00000263368,593,3,4.12E-05,0,0,3,TRUE
1,BLZF1,ENST00000367808,532,1,1.83E-05,0,0,1,TRUE
4,BMP2K,ENST00000335016,4544,19,0.002175281,0,0,19,TRUE
6,BNIP5,ENST00000437635,967,1,4.83E-05,0,0,1,TRUE
1,BNIPL,ENST00000368931,1367,6,0.000407254,0,0,6,TRUE
5,BOD1,ENST00000311086,436,1,0.000138271,0,0,1,FALSE
6,BPHL,ENST00000380379,17897,1067,0.009804658,41,4.29E-05,1108,TRUE
20,BPI,ENST00000642449,842,2,0.000179955,0,0,2,FALSE
20,BPIFA2,ENST00000354932,2017,16,0.000940031,0,0,16,TRUE
20,BPIFA3,ENST00000375454,5709,39,0.002850834,0,0,39,TRUE
20,BPIFB2,ENST00000170150,346,1,2.59E-05,0,0,1,FALSE
20,BPIFB3,ENST00000375494,22627,145,0.011396262,66,6.91E-05,211,TRUE
20,BPIFB4,ENST00000375483,950,1,9.66E-06,0,0,1,TRUE
20,BPIFB6,ENST00000349552,4748,32,0.002166096,29,3.04E-05,61,TRUE
22,BPIFC,ENST00000397452,960,5,0.00029434,2,2.09E-06,7,TRUE
13,BRCA2,ENST00000380152,2760,0,NA,25,2.62E-05,25,FALSE
5,BRD8,ENST00000254900,489,1,9.66E-06,0,0,1,TRUE
1,BRDT,ENST00000402388,596,1,1.07E-05,0,0,1,FALSE
16,BRICD5,ENST00000328540,1235,0,NA,2,2.09E-06,2,TRUE
1,BROX,ENST00000340934,711,5,0.000103211,0,0,5,TRUE
19,BSPH1,ENST00000344839,304,4,4.12E-05,0,0,4,FALSE
4,BST1,ENST00000265016,733,1,4.63E-05,0,0,1,TRUE
6,BTBD9,ENST00000481247,369,1,1.88E-05,0,0,1,FALSE
21,BTG3,ENST00000348354,92,1,3.36E-05,0,0,1,FALSE
6,BTN1A1,ENST00000244513,374,1,1.93E-05,0,0,1,FALSE
6,BTN2A1,ENST00000312541,1689,2,0.000364772,3,3.14E-06,5,TRUE
6,BTN2A2,ENST00000356709,798,2,8.59E-05,0,0,2,TRUE
6,BTN3A2,ENST00000377708,72276,3,3.66E-05,0,0,3,TRUE
6,BTN3A3,ENST00000244519,10814,61,0.005028077,4,4.19E-06,65,TRUE
6,BTNL2,ENST00000454136,8947,85,0.004398405,68,7.12E-05,153,TRUE
5,BTNL3,ENST00000342868,39,1,4.07E-06,0,0,1,TRUE
5,BTNL8,ENST00000340184,1074,4,0.000391937,0,0,4,TRUE
5,BTNL9,ENST00000327705,19464,133,0.009784292,7,7.33E-06,140,TRUE
10,C10orf53,ENST00000374111,6261,17,0.00286406,3,3.14E-06,20,TRUE
10,C10orf90,ENST00000284694,5785,106,0.002676453,0,0,106,TRUE
11,C11orf16,ENST00000326053,14956,688,0.007745301,6,6.28E-06,694,TRUE
11,C11orf21,ENST00000381153,7395,156,0.003879384,0,0,156,TRUE
11,C11orf42,ENST00000316375,372,1,1.07E-05,0,0,1,FALSE
11,C11orf49,ENST00000278460,1427,2,9.40E-05,0,0,2,FALSE
11,C11orf54,ENST00000354421,1611,2,0.000452432,2,2.09E-06,4,TRUE
11,C11orf58,ENST00000228136,32,1,1.02E-06,0,0,1,FALSE
11,C11orf65,ENST00000393084,3511,6,0.001650234,0,0,6,FALSE
11,C11orf80,ENST00000540737,503,1,1.53E-05,0,0,1,FALSE
11,C11orf88,ENST00000332814,608,4,0.000162684,0,0,4,TRUE
11,C11orf94,ENST00000449465,5173,4,0.002494794,0,0,4,TRUE
12,C12orf4,ENST00000261250,541,1,4.07E-05,0,0,1,FALSE
12,C12orf40,ENST00000324616,790,1,3.05E-06,0,0,1,FALSE
12,C12orf42,ENST00000548883,508,1,7.68E-05,0,0,1,FALSE
12,C12orf50,ENST00000298699,330,1,2.55E-06,0,0,1,FALSE
12,C12orf54,ENST00000548364,303,2,8.39E-05,0,0,2,FALSE
12,C12orf56,ENST00000543942,3963,4,0.000886566,0,0,4,TRUE
12,C12orf73,ENST00000378090,7208,18,0.003630594,0,0,18,TRUE
14,C14orf119,ENST00000319074,420,1,8.85E-05,0,0,1,FALSE
14,C14orf177,ENST00000325812,2939,40,0.001523011,0,0,40,TRUE
14,C14orf180,ENST00000557649,399,3,0.00012506,0,0,3,TRUE
14,C14orf28,ENST00000325192,664,4,6.05E-05,0,0,4,FALSE
15,C15orf40,ENST00000304177,1019,2,0.000444306,0,0,2,FALSE
15,C15orf48,ENST00000396650,11288,37,0.005498362,10,1.05E-05,47,TRUE
16,C16orf58,ENST00000327237,2754,1,0.000725942,0,0,1,FALSE
16,C16orf71,ENST00000299320,2143,6,0.00068985,0,0,6,TRUE
16,C16orf74,ENST00000284245,3659,26,0.001854163,0,0,26,TRUE
16,C16orf78,ENST00000299191,1018,2,0.000418371,0,0,2,TRUE
16,C16orf89,ENST00000472572,625,2,4.22E-05,0,0,2,TRUE
16,C16orf90,ENST00000437192,417,1,1.53E-06,0,0,1,TRUE
16,C16orf92,ENST00000300575,651,1,8.13E-05,0,0,1,TRUE
16,C16orf96,ENST00000444310,3055,6,0.000656321,7,7.33E-06,13,TRUE
17,C17orf107,ENST00000381365,4466,85,0.002318175,9,9.42E-06,94,TRUE
17,C17orf50,ENST00000605587,819,3,0.00027807,0,0,3,TRUE
17,C17orf80,ENST00000359042,9946,25,0.004444768,10,1.05E-05,35,TRUE
17,C17orf97,ENST00000360127,2329,2,0.001026375,0,0,2,TRUE
17,C17orf99,ENST00000340363,2113,3,0.000766124,4,4.19E-06,7,TRUE
18,C18orf54,ENST00000620105,1187,3,0.00020436,0,0,3,FALSE
18,C18orf63,ENST00000579455,1344,3,0.000202834,0,0,3,TRUE
19,C19orf18,ENST00000314391,365,1,2.54E-05,0,0,1,FALSE
19,C19orf25,ENST00000585675,8688,30,0.004439022,0,0,30,TRUE
19,C19orf44,ENST00000221671,2917,3,0.000595278,0,0,3,TRUE
19,C19orf57,ENST00000346736,4387,40,0.002038988,0,0,40,TRUE
19,C19orf71,ENST00000329493,19487,243,0.009941761,55,5.76E-05,298,TRUE
19,C19orf73,ENST00000408991,500,7,0.000247578,0,0,7,FALSE
1,C1QA,ENST00000374642,60,1,1.42E-05,0,0,1,FALSE
10,C1QL3,ENST00000298943,15,2,3.05E-06,0,0,2,FALSE
17,C1QTNF1,ENST00000579760,184,1,5.39E-05,0,0,1,FALSE
1,C1QTNF12,ENST00000330388,6184,43,0.002862625,41,4.29E-05,84,TRUE
5,C1QTNF2,ENST00000652664,305,1,7.63E-05,0,0,1,FALSE
5,C1QTNF3,ENST00000382065,689,3,0.000234863,0,0,3,TRUE
11,C1QTNF5,ENST00000528368,1048,1,0.00050504,0,0,1,TRUE
16,C1QTNF8,ENST00000328449,7484,131,0.003568103,4,4.19E-06,135,TRUE
12,C1RL,ENST00000266542,313,1,1.58E-05,0,0,1,FALSE
1,C1orf100,ENST00000308105,502,2,0.000142338,0,0,2,FALSE
1,C1orf116,ENST00000359470,14234,64,0.007262909,6,6.28E-06,70,TRUE
1,C1orf127,ENST00000377004,425,0,NA,2,2.09E-06,2,FALSE
1,C1orf167,ENST00000433342,48202,17,0.00133749,6,6.28E-06,23,TRUE
1,C1orf185,ENST00000371759,496,1,0.000115914,4,4.19E-06,5,FALSE
1,C1orf194,ENST00000369948,5281,57,0.002578711,0,0,57,TRUE
1,C1orf216,ENST00000270815,1696,1,0.000695517,0,0,1,TRUE
1,C1orf50,ENST00000372525,998,2,0.000129637,0,0,2,FALSE
1,C1orf53,ENST00000367393,1080,2,0.000351778,0,0,2,FALSE
1,C1orf56,ENST00000368926,3090,2,0.001361399,0,0,2,TRUE
1,C1orf87,ENST00000371201,3226,16,0.001023822,2,2.09E-06,18,TRUE
1,C1orf94,ENST00000488417,1010,2,0.000170298,0,0,2,TRUE
6,C2,ENST00000299367,651,2,9.15E-05,0,0,2,TRUE
20,C20orf141,ENST00000603872,2974,9,0.001400015,0,0,9,TRUE
20,C20orf202,ENST00000400633,1882,4,0.00093892,5,5.24E-06,9,TRUE
20,C20orf203,ENST00000608990,269,1,5.90E-05,0,0,1,FALSE
20,C20orf96,ENST00000360321,3914,8,0.001674632,2,2.09E-06,10,TRUE
22,C22orf15,ENST00000402217,2097,15,0.0007976,0,0,15,TRUE
22,C22orf23,ENST00000403305,2223,1,0.000720868,0,0,1,TRUE
22,C22orf39,ENST00000399562,6425,15,0.002999843,4,4.19E-06,19,TRUE
22,C22orf42,ENST00000382097,1961,5,0.000781974,2,2.09E-06,7,FALSE
11,C2CD3,ENST00000334126,1923,2,3.30E-05,0,0,2,TRUE
2,C2CD6,ENST00000439140,6372,11,0.002158539,12,1.26E-05,23,TRUE
2,C2orf16,ENST00000408964,19,0,NA,2,2.09E-06,2,FALSE
2,C2orf73,ENST00000398634,6226,102,0.003062301,2,2.09E-06,104,TRUE
2,C2orf78,ENST00000409561,237,1,4.07E-05,0,0,1,FALSE
2,C2orf80,ENST00000341287,666,2,0.000169796,0,0,2,TRUE
2,C2orf81,ENST00000290390,259,2,0.000105915,0,0,2,FALSE
3,C3orf14,ENST00000462069,348,1,2.54E-05,0,0,1,TRUE
3,C3orf20,ENST00000253697,2787,8,0.000946547,3,3.14E-06,11,TRUE
3,C3orf52,ENST00000264848,276,1,2.54E-06,0,0,1,FALSE
3,C3orf62,ENST00000343010,470,1,5.59E-06,0,0,1,TRUE
3,C3orf67,ENST00000482387,798,1,8.64E-06,0,0,1,FALSE
3,C3orf84,ENST00000545770,354,1,3.20E-05,0,0,1,FALSE
6,C4A,ENST00000428956,0,1,1.02E-06,0,0,1,TRUE
6,C4B,ENST00000435363,60,9,3.97E-05,0,0,9,TRUE
4,C4orf17,ENST00000326581,25797,6,0.00670816,92,9.63E-05,98,TRUE
4,C4orf33,ENST00000425929,8005,200,0.004122241,0,0,200,TRUE
4,C4orf36,ENST00000295898,374,1,4.22E-05,0,0,1,FALSE
4,C4orf47,ENST00000378850,31715,51,0.00406459,3,3.14E-06,54,TRUE
4,C4orf50,ENST00000531445,17755,98,0.008650765,6,6.28E-06,104,TRUE
4,C4orf51,ENST00000438731,4298,22,0.002126478,10,1.05E-05,32,TRUE
4,C4orf54,ENST00000511828,9019,16,0.003469486,8,8.38E-06,24,TRUE
9,C5,ENST00000223642,1200,2,0.000111843,0,0,2,TRUE
5,C5orf15,ENST00000231512,484,1,0.000145897,0,0,1,FALSE
5,C5orf34,ENST00000306862,1008,1,1.02E-06,0,0,1,TRUE
5,C5orf49,ENST00000399810,7828,125,0.004068302,0,0,125,TRUE
5,C5orf52,ENST00000409999,3389,2,0.000643061,8,8.38E-06,10,FALSE
5,C5orf63,ENST00000296662,2088,14,0.000933839,0,0,14,TRUE
5,C6,ENST00000337836,9894,36,0.004399076,20,2.09E-05,56,TRUE
6,C6orf132,ENST00000341865,1041,4,0.000113373,0,0,4,TRUE
6,C6orf15,ENST00000259870,23,1,2.03E-06,0,0,1,FALSE
5,C7,ENST00000313164,2452,1,3.00E-05,0,0,1,TRUE
7,C7orf31,ENST00000283905,985,1,6.61E-05,0,0,1,TRUE
7,C7orf33,ENST00000307003,681,1,0.000156067,0,0,1,FALSE
7,C7orf61,ENST00000332375,1116,3,0.00045243,0,0,3,FALSE
7,C7orf77,ENST00000616258,1164,3,0.000521627,0,0,3,TRUE
1,C8A,ENST00000361249,918,2,3.05E-06,0,0,2,FALSE
1,C8B,ENST00000371237,4202,8,0.001391354,0,0,8,TRUE
9,C8G,ENST00000371634,1556,2,0.000173867,0,0,2,TRUE
8,C8orf34,ENST00000518698,46951,6,0.001518642,2,2.09E-06,8,TRUE
8,C8orf44,ENST00000519561,9720,41,0.004883256,73,7.64E-05,114,TRUE
8,C8orf44-SGK3,ENST00000519289,406,2,4.53E-05,0,0,2,FALSE
8,C8orf74,ENST00000304519,3112,2,0.001410192,2,2.09E-06,4,TRUE
8,C8orf82,ENST00000524821,489,1,4.73E-05,0,0,1,FALSE
8,C8orf89,ENST00000624510,8093,214,0.004111704,8,8.38E-06,222,TRUE
5,C9,ENST00000263408,4858,9,0.001655706,3,3.14E-06,12,TRUE
9,C9orf135,ENST00000377197,927,6,0.00017996,0,0,6,TRUE
9,C9orf24,ENST00000297623,254,1,3.56E-06,0,0,1,FALSE
9,C9orf43,ENST00000374165,135272,2,7.22E-05,0,0,2,TRUE
9,C9orf57,ENST00000651200,958,1,0.000337036,0,0,1,TRUE
9,C9orf64,ENST00000376344,378,1,2.90E-05,0,0,1,FALSE
9,C9orf85,ENST00000334731,2876,1,0.001199943,0,0,1,TRUE
8,CA1,ENST00000523022,197,1,1.27E-05,0,0,1,FALSE
15,CA12,ENST00000178638,3382,2,0.001191088,0,0,2,TRUE
8,CA13,ENST00000321764,354,1,1.73E-05,0,0,1,TRUE
1,CA14,ENST00000369111,1384,3,0.000100654,0,0,3,TRUE
23,CA5B,ENST00000318636,436,1,4.02E-05,0,0,1,TRUE
9,CA9,ENST00000378357,1228,2,0.00036957,0,0,2,TRUE
13,CAB39L,ENST00000409308,1112,3,0.000255702,0,0,3,FALSE
12,CABP1,ENST00000288616,267,1,0.000104213,0,0,1,FALSE
11,CABP2,ENST00000294288,1765,2,0.000836244,0,0,2,TRUE
11,CABP4,ENST00000325656,788,1,6.10E-06,0,0,1,TRUE
18,CABYR,ENST00000399496,1044,1,0.00015708,0,0,1,TRUE
17,CACNA1G,ENST00000359106,988,4,0.000396523,0,0,4,FALSE
16,CACNA1H,ENST00000348261,1384,16,0.000359412,0,0,16,FALSE
1,CACNA1S,ENST00000362061,1159,2,6.41E-05,5,5.24E-06,7,FALSE
12,CACNA2D4,ENST00000382722,3615,6,0.000262842,0,0,6,TRUE
19,CACNG6,ENST00000252729,697,3,0.000152551,0,0,3,TRUE
6,CAGE1,ENST00000502583,2262,1,0.000732025,0,0,1,TRUE
17,CALCOCO2,ENST00000258947,181,1,4.07E-06,0,0,1,TRUE
7,CALCR,ENST00000426151,1243,1,9.15E-06,0,0,1,FALSE
10,CALHM1,ENST00000329905,460,2,9.91E-05,0,0,2,TRUE
10,CALHM2,ENST00000260743,21135,3,0.00065272,0,0,3,TRUE
6,CALHM4,ENST00000368596,372,1,2.64E-05,0,0,1,FALSE
15,CALML4,ENST00000467889,45524,9,0.001775819,2,2.09E-06,11,TRUE
7,CALN1,ENST00000395275,1239,3,0.000544451,0,0,3,TRUE
2,CAPG,ENST00000263867,1977,5,0.000649172,2,2.09E-06,7,TRUE
2,CAPN10,ENST00000391984,625,1,4.22E-05,0,0,1,FALSE
6,CAPN11,ENST00000398776,111467,4,0.000580045,0,0,4,TRUE
19,CAPN12,ENST00000328867,3821,7,0.000533773,0,0,7,TRUE
2,CAPN13,ENST00000295055,1764,3,0.000143867,0,0,3,FALSE
2,CAPN14,ENST00000403897,2070,5,0.000259259,0,0,5,TRUE
1,CAPN2,ENST00000295006,672,2,2.54E-06,0,0,2,TRUE
15,CAPN3,ENST00000397163,1764,2,0.000150983,0,0,2,TRUE
3,CAPN7,ENST00000253693,817,1,1.73E-05,0,0,1,FALSE
1,CAPN8,ENST00000366872,684,1,9.56E-05,0,0,1,TRUE
1,CAPN9,ENST00000271971,13490,116,0.00635732,37,3.87E-05,153,TRUE
16,CAPNS2,ENST00000457326,323,1,3.56E-06,0,0,1,TRUE
12,CAPS2,ENST00000393284,11475,32,0.005441519,9,9.42E-06,41,TRUE
5,CAPSL,ENST00000651391,395,0,NA,2,2.09E-06,2,TRUE
17,CARD14,ENST00000648509,1361,2,8.13E-06,0,0,2,TRUE
11,CARD17,ENST00000375707,11342,390,0.006122171,0,0,390,TRUE
11,CARD18,ENST00000530950,314,1,0.000105736,0,0,1,TRUE
9,CARD19,ENST00000375464,591,1,1.02E-06,0,0,1,FALSE
19,CARD8,ENST00000651546,90195,3,0.00034776,0,0,3,TRUE
9,CARD9,ENST00000371732,10080,33,0.005013934,2,2.09E-06,35,TRUE
2,CARF,ENST00000438828,10080,37,0.00488259,3,3.14E-06,40,TRUE
16,CARHSP1,ENST00000311052,203,1,1.02E-06,0,0,1,FALSE
14,CARMIL3,ENST00000342740,688,2,6.20E-05,0,0,2,FALSE
13,CARS2,ENST00000257347,11131,78,0.005431663,6,6.28E-06,84,TRUE
12,CASC1,ENST00000395987,1179,1,1.32E-05,2,2.09E-06,3,TRUE
11,CASP1,ENST00000533400,399,2,0.000100145,0,0,2,FALSE
2,CASP10,ENST00000286186,1581,1,0.000404137,0,0,1,TRUE
19,CASP14,ENST00000427043,1204,4,0.000450403,0,0,4,TRUE
11,CASP4,ENST00000444739,3200,11,0.001199713,6,6.28E-06,17,TRUE
11,CASP5,ENST00000260315,4919,4,0.001477846,2,2.09E-06,6,TRUE
4,CASP6,ENST00000265164,643,1,4.27E-05,0,0,1,FALSE
10,CASP7,ENST00000369318,542,1,1.02E-05,0,0,1,FALSE
1,CASQ1,ENST00000368078,3261,6,0.001425459,0,0,6,TRUE
11,CAT,ENST00000241052,473,1,1.27E-05,0,0,1,FALSE
15,CATSPER2,ENST00000396879,708,5,7.63E-05,0,0,5,TRUE
14,CATSPERB,ENST00000256343,1618,2,0.000390417,0,0,2,FALSE
19,CATSPERG,ENST00000409235,3492,3,0.000310066,4,4.19E-06,7,TRUE
11,CAVIN3,ENST00000303927,231,1,1.02E-06,0,0,1,FALSE
16,CBFA2T3,ENST00000268679,163,1,1.07E-05,0,0,1,FALSE
19,CBLC,ENST00000647358,31482,12,0.000966313,0,0,12,TRUE
21,CBR1,ENST00000290349,106,1,1.12E-05,0,0,1,FALSE
21,CBR3,ENST00000290354,328,1,5.08E-06,0,0,1,FALSE
4,CBR4,ENST00000306193,477,2,8.24E-05,0,0,2,TRUE
21,CBS,ENST00000398165,0,1,1.02E-06,0,0,1,TRUE
9,CBWD1,ENST00000377400,3,1,1.53E-06,0,0,1,TRUE
9,CBWD5,ENST00000382405,3,1,1.53E-06,0,0,1,TRUE
22,CBY1,ENST00000216029,409,7,0.0001744,0,0,7,TRUE
13,CBY2,ENST00000310521,217575,1,0.00013323,0,0,1,TRUE
5,CBY3,ENST00000376974,264,1,0.000114381,2,2.09E-06,3,FALSE
19,CC2D1A,ENST00000318003,1235,3,0.000353169,0,0,3,TRUE
1,CC2D1B,ENST00000284376,1493,3,9.05E-05,0,0,3,FALSE
10,CC2D2B,ENST00000646931,5885,38,0.001563803,17,1.78E-05,55,TRUE
18,CCDC102B,ENST00000360242,3406,6,0.00125516,0,0,6,TRUE
19,CCDC105,ENST00000292574,3413,2,0.001572325,14,1.47E-05,16,TRUE
19,CCDC106,ENST00000586790,89,1,1.42E-05,0,0,1,FALSE
4,CCDC110,ENST00000307588,3992,12,0.001128625,0,0,12,TRUE
16,CCDC113,ENST00000219299,3191,14,0.001305219,0,0,14,TRUE
3,CCDC13,ENST00000310232,1386,4,7.98E-05,0,0,4,TRUE
2,CCDC138,ENST00000295124,945,3,0.000129632,0,0,3,TRUE
2,CCDC141,ENST00000443758,3852,5,0.000168788,3,3.14E-06,8,TRUE
2,CCDC142,ENST00000393965,893,1,1.53E-06,0,0,1,TRUE
7,CCDC146,ENST00000285871,1602,2,5.03E-05,0,0,2,TRUE
2,CCDC148,ENST00000283233,1558,4,0.000130139,0,0,4,TRUE
11,CCDC15,ENST00000344762,1953,2,8.13E-05,0,0,2,TRUE
2,CCDC150,ENST00000389175,25636,3,9.00E-05,0,0,3,TRUE
11,CCDC153,ENST00000503566,11390,327,0.005573545,62,6.49E-05,389,TRUE
16,CCDC154,ENST00000389176,11031,40,0.005099389,6,6.28E-06,46,TRUE
19,CCDC155,ENST00000447857,810,1,2.24E-05,0,0,1,TRUE
22,CCDC157,ENST00000405659,1419,1,0.000208934,0,0,1,TRUE
4,CCDC158,ENST00000388914,2244,2,2.34E-05,2,2.09E-06,4,TRUE
19,CCDC159,ENST00000458408,1399,4,0.000535801,0,0,4,FALSE
8,CCDC166,ENST00000542437,344,1,0.000128612,0,0,1,FALSE
13,CCDC168,ENST00000322527,68,0,NA,20,2.09E-05,20,FALSE
1,CCDC17,ENST00000528266,8358,24,0.003447624,7,7.33E-06,31,TRUE
6,CCDC170,ENST00000239374,1769,2,0.000296368,3,3.14E-06,5,TRUE
9,CCDC171,ENST00000380701,3292,4,0.000308577,5,5.24E-06,9,TRUE
2,CCDC173,ENST00000447353,2376,5,0.000411819,2,2.09E-06,7,TRUE
14,CCDC175,ENST00000537690,4151,5,0.000141353,3,3.14E-06,8,TRUE
18,CCDC178,ENST00000300227,6454,20,0.002433422,3,3.14E-06,23,TRUE
1,CCDC18,ENST00000401026,2146,3,0.000132706,0,0,3,TRUE
9,CCDC180,ENST00000529487,3698,7,0.000307566,6,6.28E-06,13,TRUE
9,CCDC183,ENST00000338005,7255,15,0.002944884,5,5.24E-06,20,TRUE
9,CCDC187,ENST00000638797,925,2,3.25E-05,26,2.72E-05,28,TRUE
22,CCDC188,ENST00000439765,1179,1,1.17E-05,0,0,1,FALSE
16,CCDC189,ENST00000543610,1296,8,0.000304501,0,0,8,TRUE
3,CCDC191,ENST00000295878,31753,17,0.001329859,5,5.24E-06,22,TRUE
14,CCDC198,ENST00000216445,56662,3,0.000585634,0,0,3,TRUE
1,CCDC24,ENST00000372318,449,1,1.02E-06,0,0,1,FALSE
1,CCDC27,ENST00000294600,2441,6,0.000628319,4,4.19E-06,10,TRUE
6,CCDC28A,ENST00000617445,1015,1,0.00019319,0,0,1,FALSE
1,CCDC28B,ENST00000373602,106,1,1.02E-06,0,0,1,FALSE
10,CCDC3,ENST00000378825,10410,167,0.004877716,20,2.09E-05,187,TRUE
1,CCDC30,ENST00000428554,2777,5,0.000903915,0,0,5,TRUE
15,CCDC33,ENST00000398814,1339,1,2.54E-06,0,0,1,TRUE
11,CCDC34,ENST00000328697,1922,0,NA,2,2.09E-06,2,FALSE
12,CCDC38,ENST00000344280,2056,3,0.000363491,0,0,3,FALSE
3,CCDC39,ENST00000476379,1596,0,NA,19,1.99E-05,19,FALSE
17,CCDC43,ENST00000315286,345,1,5.90E-05,0,0,1,TRUE
3,CCDC50,ENST00000392455,551,1,2.08E-05,0,0,1,FALSE
3,CCDC54,ENST00000261058,829,8,0.000302976,0,0,8,TRUE
12,CCDC60,ENST00000327554,2842,6,0.001068098,3,3.14E-06,9,TRUE
19,CCDC61,ENST00000595358,538,1,3.36E-05,0,0,1,TRUE
12,CCDC63,ENST00000308208,4323,7,0.0014433,3,3.14E-06,10,TRUE
3,CCDC66,ENST00000394672,25919,64,0.010451163,128,0.00013403,192,TRUE
5,CCDC69,ENST00000355417,712,3,8.95E-05,0,0,3,TRUE
10,CCDC7,ENST00000277657,201890,33,0.004875072,8,8.38E-06,41,TRUE
11,CCDC73,ENST00000335185,1869,4,0.000164709,3,3.14E-06,7,TRUE
2,CCDC74A,ENST00000409856,198,2,4.07E-06,0,0,2,TRUE
2,CCDC74B,ENST00000409943,5581,59,0.002581457,3,3.14E-06,62,TRUE
12,CCDC77,ENST00000239830,1886,3,0.000224207,2,2.09E-06,5,TRUE
16,CCDC78,ENST00000345165,5525,3,0.001980528,4,4.19E-06,7,TRUE
19,CCDC8,ENST00000307522,718,1,0.000120987,0,0,1,FALSE
3,CCDC80,ENST00000206423,393,1,4.47E-05,0,0,1,FALSE
11,CCDC83,ENST00000342404,876,2,0.000246044,0,0,2,TRUE
11,CCDC84,ENST00000334418,1235,1,7.12E-06,0,0,1,FALSE
11,CCDC88B,ENST00000356786,1230,1,6.10E-06,0,0,1,FALSE
19,CCDC9,ENST00000221922,3364,2,0.001502182,0,0,2,FALSE
6,CCHCR1,ENST00000376266,5538,14,0.002406522,0,0,14,TRUE
17,CCL13,ENST00000225844,185,1,7.63E-05,0,0,1,FALSE
17,CCL14,ENST00000618404,87,1,2.08E-05,0,0,1,FALSE
17,CCL23,ENST00000615050,100,1,3.05E-06,0,0,1,FALSE
7,CCL26,ENST00000005180,15811,78,0.008088442,0,0,78,TRUE
17,CCL3L1,ENST00000619989,21,3,1.37E-05,0,0,3,TRUE
17,CCL4,ENST00000615863,3745,43,0.001924113,0,0,43,TRUE
20,CCM2L,ENST00000452892,530,1,2.69E-05,0,0,1,FALSE
6,CCN2,ENST00000367976,84,1,1.02E-05,0,0,1,TRUE
20,CCN5,ENST00000372868,236,1,6.00E-05,0,0,1,FALSE
19,CCNE1,ENST00000262643,70,1,5.08E-06,0,0,1,FALSE
4,CCNI,ENST00000237654,182,1,4.78E-05,0,0,1,FALSE
5,CCNI2,ENST00000378731,4454,36,0.002020274,3,3.14E-06,39,TRUE
3,CCR5,ENST00000292303,70,0,NA,2,2.09E-06,2,FALSE
17,CCT6B,ENST00000314144,10340,47,0.004894918,3,3.14E-06,50,TRUE
22,CCT8L2,ENST00000359963,16563,307,0.008456935,69,7.23E-05,376,TRUE
7,CCZ1,ENST00000325974,14,1,6.10E-06,0,0,1,TRUE
6,CD109,ENST00000287097,2154,3,0.000167761,4,4.19E-06,7,TRUE
12,CD163L1,ENST00000313599,4002,6,0.001251075,2,2.09E-06,8,TRUE
1,CD164L2,ENST00000374030,149,1,1.02E-06,0,0,1,FALSE
19,CD177,ENST00000618265,5991,57,0.002889976,3,3.14E-06,60,TRUE
1,CD1A,ENST00000289429,1751,2,0.000451413,0,0,2,TRUE
1,CD1B,ENST00000368168,4205,5,0.001887506,0,0,5,TRUE
1,CD1C,ENST00000368170,2764,18,0.001112349,0,0,18,TRUE
1,CD1D,ENST00000674085,840,3,6.66E-05,0,0,3,TRUE
2,CD207,ENST00000410009,2596,14,0.001091946,0,0,14,TRUE
19,CD209,ENST00000315599,258,2,5.19E-05,0,0,2,TRUE
15,CD276,ENST00000318443,1680,1,5.60E-06,0,0,1,TRUE
17,CD300A,ENST00000360141,6402,74,0.003181764,0,0,74,TRUE
17,CD300C,ENST00000330793,3974,40,0.001755841,0,0,40,TRUE
17,CD300LF,ENST00000326165,1083,1,0.000135729,0,0,1,FALSE
17,CD300LG,ENST00000317310,390,2,4.93E-05,0,0,2,FALSE
2,CD302,ENST00000259053,1153,1,0.000350261,0,0,1,TRUE
19,CD33,ENST00000262262,47405,15,0.00138545,0,0,15,TRUE
7,CD36,ENST00000447544,27391,607,0.009368586,953,0.00099788,1560,TRUE
4,CD38,ENST00000226279,1847,1,0.000533766,2,2.09E-06,3,TRUE
11,CD44,ENST00000428726,933,3,0.000304177,0,0,3,TRUE
1,CD5L,ENST00000368174,5999,17,0.002851844,0,0,17,TRUE
20,CD93,ENST00000246006,689,1,1.42E-05,0,0,1,FALSE
3,CD96,ENST00000352690,3239,12,0.001228982,0,0,12,TRUE
13,CDADC1,ENST00000251108,987,1,3.10E-05,2,2.09E-06,3,TRUE
9,CDC14B,ENST00000375241,199,1,2.44E-05,0,0,1,FALSE
5,CDC20B,ENST00000381375,5616,70,0.002340493,2,2.09E-06,72,TRUE
5,CDC25C,ENST00000323760,434,1,2.75E-05,0,0,1,FALSE
19,CDC34,ENST00000215574,179,1,5.03E-05,0,0,1,FALSE
8,CDCA2,ENST00000330560,832,1,4.58E-06,0,0,1,TRUE
1,CDCP2,ENST00000371330,796,0,NA,21,2.20E-05,21,FALSE
16,CDH15,ENST00000289746,1819,2,0.000612232,0,0,2,FALSE
8,CDH17,ENST00000027335,874,1,0.000151996,0,0,1,TRUE
18,CDH19,ENST00000262150,877,1,1.53E-06,0,0,1,TRUE
10,CDH23,ENST00000224721,1536,0,NA,2,2.09E-06,2,TRUE
20,CDH26,ENST00000348616,3764,8,0.001005009,2,2.09E-06,10,TRUE
7,CDHR3,ENST00000317716,2832,2,4.58E-05,0,0,2,TRUE
3,CDHR4,ENST00000412678,6832,31,0.002953287,3,3.14E-06,34,TRUE
11,CDHR5,ENST00000397542,4468,56,0.001683358,6,6.28E-06,62,TRUE
1,CDK11A,ENST00000404249,742,29,0.00031521,0,0,29,TRUE
17,CDK12,ENST00000447079,1364,18,0.00068933,0,0,18,TRUE
2,CDK15,ENST00000652192,3109,2,4.73E-05,3,3.14E-06,5,TRUE
4,CDKL2,ENST00000307465,15783,91,0.007851749,2,2.09E-06,93,TRUE
5,CDKL3,ENST00000265334,1325,3,5.29E-05,0,0,3,TRUE
2,CDKL4,ENST00000378803,2274,15,0.001005093,0,0,15,TRUE
11,CDON,ENST00000263577,1342,1,0.000267417,0,0,1,TRUE
17,CDR2L,ENST00000337231,149,1,1.02E-06,0,0,1,FALSE
17,CDRT1,ENST00000395906,681,2,3.25E-05,0,0,2,TRUE
17,CDRT15L2,ENST00000399044,300,1,1.22E-05,0,0,1,TRUE
19,CEACAM16,ENST00000587331,249,1,8.13E-06,0,0,1,TRUE
19,CEACAM19,ENST00000403660,749,2,5.19E-05,0,0,2,TRUE
19,CEACAM20,ENST00000614924,1607,5,0.000257224,0,0,5,TRUE
19,CEACAM21,ENST00000401445,1417,2,5.95E-05,0,0,2,TRUE
19,CEACAM3,ENST00000357396,218,1,1.73E-05,0,0,1,FALSE
19,CEACAM4,ENST00000221954,8181,175,0.003871375,13,1.36E-05,188,TRUE
19,CEACAM5,ENST00000221992,643,2,8.13E-05,0,0,2,TRUE
19,CEACAM7,ENST00000401731,6117,11,0.002829488,2,2.09E-06,13,TRUE
19,CEACAM8,ENST00000244336,1362,1,1.02E-06,0,0,1,FALSE
12,CELA1,ENST00000293636,363180,6,0.000335049,0,0,6,TRUE
1,CELA2B,ENST00000375910,636,3,2.54E-05,0,0,3,TRUE
1,CELA3A,ENST00000290122,2833,40,0.001355276,0,0,40,TRUE
1,CELA3B,ENST00000337107,693,9,0.000204357,0,0,9,FALSE
22,CELSR1,ENST00000674500,16557,0,NA,2,2.09E-06,2,TRUE
1,CELSR2,ENST00000271332,196,1,1.02E-06,0,0,1,FALSE
4,CENPE,ENST00000265148,685,1,3.81E-05,0,0,1,FALSE
1,CENPF,ENST00000366955,3445,1,9.15E-06,0,0,1,TRUE
23,CENPI,ENST00000372927,194,1,9.31E-05,0,0,1,TRUE
2,CENPO,ENST00000380834,878,1,0.000160895,0,0,1,TRUE
6,CENPQ,ENST00000335783,1833,3,0.000792067,0,0,3,TRUE
17,CENPV,ENST00000299736,4123,3,0.001012737,0,0,3,FALSE
17,CEP112,ENST00000535342,1208,1,3.56E-06,0,0,1,TRUE
11,CEP126,ENST00000263468,800,3,8.29E-05,0,0,3,TRUE
4,CEP135,ENST00000257287,1697,1,0.000123023,0,0,1,FALSE
15,CEP152,ENST00000380950,2166,0,NA,2,2.09E-06,2,FALSE
6,CEP162,ENST00000403245,1606,1,6.10E-06,0,0,1,FALSE
11,CEP164,ENST00000278935,5007,5,0.001919524,0,0,5,TRUE
14,CEP170B,ENST00000414716,164,1,7.63E-06,0,0,1,FALSE
18,CEP192,ENST00000506447,16141,1,0.003646366,3,3.14E-06,4,TRUE
12,CEP290,ENST00000552810,5636,3,0.000205895,3,3.14E-06,6,TRUE
11,CEP295,ENST00000325212,2485,2,7.78E-05,0,0,2,FALSE
17,CEP295NL,ENST00000322630,76,0,NA,12,1.26E-05,12,FALSE
1,CEP350,ENST00000367607,579,1,6.97E-05,0,0,1,FALSE
6,CEP57L1,ENST00000517392,812,2,0.000125563,0,0,2,TRUE
3,CEP63,ENST00000337090,1489,2,2.64E-05,0,0,2,TRUE
3,CEP70,ENST00000264982,1124,2,3.56E-05,0,0,2,FALSE
5,CEP72,ENST00000264935,1812,2,0.000224378,0,0,2,TRUE
9,CEP78,ENST00000643273,6356,13,0.002971476,0,0,13,TRUE
19,CEP89,ENST00000305768,4078,9,0.000318745,2,2.09E-06,11,FALSE
17,CEP95,ENST00000556440,3347,4,0.000618692,0,0,4,FALSE
2,CERKL,ENST00000410087,1792,1,0.000545459,0,0,1,FALSE
19,CERS4,ENST00000251363,1249,2,0.00013268,0,0,2,TRUE
12,CERS5,ENST00000317551,825,7,0.000311617,0,0,7,TRUE
16,CES1,ENST00000360526,827,74,0.000297436,0,0,74,TRUE
16,CES2,ENST00000317091,1626,1,0.000426003,0,0,1,FALSE
16,CES3,ENST00000303334,1777,1,3.07E-06,2,2.09E-06,3,TRUE
16,CES4A,ENST00000648724,839,1,9.05E-05,0,0,1,TRUE
16,CES5A,ENST00000290567,186112,612,0.009267825,18,1.89E-05,630,TRUE
18,CETN1,ENST00000327228,643,1,0.000260785,0,0,1,TRUE
5,CETN3,ENST00000283122,683,2,0.000221148,0,0,2,TRUE
16,CETP,ENST00000200676,845,1,1.02E-06,2,2.09E-06,3,TRUE
3,CFAP100,ENST00000352312,12505,38,0.005794788,6,6.28E-06,44,TRUE
1,CFAP126,ENST00000367974,798,1,0.000346216,0,0,1,FALSE
9,CFAP157,ENST00000373295,3060,12,0.001167177,0,0,12,TRUE
6,CFAP206,ENST00000369562,1429,2,0.000174927,0,0,2,TRUE
4,CFAP299,ENST00000358105,1317,1,0.00044328,0,0,1,TRUE
3,CFAP44,ENST00000393845,1659,3,0.000130158,2,2.09E-06,5,FALSE
10,CFAP46,ENST00000368586,16115,28,0.006179267,62,6.49E-05,90,TRUE
23,CFAP47,ENST00000378653,1085,2,0.000374672,0,0,2,TRUE
12,CFAP54,ENST00000524981,3266,0,NA,2,2.09E-06,2,TRUE
1,CFAP57,ENST00000372492,1641,2,3.30E-05,0,0,2,FALSE
10,CFAP58,ENST00000369704,2212,5,0.000653235,2,2.09E-06,7,TRUE
20,CFAP61,ENST00000245957,2543,2,0.000593898,3,3.14E-06,5,TRUE
7,CFAP69,ENST00000389297,1941,8,0.000591729,0,0,8,TRUE
10,CFAP70,ENST00000310715,589,1,1.93E-05,0,0,1,FALSE
12,CFAP73,ENST00000335621,1824,8,0.000568844,0,0,8,TRUE
1,CFAP74,ENST00000493964,5705,9,0.001855995,8,8.38E-06,17,TRUE
4,CFAP97,ENST00000458385,952,1,4.17E-05,0,0,1,TRUE
4,CFAP99,ENST00000635017,6052,5,0.002142691,8,8.38E-06,13,TRUE
1,CFHR1,ENST00000320493,77,14,4.42E-05,0,0,14,TRUE
1,CFHR2,ENST00000367415,429,4,0.000162164,14,1.47E-05,18,TRUE
1,CFHR3,ENST00000367425,12,4,5.59E-06,0,0,4,TRUE
1,CFHR4,ENST00000608469,1331,31,0.000556146,0,0,31,TRUE
1,CFHR5,ENST00000256785,17970,97,0.008822734,46,4.82E-05,143,TRUE
7,CFTR,ENST00000003084,5146,1,2.59E-05,0,0,1,TRUE
1,CGN,ENST00000271636,2931,4,7.27E-05,2,2.09E-06,6,TRUE
15,CGNL1,ENST00000281282,989,2,5.90E-05,0,0,2,TRUE
2,CHAC2,ENST00000295304,484,1,3.66E-05,0,0,1,FALSE
22,CHADL,ENST00000216241,859,1,5.59E-05,0,0,1,FALSE
7,CHCHD3,ENST00000262570,115,1,2.54E-06,0,0,1,FALSE
1,CHD1L,ENST00000369258,5493,9,0.00134663,5,5.24E-06,14,TRUE
16,CHD9,ENST00000564845,194,1,9.66E-06,0,0,1,FALSE
3,CHDH,ENST00000315251,1007,0,NA,2,2.09E-06,2,TRUE
22,CHEK2,ENST00000404276,841,2,3.91E-05,0,0,2,FALSE
1,CHI3L2,ENST00000369748,1147,3,0.000176906,3,3.14E-06,6,TRUE
1,CHIA,ENST00000369740,7511,44,0.003550384,16,1.68E-05,60,TRUE
11,CHID1,ENST00000323578,4340,27,0.001830127,0,0,27,TRUE
1,CHIT1,ENST00000367229,330441,441,0.005939133,17,1.78E-05,458,TRUE
1,CHML,ENST00000366553,724,2,4.07E-05,0,0,2,FALSE
14,CHMP4A,ENST00000347519,4826,14,0.002317575,5,5.24E-06,19,TRUE
8,CHMP4C,ENST00000297265,111383,1,2.14E-05,0,0,1,TRUE
16,CHP2,ENST00000300113,7923,43,0.003540262,5,5.24E-06,48,TRUE
7,CHPF2,ENST00000035307,2701,2,0.000215033,3,3.14E-06,5,TRUE
8,CHRAC1,ENST00000220913,80,1,1.32E-05,0,0,1,FALSE
11,CHRDL2,ENST00000376332,1521,1,0.000332468,0,0,1,TRUE
11,CHRNA10,ENST00000250699,690,2,2.24E-05,0,0,2,TRUE
8,CHRNA2,ENST00000407991,283,0,NA,2,2.09E-06,2,TRUE
15,CHRNA5,ENST00000299565,1860,0,NA,2,2.09E-06,2,TRUE
8,CHRNA6,ENST00000276410,1966,2,0.000775234,2,2.09E-06,4,TRUE
4,CHRNA9,ENST00000310169,891,1,0.000251127,0,0,1,FALSE
17,CHRNE,ENST00000649488,1601,1,1.48E-05,0,0,1,TRUE
10,CHUK,ENST00000370397,260,1,9.98E-05,0,0,1,FALSE
19,CIB3,ENST00000269878,611,5,9.46E-05,0,0,5,TRUE
14,CIDEB,ENST00000336557,1853,5,0.000495132,0,0,5,TRUE
3,CIDEC,ENST00000336832,519,3,0.000182498,0,0,3,FALSE
15,CILP,ENST00000261883,1411,2,0.00017538,0,0,2,TRUE
19,CILP2,ENST00000291495,437,1,9.66E-06,0,0,1,FALSE
3,CIP2A,ENST00000295746,1033,2,1.17E-05,0,0,2,TRUE
13,CKAP2,ENST00000258607,717,3,2.29E-05,0,0,3,FALSE
19,CKM,ENST00000221476,296,1,2.03E-06,0,0,1,FALSE
15,CKMT1A,ENST00000413453,97,2,6.10E-06,0,0,2,TRUE
15,CKMT1B,ENST00000441322,355,9,0.000176908,0,0,9,TRUE
5,CKMT2,ENST00000254035,981,1,5.59E-06,0,0,1,FALSE
19,CLASRP,ENST00000221455,501,1,0.000108808,0,0,1,FALSE
14,CLBA1,ENST00000547315,605,2,9.30E-05,0,0,2,TRUE
1,CLCA2,ENST00000370565,1364,1,1.53E-06,0,0,1,TRUE
1,CLCA4,ENST00000370563,3966,18,0.001470809,0,0,18,TRUE
11,CLCF1,ENST00000312438,3043,26,0.001538782,0,0,26,TRUE
7,CLCN1,ENST00000343257,4247,9,0.00166027,3,3.14E-06,12,TRUE
1,CLCNKA,ENST00000331433,2906,2,0.000726941,2,2.09E-06,4,TRUE
19,CLDND2,ENST00000291715,535,2,9.76E-05,0,0,2,TRUE
17,CLEC10A,ENST00000416562,2092,7,0.000719062,0,0,7,TRUE
19,CLEC11A,ENST00000250340,13367,39,0.006666767,26,2.72E-05,65,TRUE
12,CLEC12A,ENST00000304361,3845,5,0.001728406,2,2.09E-06,7,TRUE
12,CLEC12B,ENST00000338896,876,4,0.000237448,0,0,4,TRUE
19,CLEC17A,ENST00000417570,5197,42,0.002608342,0,0,42,TRUE
12,CLEC1A,ENST00000315330,750,3,0.000101168,0,0,3,FALSE
7,CLEC2L,ENST00000422142,366,1,0.000153521,0,0,1,FALSE
12,CLEC4A,ENST00000229332,1870,4,0.00057496,0,0,4,TRUE
12,CLEC4C,ENST00000360345,450,2,0.000104212,2,2.09E-06,4,FALSE
12,CLEC4E,ENST00000299663,590,1,0.000112352,0,0,1,FALSE
2,CLEC4F,ENST00000272367,4785,58,0.002149477,3,3.14E-06,61,TRUE
19,CLEC4M,ENST00000327325,8653,26,0.004313434,0,0,26,TRUE
12,CLEC6A,ENST00000382073,811,3,0.000357892,0,0,3,TRUE
12,CLEC7A,ENST00000304084,125020,1,6.10E-06,0,0,1,TRUE
12,CLEC9A,ENST00000355819,607,1,0.000255782,0,0,1,TRUE
12,CLECL1,ENST00000327839,476729,1,3.41E-05,0,0,1,FALSE
4,CLGN,ENST00000325617,1181,3,0.00018149,0,0,3,TRUE
2,CLHC1,ENST00000401408,21442,1,0.000149456,0,0,1,TRUE
21,CLIC6,ENST00000349499,473,1,1.17E-05,0,0,1,FALSE
5,CLINT1,ENST00000411809,144,2,3.05E-05,0,0,2,FALSE
12,CLIP1,ENST00000358808,1106,1,0.000322314,0,0,1,TRUE
5,CLK4,ENST00000316308,415,1,8.64E-05,0,0,1,FALSE
14,CLMN,ENST00000298912,954,1,5.03E-05,0,0,1,TRUE
4,CLNK,ENST00000226951,968,2,0.000129123,0,0,2,FALSE
3,CLRN1,ENST00000327047,422,1,8.39E-05,0,0,1,TRUE
1,CLSPN,ENST00000318121,987,4,0.000300999,0,0,4,TRUE
17,CLTC,ENST00000269122,148,1,1.32E-05,0,0,1,FALSE
22,CLTCL1,ENST00000427926,13214,200,0.005648351,25,2.62E-05,225,TRUE
23,CLTRN,ENST00000380342,572,1,4.22E-05,0,0,1,TRUE
18,CLUL1,ENST00000400606,960,1,0.000112868,0,0,1,TRUE
13,CLYBL,ENST00000376355,48347,5,0.000293325,0,0,5,TRUE
14,CMA1,ENST00000250378,2098,6,0.000351778,2,2.09E-06,8,TRUE
5,CMBL,ENST00000296658,1714,3,0.000731514,0,0,3,TRUE
16,CMTM1,ENST00000379500,11897,244,0.006069326,3,3.14E-06,247,TRUE
16,CMTM2,ENST00000268595,222,2,3.56E-06,0,0,2,TRUE
14,CMTM5,ENST00000339180,6802,135,0.003280049,3,3.14E-06,138,TRUE
5,CMYA5,ENST00000446378,7395,12,0.00125817,15,1.57E-05,27,TRUE
8,CNBD1,ENST00000518476,1087,5,0.000163183,0,0,5,TRUE
20,CNBD2,ENST00000349339,2300,5,0.000689323,0,0,5,TRUE
18,CNDP1,ENST00000358821,5007,14,0.001916986,2,2.09E-06,16,FALSE
18,CNDP2,ENST00000324262,648,1,0.000111329,0,0,1,FALSE
4,CNGA1,ENST00000514170,1380,2,0.000140304,0,0,2,TRUE
23,CNGA2,ENST00000329903,222,1,2.03E-06,0,0,1,TRUE
2,CNGA3,ENST00000272602,804,1,0.000124524,0,0,1,TRUE
11,CNGA4,ENST00000379936,1773,1,0.000276048,0,0,1,TRUE
16,CNGB1,ENST00000251102,2439,2,0.000109804,0,0,2,FALSE
8,CNGB3,ENST00000320005,4997,7,0.002089368,2,2.09E-06,9,TRUE
1,CNKSR1,ENST00000361530,5730,37,0.002036513,3,3.14E-06,40,TRUE
13,CNMD,ENST00000377962,1706,4,0.000341129,0,0,4,TRUE
2,CNNM4,ENST00000377075,336,1,9.66E-06,0,0,1,FALSE
7,CNPY4,ENST00000262932,1989,8,0.00033246,0,0,8,FALSE
19,CNTD2,ENST00000430325,585,2,0.000208932,0,0,2,TRUE
9,CNTLN,ENST00000380647,9093,22,0.003460386,19,1.99E-05,41,TRUE
12,CNTN1,ENST00000551295,227,1,2.80E-05,0,0,1,TRUE
1,CNTN2,ENST00000331830,544,1,3.56E-06,0,0,1,TRUE
3,CNTN6,ENST00000446702,2635,3,0.000447352,3,3.14E-06,6,TRUE
9,CNTNAP3,ENST00000297668,237,1,3.05E-06,0,0,1,TRUE
16,CNTNAP4,ENST00000611870,488,1,8.19E-05,0,0,1,TRUE
9,CNTRL,ENST00000373855,3250,2,2.44E-05,2,2.09E-06,4,TRUE
17,CNTROB,ENST00000563694,932,1,9.66E-06,0,0,1,TRUE
17,COASY,ENST00000393818,2602,1,0.000959833,0,0,1,FALSE
7,COBL,ENST00000265136,413,1,2.24E-05,0,0,1,FALSE
14,COCH,ENST00000396618,320,1,1.53E-06,0,0,1,FALSE
7,COG5,ENST00000297135,1003,1,6.30E-05,0,0,1,FALSE
13,COG6,ENST00000455146,540,1,8.15E-06,0,0,1,FALSE
17,COIL,ENST00000240316,471,1,8.49E-05,0,0,1,TRUE
6,COL10A1,ENST00000651968,330,1,5.34E-05,0,0,1,FALSE
10,COL13A1,ENST00000645393,1972,4,0.000708131,0,0,4,TRUE
9,COL15A1,ENST00000375001,3458,14,0.001109881,2,2.09E-06,16,TRUE
1,COL16A1,ENST00000373672,17103,976,0.009123927,9,9.42E-06,985,TRUE
10,COL17A1,ENST00000648076,2035,1,4.27E-05,0,0,1,FALSE
21,COL18A1,ENST00000651438,1518,0,NA,2,2.09E-06,2,TRUE
6,COL19A1,ENST00000620364,1095,1,7.63E-06,0,0,1,FALSE
7,COL1A2,ENST00000297268,199,1,3.31E-05,0,0,1,TRUE
20,COL20A1,ENST00000358894,3363,4,7.93E-05,0,0,4,TRUE
6,COL21A1,ENST00000244728,2755,3,0.000259629,3,3.14E-06,6,TRUE
8,COL22A1,ENST00000303045,5028,23,0.001743215,4,4.19E-06,27,TRUE
5,COL23A1,ENST00000390654,8738,27,0.004086202,7,7.33E-06,34,TRUE
1,COL24A1,ENST00000370571,1937,1,5.08E-06,0,0,1,FALSE
7,COL26A1,ENST00000313669,487,1,2.29E-05,0,0,1,FALSE
7,COL28A1,ENST00000399429,10172,143,0.004511796,4,4.19E-06,147,TRUE
19,COL5A3,ENST00000264828,1206,3,4.73E-05,0,0,3,TRUE
3,COL6A5,ENST00000265379,77786,165,0.010338705,123,0.00012879,288,TRUE
3,COL6A6,ENST00000358511,9968,23,0.003535281,29,3.04E-05,52,TRUE
3,COL7A1,ENST00000328333,3653,11,0.000121499,0,0,11,TRUE
8,COLEC10,ENST00000332843,270,1,1.02E-06,0,0,1,FALSE
3,COLQ,ENST00000383788,656,1,4.98E-05,0,0,1,FALSE
10,COMMD3,ENST00000376836,1301,2,0.000387372,0,0,2,TRUE
10,COMMD3-BMI1,ENST00000602390,1300,1,0.000384322,0,0,1,TRUE
19,COMP,ENST00000222271,868,2,3.05E-06,0,0,2,FALSE
12,COQ10A,ENST00000308197,286,1,1.32E-05,0,0,1,TRUE
6,COQ3,ENST00000254759,1396,3,0.000590261,0,0,3,FALSE
4,CORIN,ENST00000273857,1908,2,4.88E-05,3,3.14E-06,5,TRUE
11,CORO1B,ENST00000341356,550,1,2.03E-06,0,0,1,FALSE
9,CORO2A,ENST00000375077,715,2,7.27E-05,0,0,2,FALSE
16,CORO7,ENST00000251166,3157,2,2.14E-05,3,3.14E-06,5,TRUE
16,CORO7-PAM16,ENST00000572467,3215,2,2.14E-05,3,3.14E-06,5,TRUE
4,COX18,ENST00000507544,11514,2,0.002853064,10,1.05E-05,12,TRUE
16,COX6A2,ENST00000287490,347,1,0.000132179,0,0,1,FALSE
19,COX6B2,ENST00000326529,8496,45,0.004308927,4,4.19E-06,49,TRUE
6,COX7A2,ENST00000370081,336,3,0.000138271,0,0,3,FALSE
2,COX7A2L,ENST00000234301,155,2,4.02E-05,0,0,2,FALSE
3,CP,ENST00000264613,1198,3,0.000326877,0,0,3,FALSE
3,CPA3,ENST00000296046,997,1,7.52E-05,0,0,1,FALSE
7,CPA4,ENST00000222482,8097,25,0.003725886,5,5.24E-06,30,TRUE
8,CPA6,ENST00000297770,1132,1,1.02E-06,2,2.09E-06,3,TRUE
19,CPAMD8,ENST00000443236,2840,2,7.63E-06,2,2.09E-06,4,FALSE
3,CPB1,ENST00000282957,1234,1,0.000187588,0,0,1,TRUE
13,CPB2,ENST00000181383,732,1,0.000128107,0,0,1,TRUE
4,CPEB2,ENST00000538197,1404,1,0.00045853,0,0,1,TRUE
7,CPED1,ENST00000310396,1989,1,1.02E-06,0,0,1,FALSE
5,CPLANE1,ENST00000425232,5005,2,0.000717642,4,4.19E-06,6,TRUE
15,CPLX3,ENST00000395018,164,1,2.08E-05,0,0,1,FALSE
12,CPM,ENST00000551568,912,1,0.000337074,0,0,1,TRUE
20,CPNE1,ENST00000397443,188165,4,0.001150407,0,0,4,FALSE
16,CPNE2,ENST00000290776,261,1,3.05E-06,0,0,1,FALSE
3,CPNE9,ENST00000383832,383,1,1.02E-06,0,0,1,FALSE
2,CPO,ENST00000272852,1440,4,0.000357409,0,0,4,TRUE
16,CPPED1,ENST00000381774,433,1,7.12E-06,0,0,1,FALSE
8,CPQ,ENST00000220763,989,2,8.59E-05,0,0,2,FALSE
17,CPSF4L,ENST00000344935,869,1,0.000215032,0,0,1,TRUE
22,CPT1B,ENST00000312108,876,2,2.64E-05,0,0,2,TRUE
7,CPVL,ENST00000265394,2155,3,8.59E-05,0,0,3,TRUE
20,CPXM1,ENST00000380605,511,1,2.08E-05,0,0,1,TRUE
10,CPXM2,ENST00000241305,1342,1,3.41E-05,0,0,1,TRUE
4,CPZ,ENST00000360986,3006,9,0.000779912,3,3.14E-06,12,FALSE
1,CR1,ENST00000367049,2316,4,0.000708639,2,2.09E-06,6,TRUE
1,CR1L,ENST00000508064,1818,4,0.000464631,0,0,4,TRUE
1,CR2,ENST00000367057,2888,1,0.00077017,2,2.09E-06,3,TRUE
12,CRACR2A,ENST00000440314,1750,2,6.86E-05,0,0,2,FALSE
11,CRACR2B,ENST00000525077,629,2,2.24E-05,0,0,2,FALSE
9,CRB2,ENST00000373631,987,1,2.19E-05,0,0,1,FALSE
9,CREB3,ENST00000353704,647,1,0.000134718,0,0,1,FALSE
1,CREB3L4,ENST00000368607,423,2,1.63E-05,0,0,2,FALSE
11,CREBZF,ENST00000527447,141,1,5.59E-06,0,0,1,FALSE
3,CRELD1,ENST00000452070,1635,1,3.30E-05,0,0,1,TRUE
7,CRHR2,ENST00000471646,3088,4,0.001391395,0,0,4,TRUE
14,CRIP2,ENST00000329146,247,1,1.98E-05,0,0,1,FALSE
6,CRIP3,ENST00000372569,482,1,7.12E-06,0,0,1,FALSE
6,CRISP1,ENST00000335847,825,1,0.000124038,0,0,1,TRUE
6,CRISP2,ENST00000339139,607,1,0.0001684,0,0,1,TRUE
6,CRISP3,ENST00000263045,417,1,0.000142412,0,0,1,TRUE
20,CRNKL1,ENST00000536226,1209,3,0.00051244,0,0,3,TRUE
2,CROCC2,ENST00000443866,37683,9,0.000922146,4,4.19E-06,13,TRUE
7,CROT,ENST00000331536,6513,4,0.002497569,16,1.68E-05,20,TRUE
10,CRTAC1,ENST00000370597,291,1,5.59E-06,0,0,1,FALSE
11,CRTAM,ENST00000227348,368,1,1.68E-05,0,0,1,FALSE
22,CRYBA4,ENST00000354760,11109,34,0.005385209,3,3.14E-06,37,TRUE
22,CRYBB3,ENST00000215855,1707,7,0.000644226,0,0,7,TRUE
6,CRYBG1,ENST00000633556,3963,2,3.36E-05,2,2.09E-06,4,TRUE
1,CRYBG2,ENST00000475866,2152,6,0.000381784,0,0,6,TRUE
3,CRYBG3,ENST00000389622,1565,2,2.29E-05,0,0,2,FALSE
2,CRYGA,ENST00000304502,9451,170,0.004872073,0,0,170,TRUE
7,CRYGN,ENST00000337323,1688,3,0.000804211,0,0,3,TRUE
3,CRYGS,ENST00000307944,202,1,1.27E-05,0,0,1,TRUE
1,CRYZ,ENST00000340866,3159,19,0.001319294,2,2.09E-06,21,TRUE
12,CSAD,ENST00000444623,1929,3,0.000570375,0,0,3,TRUE
1,CSF3R,ENST00000373106,1166,1,0.000388381,0,0,1,FALSE
8,CSGALNACT1,ENST00000454498,1205,3,0.000385328,0,0,3,TRUE
17,CSH2,ENST00000392886,715,3,0.000290775,0,0,3,TRUE
17,CSHL1,ENST00000309894,5698,100,0.002663787,0,0,100,TRUE
11,CSKMT,ENST00000532971,773,0,NA,5,5.24E-06,5,TRUE
4,CSN1S1,ENST00000246891,9812,282,0.00487061,0,0,282,TRUE
13,CSNK1A1L,ENST00000379800,1215,2,0.000384311,0,0,2,TRUE
11,CSNK2A3,ENST00000528848,1832,1,3.61E-05,2,2.09E-06,3,TRUE
15,CSPG4,ENST00000308508,1627,16,0.000490606,0,0,16,TRUE
12,CSRNP2,ENST00000228515,76,1,1.02E-06,0,0,1,FALSE
20,CST11,ENST00000377009,327,1,9.71E-05,0,0,1,TRUE
20,CST2,ENST00000304725,967,1,1.02E-06,0,0,1,TRUE
11,CST6,ENST00000312134,110,1,5.59E-06,0,0,1,FALSE
20,CST7,ENST00000480798,692,2,0.000228854,0,0,2,TRUE
20,CST9L,ENST00000376979,1130,5,0.00040322,0,0,5,TRUE
20,CSTL1,ENST00000347397,1196,6,0.000513436,0,0,6,TRUE
23,CT45A10,ENST00000611668,163,5,7.07E-05,0,0,5,TRUE
10,CTBP2,ENST00000309035,4436,4,0.001986659,0,0,4,TRUE
17,CTC1,ENST00000651323,1866,1,2.54E-06,0,0,1,FALSE
1,CTH,ENST00000370938,512,1,3.76E-05,0,0,1,FALSE
8,CTHRC1,ENST00000330295,358,1,1.42E-05,0,0,1,TRUE
10,CTNNA3,ENST00000433211,1079,1,2.14E-05,0,0,1,TRUE
17,CTNS,ENST00000046640,391,1,6.25E-05,0,0,1,FALSE
1,CTPS1,ENST00000650070,1122,1,0.000526187,0,0,1,FALSE
16,CTRL,ENST00000574481,523,2,4.47E-05,0,0,2,TRUE
1,CTSE,ENST00000358184,1978,12,0.000698107,0,0,12,TRUE
11,CTSF,ENST00000310325,746,1,5.59E-06,0,0,1,FALSE
9,CTSL,ENST00000343150,331,2,6.86E-05,0,0,2,TRUE
11,CTSW,ENST00000307886,15604,126,0.007723082,43,4.50E-05,169,TRUE
20,CTSZ,ENST00000217131,969,1,0.000220679,0,0,1,FALSE
7,CTTNBP2,ENST00000160373,705,1,2.39E-05,0,0,1,FALSE
10,CUBN,ENST00000377833,7379,12,0.001648179,19,1.99E-05,31,TRUE
17,CUEDC1,ENST00000577830,638,1,0.000141323,0,0,1,TRUE
6,CUL9,ENST00000252050,7780,27,0.003736689,2,2.09E-06,29,TRUE
6,CUTA,ENST00000488034,2888,1,0.001041098,0,0,1,TRUE
12,CUX2,ENST00000261726,136,1,4.02E-05,0,0,1,FALSE
10,CUZD1,ENST00000392790,586,1,1.12E-05,0,0,1,TRUE
2,CWC22,ENST00000410053,227,2,1.42E-05,0,0,2,FALSE
4,CWH43,ENST00000226432,33371,1,4.43E-05,0,0,1,TRUE
4,CXCL5,ENST00000296027,322,1,2.34E-05,0,0,1,FALSE
4,CXCL6,ENST00000226317,11258,42,0.005655911,0,0,42,TRUE
4,CXCL8,ENST00000307407,2403,2,0.000614597,0,0,2,TRUE
23,CXorf58,ENST00000379211,20631,1,6.87E-05,0,0,1,TRUE
3,CYB561D2,ENST00000425346,6328,17,0.003040941,0,0,17,TRUE
1,CYB5R1,ENST00000367249,360,1,1.07E-05,0,0,1,TRUE
11,CYB5R2,ENST00000299498,613,1,2.90E-05,0,0,1,TRUE
1,CYB5RL,ENST00000534324,860,4,0.000102687,2,2.09E-06,6,TRUE
9,CYLC2,ENST00000374798,422,1,5.59E-06,0,0,1,FALSE
8,CYP11B2,ENST00000323110,1204,3,0.000344154,0,0,3,TRUE
15,CYP1A1,ENST00000379727,4304,9,0.001864627,4,4.19E-06,13,TRUE
15,CYP1A2,ENST00000343932,1045,1,6.10E-06,0,0,1,FALSE
2,CYP1B1,ENST00000610745,1525,1,0.000188089,2,2.09E-06,3,FALSE
2,CYP20A1,ENST00000356079,847,2,3.41E-05,2,2.09E-06,4,TRUE
10,CYP26C1,ENST00000651965,4549,6,0.002052205,0,0,6,TRUE
19,CYP2A13,ENST00000330436,14562,70,0.007198145,2,2.09E-06,72,TRUE
19,CYP2A6,ENST00000301141,2713,84,0.001343066,15,1.57E-05,99,TRUE
19,CYP2A7,ENST00000301146,418,10,0.000135729,0,0,10,TRUE
19,CYP2B6,ENST00000324071,1418,2,5.64E-05,0,0,2,TRUE
10,CYP2C18,ENST00000285979,17497,440,0.009001418,18,1.89E-05,458,TRUE
10,CYP2C19,ENST00000371321,2193,38,0.000973487,0,0,38,TRUE
10,CYP2C8,ENST00000371270,1641,1,3.00E-05,0,0,1,FALSE
10,CYP2C9,ENST00000260682,2072,7,0.000845483,0,0,7,TRUE
22,CYP2D6,ENST00000645361,329,14,0.000112349,0,0,14,TRUE
10,CYP2E1,ENST00000252945,421,2,0.000161674,0,0,2,FALSE
19,CYP2F1,ENST00000331105,301709,3,0.000360424,0,0,3,TRUE
11,CYP2R1,ENST00000334636,1154,2,0.000158606,0,0,2,TRUE
19,CYP2S1,ENST00000310054,391,1,6.71E-05,0,0,1,FALSE
7,CYP2W1,ENST00000308919,791,1,0.000203848,0,0,1,TRUE
6,CYP39A1,ENST00000275016,1136,3,0.000254199,0,0,3,TRUE
7,CYP3A4,ENST00000651514,2011,3,0.000125054,0,0,3,TRUE
7,CYP3A43,ENST00000354829,89444,2,0.000416849,0,0,2,FALSE
7,CYP3A5,ENST00000222982,28934,713,0.014951153,89,9.32E-05,802,TRUE
1,CYP4A11,ENST00000310638,950,4,5.34E-05,2,2.09E-06,6,FALSE
1,CYP4A22,ENST00000371891,2772,18,0.001143275,0,0,18,TRUE
19,CYP4F12,ENST00000550308,3829,20,0.001158543,5,5.24E-06,25,TRUE
19,CYP4F2,ENST00000221700,983,3,0.000213008,0,0,3,TRUE
19,CYP4F22,ENST00000269703,706,1,1.42E-05,0,0,1,FALSE
19,CYP4F3,ENST00000221307,1603,10,0.000204361,0,0,10,TRUE
19,CYP4F8,ENST00000612078,2924,21,0.001027373,0,0,21,TRUE
1,CYP4X1,ENST00000371901,1168,3,0.000325852,0,0,3,TRUE
1,CYP4Z1,ENST00000334194,3336,85,0.001342046,0,0,85,TRUE
8,CYP7B1,ENST00000310193,471,1,7.12E-06,0,0,1,FALSE
2,CYS1,ENST00000381813,371,2,8.13E-05,0,0,2,TRUE
21,CYYR1,ENST00000652641,3340,2,0.001584643,0,0,2,FALSE
14,DAAM1,ENST00000360909,361,1,2.54E-06,0,0,1,FALSE
23,DACH2,ENST00000373125,58,1,3.05E-06,0,0,1,TRUE
12,DAO,ENST00000228476,653,1,8.19E-05,0,0,1,FALSE
13,DAOA,ENST00000375936,3536,46,0.001788425,0,0,46,TRUE
5,DAP,ENST00000230895,4017,8,0.001963825,0,0,8,FALSE
2,DAPL1,ENST00000309950,10707,37,0.005441097,4,4.19E-06,41,TRUE
4,DAPP1,ENST00000512369,205,1,6.96E-05,0,0,1,TRUE
12,DBX2,ENST00000332700,228,1,1.32E-05,0,0,1,TRUE
9,DCAF12,ENST00000361264,154,1,6.61E-06,0,0,1,FALSE
8,DCAF4L2,ENST00000319675,2743,6,0.001307478,0,0,6,TRUE
17,DCAKD,ENST00000651974,11343,37,0.005741324,0,0,37,TRUE
6,DCBLD1,ENST00000338728,600,1,1.02E-06,0,0,1,FALSE
3,DCBLD2,ENST00000326840,2115,4,0.000542332,0,0,4,FALSE
12,DCD,ENST00000293371,3583,6,0.001779237,0,0,6,TRUE
11,DCDC1,ENST00000452803,403,1,2.14E-05,0,0,1,TRUE
1,DCDC2B,ENST00000409358,30565,1,0.000530207,0,0,1,TRUE
2,DCDC2C,ENST00000399143,21100,19,0.001072127,0,0,19,TRUE
4,DCHS2,ENST00000357232,27957,9,0.002143706,42,4.40E-05,51,TRUE
10,DCLRE1A,ENST00000361384,8361,18,0.003784655,0,0,18,TRUE
10,DCLRE1C,ENST00000378278,903,1,0.00018148,0,0,1,FALSE
12,DCN,ENST00000052754,102,1,1.42E-05,0,0,1,FALSE
1,DCST1,ENST00000295542,1786,6,0.000288234,0,0,6,TRUE
8,DCSTAMP,ENST00000297581,681,3,0.000165213,0,0,3,TRUE
13,DCT,ENST00000377028,1611,1,2.54E-05,0,0,1,TRUE
17,DCXR,ENST00000306869,1796,5,0.000421427,3,3.14E-06,8,TRUE
14,DDHD1,ENST00000673822,333,1,4.07E-06,0,0,1,FALSE
11,DDI1,ENST00000302259,1856,8,0.000860635,0,0,8,FALSE
11,DDIAS,ENST00000533655,1521,26,0.000491065,0,0,26,TRUE
6,DDO,ENST00000368924,2711,12,0.001260195,0,0,12,TRUE
19,DDX49,ENST00000247003,624,0,NA,2,2.09E-06,2,FALSE
12,DDX51,ENST00000397333,1648,1,0.000170806,0,0,1,TRUE
17,DDX52,ENST00000617633,2151,5,0.000194708,0,0,5,TRUE
12,DDX55,ENST00000238146,2376,0,NA,2,2.09E-06,2,FALSE
9,DDX58,ENST00000379883,1344,3,9.51E-05,0,0,3,TRUE
4,DDX60L,ENST00000260184,8843,34,0.002898735,34,3.56E-05,68,TRUE
8,DECR1,ENST00000220764,762,6,0.00012404,0,0,6,TRUE
8,DEFA4,ENST00000297435,8419,144,0.00441247,0,0,144,TRUE
8,DEFA6,ENST00000297436,4179,3,0.002049674,0,0,3,TRUE
20,DEFB115,ENST00000400552,901,2,0.000256215,0,0,2,TRUE
20,DEFB132,ENST00000382376,75,1,3.20E-05,0,0,1,TRUE
5,DELE1,ENST00000432126,5222,8,0.002055263,7,7.33E-06,15,TRUE
19,DENND1C,ENST00000381480,723,1,4.42E-05,0,0,1,FALSE
1,DENND2C,ENST00000393274,1281,2,5.39E-05,0,0,2,FALSE
1,DENND2D,ENST00000357640,2225,2,0.000924685,0,0,2,TRUE
8,DENND3,ENST00000519811,683,3,8.29E-05,0,0,3,TRUE
15,DENND4A,ENST00000443035,529,2,3.46E-05,0,0,2,TRUE
22,DENND6B,ENST00000413817,692,1,9.66E-06,0,0,1,TRUE
1,DEPDC1,ENST00000456315,871,1,1.42E-05,0,0,1,FALSE
5,DEPDC1B,ENST00000265036,523,2,5.69E-05,0,0,2,FALSE
11,DEPDC7,ENST00000241051,588,1,1.53E-06,0,0,1,TRUE
8,DEPTOR,ENST00000286234,1460,36,0.000503777,0,0,36,TRUE
12,DERA,ENST00000428559,625,1,0.000186056,0,0,1,FALSE
22,DERL3,ENST00000318109,3756,3,0.001728392,0,0,3,TRUE
2,DES,ENST00000373960,212,1,2.44E-05,0,0,1,FALSE
11,DEUP1,ENST00000298050,5028,37,0.001584042,6,6.28E-06,43,TRUE
1,DFFA,ENST00000377038,712,1,0.00010472,0,0,1,TRUE
1,DFFB,ENST00000378209,427,1,7.02E-05,0,0,1,TRUE
8,DGAT1,ENST00000528718,777,1,8.13E-06,0,0,1,FALSE
11,DGAT2,ENST00000228027,1518,2,2.14E-05,0,0,2,TRUE
23,DGAT2L6,ENST00000333026,828,1,8.13E-06,0,0,1,TRUE
7,DGKB,ENST00000402815,237,3,3.25E-05,0,0,3,FALSE
3,DGKG,ENST00000265022,600,1,4.58E-06,0,0,1,TRUE
7,DGKI,ENST00000288490,271,1,9.66E-06,0,0,1,FALSE
14,DGLUCY,ENST00000256324,960,1,3.56E-06,0,0,1,TRUE
11,DHCR7,ENST00000355527,15822,1,2.08E-05,0,0,1,FALSE
3,DHFR2,ENST00000314636,3504,7,0.001751265,0,0,7,TRUE
14,DHRS1,ENST00000288111,611,1,5.54E-05,0,0,1,TRUE
13,DHRS12,ENST00000444610,1127,3,6.10E-05,0,0,3,TRUE
14,DHRS4L2,ENST00000335125,46,1,6.61E-06,0,0,1,TRUE
14,DHRS7,ENST00000557185,959,1,0.000337038,0,0,1,FALSE
17,DHRS7B,ENST00000395511,3546,4,0.001507275,0,0,4,TRUE
17,DHRS7C,ENST00000571134,835,1,0.00011997,0,0,1,TRUE
2,DHRS9,ENST00000428522,2792,9,0.001052366,0,0,9,TRUE
10,DHTKD1,ENST00000263035,1189,1,2.54E-06,0,0,1,FALSE
17,DHX58,ENST00000251642,2763,6,0.000513434,0,0,6,TRUE
1,DIO1,ENST00000361921,616,2,0.000250107,0,0,2,FALSE
1,DIPK1A,ENST00000370310,134,1,1.53E-06,0,0,1,FALSE
18,DIPK1C,ENST00000343998,664,2,5.49E-05,0,0,2,TRUE
15,DIS3L,ENST00000319212,1337,1,1.32E-05,0,0,1,FALSE
1,DISP3,ENST00000294484,760,1,4.17E-05,0,0,1,TRUE
11,DIXDC1,ENST00000440460,807,1,2.14E-05,0,0,1,TRUE
11,DKK3,ENST00000326932,457,1,1.88E-05,0,0,1,FALSE
19,DKKL1,ENST00000221498,829,1,1.68E-05,0,0,1,FALSE
3,DLEC1,ENST00000308059,11270,36,0.004555308,13,1.36E-05,49,TRUE
14,DLGAP5,ENST00000247191,519,1,1.02E-06,0,0,1,FALSE
6,DLK2,ENST00000372488,108,1,2.03E-06,0,0,1,TRUE
19,DLL3,ENST00000356433,1295,0,NA,3,3.14E-06,3,FALSE
10,DMBT1,ENST00000338354,2595,40,0.000419897,3,3.14E-06,43,TRUE
5,DMGDH,ENST00000255189,4141,8,0.001327808,3,3.14E-06,11,TRUE
19,DMKN,ENST00000339686,1140,4,0.000317725,0,0,4,TRUE
19,DMRTC2,ENST00000269945,255,1,0.00011387,0,0,1,TRUE
10,DNA2,ENST00000358410,1532,15,0.000413823,2,2.09E-06,17,TRUE
16,DNAAF1,ENST00000378553,1497,1,0.000389395,0,0,1,FALSE
3,DNAH1,ENST00000420323,3900,2,9.66E-06,4,4.19E-06,6,TRUE
12,DNAH10,ENST00000673944,5196,3,2.90E-05,7,7.33E-06,10,TRUE
7,DNAH11,ENST00000409508,478857,2,4.37E-05,5,5.24E-06,7,TRUE
3,DNAH12,ENST00000495027,5478,2,0.0005236,5,5.24E-06,7,TRUE
1,DNAH14,ENST00000430092,157984,506,0.029586665,904,0.00094657,1410,TRUE
17,DNAH17,ENST00000389840,4998,1,2.03E-06,3,3.14E-06,4,TRUE
17,DNAH2,ENST00000572933,7904,14,0.001869714,12,1.26E-05,26,TRUE
16,DNAH3,ENST00000261383,7893,6,0.000345683,21,2.20E-05,27,TRUE
5,DNAH5,ENST00000265104,4498,3,0.000105249,2,2.09E-06,5,TRUE
2,DNAH6,ENST00000389394,4877,4,0.00024555,2,2.09E-06,6,TRUE
2,DNAH7,ENST00000312428,22680,40,0.007660847,106,0.00011099,146,TRUE
6,DNAH8,ENST00000327475,16715,297,0.006121041,24,2.51E-05,321,TRUE
17,DNAH9,ENST00000262442,6257,6,0.000623782,8,8.38E-06,14,TRUE
17,DNAI2,ENST00000311014,971,1,0.000188597,0,0,1,TRUE
19,DNAJB1,ENST00000254322,235,1,7.17E-05,0,0,1,FALSE
2,DNAJB2,ENST00000336576,435,1,4.58E-05,0,0,1,FALSE
10,DNAJC1,ENST00000376980,2200,17,0.000919357,0,0,17,FALSE
2,DNAJC10,ENST00000264065,620,1,6.11E-06,0,0,1,FALSE
1,DNAJC16,ENST00000375847,1011,1,1.42E-05,0,0,1,TRUE
7,DNAJC30,ENST00000395176,221,1,1.17E-05,0,0,1,FALSE
8,DNAJC5B,ENST00000276570,1184,1,0.000494623,0,0,1,TRUE
16,DNASE1,ENST00000407479,2060,4,0.000466173,0,0,4,TRUE
16,DNASE1L2,ENST00000320700,2279,7,0.000879444,0,0,7,TRUE
3,DNASE1L3,ENST00000394549,363,1,0.0001032,0,0,1,FALSE
1,DNASE2B,ENST00000370665,1688,1,0.000105229,0,0,1,TRUE
11,DNHD1,ENST00000254579,21971,46,0.006989986,125,0.00013089,171,TRUE
8,DOCK5,ENST00000276440,918,1,5.24E-05,0,0,1,FALSE
19,DOCK6,ENST00000294618,21082,0,NA,3,3.14E-06,3,TRUE
13,DOCK9,ENST00000376460,335,1,1.02E-06,0,0,1,FALSE
8,DOK2,ENST00000276420,1294,7,0.000382282,0,0,7,TRUE
5,DOK3,ENST00000357198,4356,24,0.001885979,3,3.14E-06,27,TRUE
4,DOK7,ENST00000340083,230,0,NA,2,2.09E-06,2,FALSE
9,DOLK,ENST00000372586,12567,39,0.006323342,0,0,39,TRUE
21,DOP1B,ENST00000399151,1851,3,8.18E-05,2,2.09E-06,5,TRUE
16,DPEP1,ENST00000393092,810,2,3.46E-05,0,0,2,TRUE
16,DPEP2,ENST00000393847,5654,5,0.002702887,2,2.09E-06,7,TRUE
16,DPEP3,ENST00000268793,633,1,0.000122515,0,0,1,TRUE
9,DPH7,ENST00000277540,587,1,3.26E-05,0,0,1,FALSE
20,DPM1,ENST00000371588,235,1,7.12E-06,0,0,1,FALSE
2,DPP4,ENST00000360534,59818,9,0.000246041,0,0,9,FALSE
9,DPP7,ENST00000371579,1459,2,1.78E-05,16,1.68E-05,18,TRUE
19,DPP9,ENST00000262960,149,1,1.02E-06,0,0,1,FALSE
3,DPPA4,ENST00000335658,497,1,4.63E-05,0,0,1,FALSE
19,DPRX,ENST00000376650,125,0,NA,2,2.09E-06,2,FALSE
8,DPY19L4,ENST00000414645,4093,3,0.000664424,0,0,3,TRUE
1,DPYD,ENST00000370192,8684,25,0.003685027,5,5.24E-06,30,TRUE
8,DPYS,ENST00000351513,2319,6,0.000567317,2,2.09E-06,8,TRUE
2,DQX1,ENST00000404568,2350,9,0.000228757,0,0,9,TRUE
12,DRAM1,ENST00000258534,89,1,1.02E-06,0,0,1,TRUE
1,DRAM2,ENST00000286692,694,2,1.12E-05,0,0,2,TRUE
1,DRAXIN,ENST00000294485,1070,3,0.000208425,0,0,3,TRUE
2,DRC1,ENST00000288710,2709,5,0.000998403,2,2.09E-06,7,TRUE
11,DRD4,ENST00000176183,20266,1,2.24E-05,0,0,1,TRUE
4,DRD5,ENST00000304374,13,0,NA,2,2.09E-06,2,FALSE
22,DRICH1,ENST00000317749,370,1,2.03E-06,0,0,1,FALSE
18,DSC3,ENST00000360428,2749,4,7.98E-05,0,0,4,TRUE
18,DSEL,ENST00000310045,632,1,1.02E-06,0,0,1,FALSE
18,DSG1,ENST00000257192,290,1,7.22E-05,0,0,1,FALSE
18,DSG2,ENST00000261590,476,1,1.53E-06,0,0,1,TRUE
18,DSG4,ENST00000308128,1486,5,0.00023689,0,0,5,FALSE
6,DST,ENST00000312431,452,1,1.02E-06,0,0,1,FALSE
1,DSTYK,ENST00000367162,922,3,0.000414312,0,0,3,FALSE
4,DTHD1,ENST00000639862,2260,4,0.000701018,3,3.14E-06,7,TRUE
2,DTNB,ENST00000406818,606,1,2.54E-06,0,0,1,TRUE
6,DTNBP1,ENST00000344537,464,0,NA,2,2.09E-06,2,TRUE
7,DTX2,ENST00000324432,852,1,0.00038789,0,0,1,TRUE
15,DUOX1,ENST00000389037,4959,10,0.001654176,10,1.05E-05,20,TRUE
15,DUOX2,ENST00000389039,10095,13,0.003716624,19,1.99E-05,32,TRUE
15,DUOXA2,ENST00000323030,801,1,0.000220121,0,0,1,TRUE
16,DUS2,ENST00000565263,686,1,1.02E-05,0,0,1,FALSE
20,DUSP15,ENST00000339738,1413,2,0.000392961,0,0,2,TRUE
22,DUSP18,ENST00000334679,8297,17,0.004058655,0,0,17,TRUE
1,DUSP27,ENST00000361200,2976,3,0.000974504,0,0,3,TRUE
19,DUXA,ENST00000554048,143,0,NA,3,3.14E-06,3,FALSE
10,DYDC2,ENST00000256039,4071,38,0.002055762,0,0,38,TRUE
18,DYNAP,ENST00000321600,191,2,5.64E-05,0,0,2,FALSE
7,DYNC1I1,ENST00000324972,173,1,7.63E-06,0,0,1,FALSE
1,DYRK3,ENST00000367109,1391,5,0.000371095,0,0,5,TRUE
12,DYRK4,ENST00000540757,917,2,0.000137781,0,0,2,TRUE
2,DYSF,ENST00000410020,2439,2,1.53E-05,0,0,2,TRUE
2,DYTN,ENST00000452335,7407,47,0.003438519,8,8.38E-06,55,TRUE
20,DZANK1,ENST00000358866,1490,2,6.35E-05,0,0,2,TRUE
6,E2F3,ENST00000346618,31,1,2.03E-06,0,0,1,FALSE
10,EBLN1,ENST00000422359,38,0,NA,4,4.19E-06,4,FALSE
3,EBLN2,ENST00000533473,828,4,0.000402103,0,0,4,TRUE
1,EBNA1BP2,ENST00000236051,1969,9,0.000776455,0,0,9,TRUE
3,ECE2,ENST00000404464,1344,2,6.15E-05,0,0,2,TRUE
19,ECH1,ENST00000221418,1050,4,0.000361944,0,0,4,TRUE
1,ECHDC2,ENST00000371522,8151,15,0.003231585,3,3.14E-06,18,TRUE
10,ECHDC3,ENST00000379215,571,5,0.000158098,0,0,5,TRUE
16,ECI1,ENST00000301729,1703,2,0.000141323,0,0,2,TRUE
6,ECI2,ENST00000380118,601,2,7.88E-05,0,0,2,TRUE
1,ECM1,ENST00000369047,992,3,7.94E-05,0,0,3,FALSE
9,ECM2,ENST00000344604,4936,3,0.001940388,4,4.19E-06,7,TRUE
2,ECRG4,ENST00000238044,2430,10,0.000368048,0,0,10,TRUE
6,ECT2L,ENST00000541398,11521,40,0.004188936,20,2.09E-05,60,TRUE
23,EDA2R,ENST00000374719,276,2,5.08E-06,0,0,2,TRUE
19,EDDM13,ENST00000649256,7901,155,0.004014701,0,0,155,TRUE
13,EEF1AKMT1,ENST00000382758,176,2,4.07E-06,0,0,2,FALSE
3,EEF1AKMT4-ECE2,ENST00000402825,1389,2,6.15E-05,0,0,2,TRUE
16,EEF2K,ENST00000263026,2415,3,0.000645603,0,0,3,FALSE
3,EFCAB12,ENST00000505956,3245,5,0.001346107,2,2.09E-06,7,TRUE
17,EFCAB13,ENST00000331493,267178,339,0.016051595,296,0.00030994,635,TRUE
1,EFCAB14,ENST00000371933,344,1,1.02E-06,0,0,1,FALSE
1,EFCAB2,ENST00000366523,1590,2,0.000440739,0,0,2,FALSE
17,EFCAB3,ENST00000305286,13479,42,0.006318266,10,1.05E-05,52,TRUE
17,EFCAB5,ENST00000394835,12414,80,0.0053301,30,3.14E-05,110,TRUE
22,EFCAB6,ENST00000262726,13601,74,0.005818558,21,2.20E-05,95,TRUE
1,EFCAB7,ENST00000371088,1403,1,8.13E-06,0,0,1,TRUE
20,EFCAB8,ENST00000400522,1773,2,2.19E-05,2,2.09E-06,4,FALSE
5,EFCAB9,ENST00000398186,227,1,5.49E-05,0,0,1,FALSE
3,EFCC1,ENST00000436022,1316,1,9.15E-06,0,0,1,TRUE
3,EFHB,ENST00000295824,13114,178,0.005907672,15,1.57E-05,193,TRUE
8,EFR3A,ENST00000254624,652,1,0.000119956,0,0,1,TRUE
4,EGF,ENST00000265171,926,1,1.02E-06,8,8.38E-06,9,FALSE
23,EGFL6,ENST00000361306,366,1,6.10E-06,0,0,1,TRUE
9,EGFL7,ENST00000308874,743,3,0.000182507,0,0,3,TRUE
6,EGFL8,ENST00000333845,9099,27,0.004338243,5,5.24E-06,32,TRUE
5,EGFLAM,ENST00000322350,637,1,1.02E-06,0,0,1,FALSE
11,EHBP1L1,ENST00000309295,2114,1,1.17E-05,0,0,1,TRUE
15,EHD4,ENST00000220325,268,1,2.54E-06,0,0,1,FALSE
3,EHHADH,ENST00000231887,1904,5,0.000410746,0,0,5,TRUE
3,EIF2A,ENST00000460851,619,1,3.20E-05,0,0,1,FALSE
2,EIF2AK2,ENST00000233057,218,1,4.07E-06,0,0,1,FALSE
15,EIF2AK4,ENST00000263791,1178,2,1.88E-05,0,0,2,FALSE
5,EIF4E1B,ENST00000318682,276,1,1.02E-06,0,0,1,FALSE
2,EIF5B,ENST00000289371,7258,26,0.003647495,0,0,26,TRUE
17,ELAC2,ENST00000338034,2426,9,0.00058765,0,0,9,TRUE
23,ELF4,ENST00000308167,44,1,2.54E-06,0,0,1,TRUE
5,ELL2,ENST00000237853,69,1,5.09E-06,0,0,1,FALSE
15,ELL3,ENST00000319359,842,2,7.68E-05,0,0,2,TRUE
16,ELMO3,ENST00000393997,6972,23,0.003014002,6,6.28E-06,29,TRUE
18,ELOA2,ENST00000332567,28,0,NA,2,2.09E-06,2,FALSE
5,EMB,ENST00000303221,505,3,9.30E-05,0,0,3,FALSE
4,EMCN,ENST00000296420,453,2,2.95E-05,0,0,2,FALSE
17,EME1,ENST00000338165,1437,1,9.15E-06,0,0,1,TRUE
16,EME2,ENST00000568449,39817,2,2.85E-05,3,3.14E-06,5,FALSE
22,EMID1,ENST00000334018,429,1,1.02E-06,0,0,1,FALSE
2,EMILIN1,ENST00000380320,408,1,5.59E-06,0,0,1,FALSE
18,EMILIN2,ENST00000254528,18252,177,0.008918953,17,1.78E-05,194,FALSE
11,EML3,ENST00000394773,275,1,2.54E-06,0,0,1,FALSE
2,EML6,ENST00000356458,953,1,3.56E-06,0,0,1,FALSE
16,EMP2,ENST00000359543,214,1,4.07E-06,0,0,1,FALSE
9,ENDOG,ENST00000372642,6061,12,0.002583435,4,4.19E-06,16,TRUE
12,ENDOU,ENST00000422538,5466,4,0.002106377,3,3.14E-06,7,TRUE
17,ENDOV,ENST00000518137,69519,6,0.000223165,0,0,6,TRUE
17,ENGASE,ENST00000579016,2660,1,1.53E-06,0,0,1,TRUE
16,ENKD1,ENST00000243878,880,1,3.66E-05,0,0,1,TRUE
10,ENO4,ENST00000341276,4473,4,0.002022765,0,0,4,TRUE
18,ENOSF1,ENST00000647584,1463,5,0.000219108,0,0,5,TRUE
4,ENPEP,ENST00000265162,21666,129,0.010208189,23,2.41E-05,152,TRUE
8,ENPP2,ENST00000075322,99,1,7.12E-06,0,0,1,FALSE
6,ENPP3,ENST00000357639,4685,8,0.001622687,4,4.19E-06,12,TRUE
6,ENPP5,ENST00000371383,723,1,1.58E-05,0,0,1,FALSE
4,ENPP6,ENST00000296741,251,1,1.98E-05,0,0,1,TRUE
17,ENPP7,ENST00000328313,39609,1,6.25E-05,0,0,1,TRUE
22,ENTHD1,ENST00000325157,12358,60,0.006246581,0,0,60,TRUE
9,ENTPD2,ENST00000355097,14083,82,0.006926921,9,9.42E-06,91,TRUE
3,ENTPD3,ENST00000301825,973,1,1.58E-05,3,3.14E-06,4,FALSE
8,ENTPD4,ENST00000358689,1772,1,7.78E-05,0,0,1,FALSE
10,ENTPD7,ENST00000370489,1671,2,0.000554101,0,0,2,TRUE
9,ENTPD8,ENST00000371506,2535,0,NA,3,3.14E-06,3,TRUE
9,ENTR1,ENST00000357365,703,1,1.53E-06,0,0,1,FALSE
3,EOGT,ENST00000383701,4722,56,0.002095926,3,3.14E-06,59,TRUE
12,EP400,ENST00000389561,534,1,4.78E-05,0,0,1,TRUE
5,EPB41L4A,ENST00000261486,353635,4,1.37E-05,0,0,4,TRUE
7,EPHA1,ENST00000275815,1601,1,7.12E-06,0,0,1,TRUE
1,EPHA10,ENST00000373048,3487,0,NA,2,2.09E-06,2,TRUE
8,EPHX2,ENST00000521400,1416,1,1.53E-05,0,0,1,FALSE
19,EPHX3,ENST00000221730,460,1,1.02E-06,0,0,1,FALSE
17,EPN3,ENST00000268933,6797,39,0.00233688,5,5.24E-06,44,TRUE
20,EPPIN,ENST00000354280,421,3,0.000180464,0,0,3,FALSE
20,EPPIN-WFDC6,ENST00000504988,479,3,0.000180464,0,0,3,FALSE
1,EPRS1,ENST00000366923,461,1,4.58E-06,0,0,1,FALSE
19,EPS8L1,ENST00000201647,1650,2,0.000232823,0,0,2,FALSE
11,EPS8L2,ENST00000318562,1358,1,8.95E-05,0,0,1,TRUE
13,EPSTI1,ENST00000313624,3174,12,0.00089291,0,0,12,TRUE
17,EPX,ENST00000225371,28616,129,0.014084054,128,0.00013403,257,TRUE
12,EPYC,ENST00000261172,1544,8,0.00053378,0,0,8,TRUE
5,ERAP1,ENST00000443439,8563,15,0.003470546,10,1.05E-05,25,TRUE
5,ERAP2,ENST00000437043,5032,12,0.001613538,5,5.24E-06,17,TRUE
9,ERCC6L2,ENST00000653738,1822,2,0.000310601,0,0,2,TRUE
2,ERFE,ENST00000546354,833,1,0.000155049,0,0,1,TRUE
19,ERFL,ENST00000597630,286,1,2.54E-06,0,0,1,FALSE
1,ERICH3,ENST00000326665,2045,9,0.000157084,0,0,9,TRUE
8,ERICH5,ENST00000318528,603,1,2.14E-05,0,0,1,TRUE
3,ERICH6,ENST00000295910,4546,7,0.001912416,8,8.38E-06,15,TRUE
13,ERICH6B,ENST00000298738,1493,1,3.05E-06,0,0,1,FALSE
6,ERMARD,ENST00000366773,4205,3,2.49E-05,6,6.28E-06,9,TRUE
9,ERMP1,ENST00000339450,1620,2,0.000265364,0,0,2,FALSE
16,ERN2,ENST00000256797,3083,5,0.000101162,0,0,5,TRUE
1,ERO1B,ENST00000354619,414,1,1.02E-06,0,0,1,TRUE
12,ERP27,ENST00000266397,1349,2,0.000221641,0,0,2,FALSE
19,ERVV-2,ENST00000601417,193,2,9.40E-05,0,0,2,FALSE
20,ESF1,ENST00000202816,5479,18,0.002534693,0,0,18,TRUE
12,ESPL1,ENST00000257934,1662,3,0.000775239,0,0,3,TRUE
12,ESYT1,ENST00000394048,1042,1,1.53E-06,0,0,1,TRUE
3,ESYT3,ENST00000389567,2473,4,0.000229341,2,2.09E-06,6,TRUE
12,ETFBKMT,ENST00000357721,8151,31,0.004064838,0,0,31,TRUE
1,ETV3L,ENST00000454449,1455,4,0.000547528,0,0,4,FALSE
17,ETV4,ENST00000319349,1053,2,0.000333989,0,0,2,TRUE
6,ETV7,ENST00000340181,713,2,7.42E-05,0,0,2,FALSE
17,EVPL,ENST00000301607,1716,0,NA,30,3.14E-05,30,TRUE
17,EVPLL,ENST00000399134,3870,38,0.001788882,0,0,38,TRUE
9,EXD3,ENST00000340951,1492,1,8.13E-06,6,6.28E-06,7,TRUE
1,EXO1,ENST00000366548,5528,7,0.002403541,4,4.19E-06,11,TRUE
1,EXO5,ENST00000372703,35635,102,0.001475247,0,0,102,TRUE
16,EXOC3L1,ENST00000314586,10473,51,0.00481532,6,6.28E-06,57,TRUE
3,EXOG,ENST00000287675,699,1,2.19E-05,0,0,1,TRUE
4,EXOSC9,ENST00000243498,914,1,3.05E-06,0,0,1,FALSE
11,EXPH5,ENST00000265843,628,1,3.56E-06,0,0,1,FALSE
1,EXTL1,ENST00000374280,13195,37,0.006417166,17,1.78E-05,54,TRUE
6,EYS,ENST00000503581,5154,7,0.000435485,6,6.28E-06,13,TRUE
4,F11,ENST00000403665,1969,10,0.000640011,0,0,10,TRUE
5,F12,ENST00000253496,1140,4,0.000339069,0,0,4,FALSE
23,FAAH2,ENST00000374900,862,1,0.000195717,0,0,1,TRUE
1,FABP3,ENST00000373713,1034,3,0.00043718,0,0,3,FALSE
8,FABP9,ENST00000379071,115,1,1.02E-06,0,0,1,FALSE
17,FADS6,ENST00000612771,326,4,7.68E-05,0,0,4,TRUE
2,FAHD2B,ENST00000414820,261,1,3.56E-06,0,0,1,TRUE
4,FAM114A1,ENST00000358869,1957,8,0.000627985,0,0,8,FALSE
11,FAM118B,ENST00000533050,272,2,4.32E-05,0,0,2,FALSE
6,FAM120B,ENST00000476287,1290,4,0.000376179,0,0,4,TRUE
7,FAM126A,ENST00000432176,262,1,7.63E-06,0,0,1,FALSE
2,FAM136A,ENST00000430566,463,2,0.000106245,0,0,2,TRUE
4,FAM13A,ENST00000264344,2478,6,0.000766131,0,0,6,TRUE
10,FAM149B1,ENST00000242505,1020,1,1.07E-05,0,0,1,TRUE
1,FAM151A,ENST00000302250,50840,27,0.003219992,26,2.72E-05,53,TRUE
5,FAM153B,ENST00000515817,863,3,0.000431588,0,0,3,TRUE
8,FAM160B2,ENST00000289921,690,2,1.47E-05,0,0,2,FALSE
2,FAM161A,ENST00000404929,1791,2,0.000408204,0,0,2,TRUE
14,FAM161B,ENST00000286544,1366,5,0.00030196,0,0,5,TRUE
3,FAM162A,ENST00000477892,917,4,0.000390626,0,0,4,TRUE
6,FAM162B,ENST00000368557,932,1,0.000253182,0,0,1,TRUE
9,FAM166A,ENST00000344774,12414,51,0.005972143,8,8.38E-06,59,TRUE
9,FAM166B,ENST00000399742,124365,2,4.63E-05,2,2.09E-06,4,TRUE
2,FAM166C,ENST00000329615,1268,11,0.000266381,0,0,11,TRUE
5,FAM170A,ENST00000613773,491,2,6.96E-05,0,0,2,FALSE
19,FAM174C,ENST00000409293,736,3,0.000216051,0,0,3,TRUE
2,FAM178B,ENST00000490605,1115,1,4.73E-05,0,0,1,TRUE
11,FAM180B,ENST00000538490,627,1,1.02E-06,0,0,1,FALSE
14,FAM181A,ENST00000267594,136,1,3.05E-05,0,0,1,TRUE
1,FAM183A,ENST00000335282,4325,12,0.002124915,0,0,12,TRUE
4,FAM184B,ENST00000265018,1539,1,8.90E-05,0,0,1,TRUE
7,FAM185A,ENST00000413034,170,2,2.85E-05,0,0,2,TRUE
12,FAM186A,ENST00000327337,16398,59,0.007160406,22,2.30E-05,81,TRUE
12,FAM186B,ENST00000257894,1284,6,0.000178939,0,0,6,TRUE
1,FAM189B,ENST00000361361,2666,2,0.000938946,0,0,2,TRUE
7,FAM200A,ENST00000449309,2405,4,0.000871312,0,0,4,TRUE
4,FAM200B,ENST00000422728,4297,29,0.001325838,3,3.14E-06,32,TRUE
9,FAM205A,ENST00000378788,535,1,9.61E-05,0,0,1,FALSE
21,FAM207A,ENST00000291634,303,2,4.07E-05,0,0,2,TRUE
20,FAM209B,ENST00000371325,35,1,7.26E-06,0,0,1,TRUE
17,FAM20A,ENST00000592554,830,2,6.96E-05,0,0,2,FALSE
20,FAM210B,ENST00000371384,574,2,0.000194699,0,0,2,FALSE
6,FAM217A,ENST00000274673,345,1,7.17E-05,0,0,1,TRUE
20,FAM217B,ENST00000360816,52,1,1.37E-05,0,0,1,FALSE
7,FAM221A,ENST00000344962,12136,48,0.005994328,0,0,48,TRUE
22,FAM227A,ENST00000355830,12133,282,0.005789112,105,0.00010994,387,TRUE
15,FAM227B,ENST00000299338,4701,5,0.001515944,3,3.14E-06,8,TRUE
16,FAM234A,ENST00000399932,2985,1,0.001114407,2,2.09E-06,3,FALSE
21,FAM3B,ENST00000357985,1762,7,0.000482422,0,0,7,FALSE
3,FAM3D,ENST00000358781,181,1,6.61E-06,0,0,1,FALSE
1,FAM43B,ENST00000332947,224,1,1.88E-05,0,0,1,FALSE
4,FAM47E,ENST00000424749,14581,440,0.00755887,120,0.00012565,560,TRUE
4,FAM47E-STBD1,ENST00000515604,12661,423,0.00660396,9,9.42E-06,432,TRUE
4,FAM53A,ENST00000308132,278,1,5.49E-05,0,0,1,TRUE
12,FAM71C,ENST00000324341,2132,5,0.000922147,0,0,5,TRUE
19,FAM71E1,ENST00000600100,3299,5,0.001592061,0,0,5,TRUE
19,FAM71E2,ENST00000424985,895,3,0.000128612,0,0,3,TRUE
7,FAM71F1,ENST00000315184,926,2,0.000261294,0,0,2,TRUE
1,FAM76A,ENST00000373954,124,2,7.63E-06,0,0,2,FALSE
5,FAM81B,ENST00000283357,58376,88,0.007572519,31,3.25E-05,119,TRUE
8,FAM83A,ENST00000518448,9499,27,0.004760189,30,3.14E-05,57,TRUE
20,FAM83C,ENST00000374408,231,1,1.93E-05,0,0,1,FALSE
20,FAM83D,ENST00000619850,781,1,0.000125056,0,0,1,FALSE
19,FAM83E,ENST00000263266,968,2,0.000181999,0,0,2,FALSE
17,FAM83G,ENST00000388995,355,1,5.08E-06,0,0,1,FALSE
8,FAM83H,ENST00000388913,4467,12,0.002215381,0,0,12,TRUE
1,FAM89A,ENST00000366654,989,1,2.49E-05,0,0,1,FALSE
19,FAM98C,ENST00000252530,3749,7,0.001116853,5,5.24E-06,12,TRUE
15,FAN1,ENST00000362065,2290,2,4.22E-05,0,0,2,FALSE
2,FANCL,ENST00000233741,7914,20,0.003728543,0,0,20,TRUE
14,FANCM,ENST00000267430,3927,5,0.001303414,0,0,5,TRUE
10,FANK1,ENST00000368693,4396,3,0.001809732,3,3.14E-06,6,TRUE
19,FARSA,ENST00000314606,340,1,7.12E-06,0,0,1,FALSE
2,FASTKD1,ENST00000453153,45164,108,0.009395717,15,1.57E-05,123,TRUE
4,FAT1,ENST00000441802,944,1,1.02E-06,0,0,1,FALSE
5,FAXDC2,ENST00000326080,653,1,2.14E-05,0,0,1,FALSE
10,FBH1,ENST00000362091,230,1,8.64E-06,0,0,1,FALSE
1,FBLIM1,ENST00000375766,487,1,4.83E-05,0,0,1,TRUE
2,FBLN7,ENST00000331203,489,1,4.27E-05,0,0,1,FALSE
19,FBN3,ENST00000600128,3685,4,0.000201908,4,4.19E-06,8,TRUE
9,FBP2,ENST00000375337,407,1,2.44E-05,0,0,1,FALSE
19,FBXL12,ENST00000247977,209,1,7.12E-06,0,0,1,FALSE
7,FBXL13,ENST00000313221,1032,1,7.32E-05,0,0,1,TRUE
15,FBXL22,ENST00000638704,584,3,0.000207555,0,0,3,FALSE
16,FBXL8,ENST00000258200,16021,452,0.008557558,2,2.09E-06,454,TRUE
8,FBXO16,ENST00000380254,1076,8,0.000446862,0,0,8,TRUE
19,FBXO17,ENST00000292852,1223,5,0.000311626,0,0,5,FALSE
15,FBXO22,ENST00000308275,450,2,0.000179965,0,0,2,TRUE
19,FBXO27,ENST00000292853,2513,13,0.000942565,0,0,13,TRUE
6,FBXO30,ENST00000237281,123,1,1.07E-05,0,0,1,FALSE
2,FBXO36,ENST00000283946,452,1,1.17E-05,0,0,1,TRUE
17,FBXO39,ENST00000321535,444,1,1.58E-05,0,0,1,FALSE
5,FBXO4,ENST00000281623,610,2,0.000134204,0,0,2,FALSE
3,FBXO40,ENST00000338040,1196,6,0.000252141,0,0,6,TRUE
1,FBXO42,ENST00000375592,155,1,5.85E-05,0,0,1,FALSE
1,FBXO6,ENST00000376753,63,1,2.03E-06,0,0,1,TRUE
12,FBXW8,ENST00000652555,9115,27,0.004133702,11,1.15E-05,38,TRUE
19,FBXW9,ENST00000393261,822,1,1.93E-05,0,0,1,FALSE
1,FCAMR,ENST00000324852,1019,1,4.58E-06,0,0,1,TRUE
19,FCAR,ENST00000355524,750,5,0.000179447,0,0,5,TRUE
19,FCER2,ENST00000597921,7283,65,0.00359081,0,0,65,TRUE
19,FCGBP,ENST00000616721,2541,1,3.66E-05,2,2.09E-06,3,TRUE
1,FCGR1A,ENST00000369168,11203,47,0.00562185,0,0,47,TRUE
1,FCGR3A,ENST00000443193,35,1,1.02E-06,0,0,1,FALSE
1,FCGR3B,ENST00000650385,43,3,8.13E-06,0,0,3,TRUE
5,FCHSD1,ENST00000435817,5297,9,0.001686701,5,5.24E-06,14,TRUE
9,FCN1,ENST00000371806,1977,7,0.000434149,0,0,7,TRUE
9,FCN2,ENST00000291744,1737,3,0.000684902,0,0,3,TRUE
1,FCN3,ENST00000270879,35971,7,0.00232929,0,0,7,TRUE
1,FCRL1,ENST00000368176,1157,2,0.000509366,0,0,2,FALSE
1,FCRL2,ENST00000361516,3612,13,0.001586561,0,0,13,TRUE
1,FCRL3,ENST00000368184,6369,11,0.00212897,9,9.42E-06,20,TRUE
1,FCRL5,ENST00000361835,808,1,1.02E-06,2,2.09E-06,3,FALSE
1,FCRL6,ENST00000368106,5286,13,0.001810412,3,3.14E-06,16,TRUE
1,FCRLB,ENST00000367948,2413,55,0.001139728,2,2.09E-06,57,TRUE
16,FCSK,ENST00000288078,2847,5,0.000475815,2,2.09E-06,7,TRUE
11,FDXACB1,ENST00000260257,3288,10,0.001288785,3,3.14E-06,13,TRUE
5,FER,ENST00000281092,194,1,1.02E-06,0,0,1,FALSE
8,FER1L6,ENST00000522917,4641,10,0.000644082,9,9.42E-06,19,TRUE
3,FETUB,ENST00000265029,3431,0,NA,2,2.09E-06,2,TRUE
9,FGD3,ENST00000375482,135,1,1.53E-06,0,0,1,FALSE
17,FGF11,ENST00000293829,583,1,7.12E-06,0,0,1,FALSE
19,FGF22,ENST00000215530,729,1,0.000250618,0,0,1,TRUE
4,FGFBP1,ENST00000382333,2261,12,0.000947637,0,0,12,TRUE
8,FGFR1,ENST00000447712,225,1,3.61E-05,0,0,1,FALSE
4,FGFR3,ENST00000440486,210,1,6.86E-05,0,0,1,FALSE
1,FGGY,ENST00000303721,7869,18,0.003422221,4,4.19E-06,22,TRUE
8,FGL1,ENST00000427924,3937,23,0.001677147,3,3.14E-06,26,TRUE
1,FHAD1,ENST00000358897,9909,26,0.004243221,18,1.89E-05,44,TRUE
6,FHL5,ENST00000326771,292,1,1.02E-06,0,0,1,FALSE
9,FIBCD1,ENST00000372338,4046,7,0.001438121,0,0,7,TRUE
6,FIG4,ENST00000230124,1643,1,2.54E-06,0,0,1,TRUE
3,FILIP1L,ENST00000354552,901,1,1.12E-05,0,0,1,FALSE
11,FJX1,ENST00000317811,97,1,2.54E-06,0,0,1,FALSE
9,FKBP15,ENST00000238256,1185,1,3.05E-06,0,0,1,FALSE
2,FKBP7,ENST00000424785,4685,8,0.00227791,0,0,8,TRUE
7,FKBP9,ENST00000242209,263,1,2.90E-05,0,0,1,FALSE
2,FLACC1,ENST00000392257,1558,3,0.000114887,4,4.19E-06,7,TRUE
1,FLG2,ENST00000388718,62,0,NA,23,2.41E-05,23,FALSE
3,FLNB,ENST00000295956,896,1,1.02E-06,0,0,1,FALSE
16,FLYWCH1,ENST00000253928,1825,7,0.000380246,0,0,7,TRUE
1,FMO1,ENST00000617670,354,1,6.10E-06,0,0,1,FALSE
1,FMO2,ENST00000209929,104476,22,0.002051209,3,3.14E-06,25,TRUE
1,FMO3,ENST00000367755,2066,1,0.00069695,0,0,1,FALSE
1,FMO5,ENST00000254090,1242,2,3.05E-05,0,0,2,TRUE
17,FN3KRP,ENST00000269373,964,6,0.000155047,0,0,6,TRUE
2,FNDC4,ENST00000264703,1581,3,0.000514634,0,0,3,FALSE
1,FNDC7,ENST00000370017,3192,4,0.000493651,3,3.14E-06,7,TRUE
9,FOCAD,ENST00000380249,1655,1,5.29E-05,0,0,1,TRUE
11,FOLR1,ENST00000393676,4840,23,0.002428904,0,0,23,TRUE
11,FOLR3,ENST00000611028,3236,2,0.001593168,0,0,2,TRUE
2,FOXD4L1,ENST00000306507,27,1,5.09E-06,0,0,1,TRUE
16,FOXL1,ENST00000320241,70,1,3.41E-05,0,0,1,FALSE
22,FOXRED2,ENST00000397224,769,1,8.59E-05,0,0,1,FALSE
1,FPGT,ENST00000370898,1025,1,9.36E-05,0,0,1,TRUE
1,FPGT-TNNI3K,ENST00000557284,7328,32,0.001690258,10,1.05E-05,42,TRUE
9,FREM1,ENST00000380880,1956,2,8.34E-05,0,0,2,TRUE
4,FREM3,ENST00000329798,2362,3,0.000196223,2,2.09E-06,5,TRUE
6,FRK,ENST00000606080,701,1,4.22E-05,0,0,1,TRUE
9,FRMD3,ENST00000304195,206,1,1.07E-05,0,0,1,FALSE
11,FRMD8,ENST00000317568,366,1,1.47E-05,0,0,1,FALSE
10,FRMPD2,ENST00000374201,2456,3,0.000183007,0,0,3,TRUE
17,FSCN2,ENST00000417245,983,1,1.02E-06,0,0,1,TRUE
15,FSD2,ENST00000334574,1299,3,0.000132679,0,0,3,TRUE
15,FSIP1,ENST00000350221,4594,6,0.001674507,2,2.09E-06,8,TRUE
2,FSIP2,ENST00000424728,5736,6,0.000315716,4,4.19E-06,10,TRUE
5,FSTL4,ENST00000265342,191,1,1.22E-05,0,0,1,FALSE
21,FTCD,ENST00000397746,10387,35,0.004838216,5,5.24E-06,40,TRUE
6,FUCA2,ENST00000002165,823,1,5.90E-05,0,0,1,TRUE
10,FUOM,ENST00000278025,200,2,6.30E-05,0,0,2,FALSE
8,FUT10,ENST00000327671,848,2,0.000134205,0,0,2,TRUE
19,FUT2,ENST00000425340,2535,19,0.001234291,32,3.35E-05,51,TRUE
17,FXR2,ENST00000250113,41,1,1.42E-05,0,0,1,FALSE
19,FXYD3,ENST00000603181,107,1,3.05E-06,0,0,1,FALSE
1,FYB2,ENST00000343433,7184,30,0.003141658,10,1.05E-05,40,TRUE
3,FYCO1,ENST00000296137,1579,2,1.73E-05,0,0,2,TRUE
7,FZD9,ENST00000344575,324,1,7.93E-05,0,0,1,FALSE
2,G6PC2,ENST00000375363,5887,8,0.002297766,0,0,8,TRUE
22,GAB4,ENST00000400588,457699,4,0.000157084,0,0,4,FALSE
16,GABARAPL2,ENST00000037243,859,5,0.000419901,0,0,5,TRUE
6,GABRR1,ENST00000454853,483,1,3.00E-05,0,0,1,TRUE
6,GABRR2,ENST00000402938,599,1,3.05E-06,0,0,1,TRUE
3,GADL1,ENST00000282538,1939,15,0.000637103,5,5.24E-06,20,TRUE
2,GAL3ST2,ENST00000192314,10329,40,0.005202502,3,3.14E-06,43,TRUE
7,GAL3ST4,ENST00000360039,1507,6,0.000509881,0,0,6,TRUE
15,GALK2,ENST00000560031,969,1,9.66E-06,0,0,1,FALSE
9,GALNT12,ENST00000375011,425,1,2.54E-06,0,0,1,FALSE
2,GALNT13,ENST00000392825,145,1,1.53E-05,0,0,1,FALSE
3,GALNT15,ENST00000339732,1710,3,0.000276561,0,0,3,TRUE
14,GALNT16,ENST00000448469,200,1,1.02E-06,0,0,1,FALSE
2,GALNT5,ENST00000259056,2177,5,0.00035943,0,0,5,TRUE
12,GALNT6,ENST00000356317,1505,3,0.000432175,0,0,3,TRUE
12,GALNT8,ENST00000252318,2077,2,0.000186581,0,0,2,TRUE
15,GANC,ENST00000318010,3153,9,0.000384335,5,5.24E-06,14,TRUE
17,GAS2L2,ENST00000604641,2364,5,0.001010727,0,0,5,TRUE
3,GASK1A,ENST00000430121,2631,5,0.000871822,3,3.14E-06,8,TRUE
4,GASK1B,ENST00000585682,2300,2,6.81E-05,0,0,2,FALSE
20,GATA5,ENST00000252997,133,2,5.60E-06,0,0,2,FALSE
11,GATD1,ENST00000319863,627,1,0.000125089,0,0,1,FALSE
3,GBE1,ENST00000429644,2637,1,0.000881194,0,0,1,FALSE
1,GBP1,ENST00000370473,2384,1,0.000109803,2,2.09E-06,3,TRUE
1,GBP3,ENST00000370481,1135,5,0.000137767,0,0,5,TRUE
1,GBP4,ENST00000355754,9537,35,0.004420639,4,4.19E-06,39,TRUE
1,GBP5,ENST00000370459,20019,58,0.009328045,72,7.54E-05,130,TRUE
1,GBP7,ENST00000294671,9112,48,0.004397303,66,6.91E-05,114,TRUE
2,GCA,ENST00000437150,3745,8,0.001700822,3,3.14E-06,11,TRUE
22,GCAT,ENST00000248924,2131,7,0.00069306,3,3.14E-06,10,TRUE
2,GCC2,ENST00000309863,1122,1,9.31E-05,0,0,1,FALSE
2,GCFC2,ENST00000321027,2434,7,0.000749458,2,2.09E-06,9,TRUE
2,GCG,ENST00000418842,150,1,5.49E-05,0,0,1,FALSE
2,GCKR,ENST00000264717,9173,13,0.003729622,10,1.05E-05,23,TRUE
6,GCNT2,ENST00000495262,922,2,0.000164708,0,0,2,FALSE
15,GCNT3,ENST00000396065,24,0,NA,7,7.33E-06,7,FALSE
20,GCNT7,ENST00000617620,1691,5,0.000415322,2,2.09E-06,7,TRUE
15,GCOM1,ENST00000587652,955,1,1.02E-06,0,0,1,FALSE
16,GDE1,ENST00000353258,1036,1,0.000400609,0,0,1,FALSE
11,GDPD4,ENST00000315938,402104,7,0.000265432,2,2.09E-06,9,TRUE
15,GDPGP1,ENST00000558017,553,2,0.000143355,0,0,2,FALSE
8,GEM,ENST00000297596,1626,1,0.000397551,0,0,1,TRUE
17,GEMIN4,ENST00000319004,1245,1,8.85E-05,0,0,1,FALSE
2,GEN1,ENST00000381254,741,1,2.44E-05,0,0,1,TRUE
21,GET1-SH3BGR,ENST00000647779,745,1,2.03E-06,0,0,1,TRUE
17,GFAP,ENST00000588735,253,1,1.32E-05,0,0,1,FALSE
5,GFPT2,ENST00000253778,1150,1,3.71E-05,0,0,1,TRUE
20,GFRA4,ENST00000290417,398,1,3.06E-06,0,0,1,FALSE
6,GFRAL,ENST00000340465,2525,3,0.001120016,0,0,3,TRUE
19,GFY,ENST00000576655,1380,2,0.000309613,0,0,2,TRUE
7,GGCT,ENST00000275428,211,1,1.88E-05,0,0,1,TRUE
22,GGT5,ENST00000327365,623,1,4.07E-06,0,0,1,FALSE
20,GGTLC1,ENST00000335694,1440,1,0.000667463,0,0,1,FALSE
17,GHDC,ENST00000587427,1363,1,2.03E-05,0,0,1,TRUE
7,GHRHR,ENST00000326139,852,2,2.80E-05,0,0,2,FALSE
3,GHRL,ENST00000335542,241,1,6.10E-06,0,0,1,FALSE
3,GHSR,ENST00000241256,340,1,1.32E-05,0,0,1,FALSE
7,GIMAP2,ENST00000223293,2699,4,0.001109232,0,0,4,TRUE
7,GIMAP6,ENST00000328902,62,1,7.12E-06,0,0,1,FALSE
7,GIMAP8,ENST00000307271,564,1,0.000156064,0,0,1,TRUE
4,GIMD1,ENST00000638719,385,1,5.44E-05,0,0,1,TRUE
17,GIP,ENST00000357424,409,1,7.78E-05,0,0,1,FALSE
1,GIPC2,ENST00000370759,1073,2,0.000153034,0,0,2,FALSE
6,GJA10,ENST00000369352,23,1,1.22E-05,4,4.19E-06,5,FALSE
13,GJB2,ENST00000382848,16395,45,0.007509966,20,2.09E-05,65,TRUE
13,GJB6,ENST00000647029,2362,2,0.000552081,2,2.09E-06,4,TRUE
6,GJB7,ENST00000525899,1731,6,0.000772185,78,8.17E-05,84,TRUE
10,GJD4,ENST00000321660,1619,19,0.000617665,2,2.09E-06,21,TRUE
11,GLB1L2,ENST00000535456,2003,2,0.000463111,0,0,2,TRUE
11,GLB1L3,ENST00000431683,1404,2,0.000106756,0,0,2,TRUE
8,GLI4,ENST00000340042,330,2,3.10E-05,0,0,2,FALSE
12,GLIPR1L2,ENST00000550916,1216,1,8.64E-06,0,0,1,TRUE
6,GLO1,ENST00000373365,580,1,2.75E-05,0,0,1,FALSE
23,GLRA4,ENST00000372617,3744,43,0.001889785,0,0,43,TRUE
12,GLS2,ENST00000311966,474,1,6.61E-06,0,0,1,TRUE
9,GLT6D1,ENST00000371763,94,1,3.36E-05,0,0,1,FALSE
23,GLUD2,ENST00000328078,113,1,6.61E-06,0,0,1,TRUE
11,GLYATL1,ENST00000300079,1315,3,0.000485474,0,0,3,FALSE
11,GLYATL2,ENST00000287275,430,1,9.71E-05,0,0,1,FALSE
6,GLYATL3,ENST00000371197,2236,4,0.00058818,0,0,4,TRUE
3,GLYCTK,ENST00000436784,520,1,7.63E-06,0,0,1,FALSE
19,GMFG,ENST00000597595,339,3,7.52E-05,0,0,3,FALSE
6,GMPR,ENST00000259727,3556,7,0.001743646,0,0,7,TRUE
12,GNB3,ENST00000229264,337,1,4.58E-06,0,0,1,FALSE
15,GNB5,ENST00000261837,468,1,9.30E-05,0,0,1,FALSE
3,GNL3,ENST00000418458,798,1,3.25E-05,0,0,1,FALSE
2,GNLY,ENST00000263863,21777,459,0.009538798,29,3.04E-05,488,TRUE
16,GNPTG,ENST00000204679,847,1,9.15E-06,0,0,1,FALSE
3,GOLGA4,ENST00000361924,1076,1,0.000121011,0,0,1,TRUE
15,GOLGA6D,ENST00000434739,11,1,5.08E-06,0,0,1,TRUE
15,GOLGA6L2,ENST00000567107,5241,82,0.002504128,4,4.19E-06,86,TRUE
15,GOLGA8H,ENST00000566740,94,2,2.64E-05,0,0,2,TRUE
15,GOLGA8K,ENST00000512626,6,1,2.03E-06,0,0,1,TRUE
3,GOLGB1,ENST00000340645,1184,1,4.58E-06,0,0,1,FALSE
9,GOLM1,ENST00000388712,351,1,1.02E-06,0,0,1,FALSE
1,GON4L,ENST00000271883,677,2,0.000105245,0,0,2,FALSE
8,GOT1L1,ENST00000307599,803,5,0.000144377,0,0,5,TRUE
17,GP1BA,ENST00000329125,1192,1,0.000563648,0,0,1,TRUE
16,GP2,ENST00000302555,1354,1,3.71E-05,2,2.09E-06,3,TRUE
19,GP6,ENST00000310373,571,1,8.64E-06,2,2.09E-06,3,TRUE
4,GPAT3,ENST00000264409,2444,0,NA,2,2.09E-06,2,TRUE
1,GPATCH2,ENST00000366935,441,2,0.000111838,0,0,2,TRUE
14,GPATCH2L,ENST00000261530,334,1,6.56E-05,0,0,1,FALSE
1,GPATCH3,ENST00000361720,1546,1,2.14E-05,0,0,1,FALSE
2,GPBAR1,ENST00000519574,693,1,0.000115909,0,0,1,FALSE
13,GPC5,ENST00000377067,510,1,1.58E-05,0,0,1,FALSE
2,GPD2,ENST00000438166,2840,4,0.001194287,0,0,4,FALSE
11,GPHA2,ENST00000279168,1103,2,0.000167758,0,0,2,TRUE
6,GPLD1,ENST00000230036,7668,18,0.003177611,6,6.28E-06,24,TRUE
7,GPNMB,ENST00000258733,9696,28,0.004489676,10,1.05E-05,38,TRUE
2,GPR1,ENST00000612892,3527,24,0.001678066,2,2.09E-06,26,TRUE
23,GPR119,ENST00000276218,34,1,3.56E-06,0,0,1,TRUE
14,GPR135,ENST00000395116,15685,883,0.00871413,0,0,883,TRUE
1,GPR137B,ENST00000366592,1612,1,1.83E-05,0,0,1,FALSE
7,GPR141,ENST00000447769,43,1,6.61E-06,0,0,1,FALSE
17,GPR142,ENST00000335666,32395,21,0.003673465,0,0,21,TRUE
3,GPR149,ENST00000389740,1032,1,0.000272475,0,0,1,FALSE
3,GPR15,ENST00000284311,3376,24,0.001635374,0,0,24,TRUE
5,GPR150,ENST00000380007,4149,5,0.001926643,0,0,5,TRUE
5,GPR151,ENST00000311104,16344,91,0.007747809,34,3.56E-05,125,TRUE
3,GPR156,ENST00000464295,973,1,4.58E-06,0,0,1,TRUE
1,GPR157,ENST00000377411,257,1,4.17E-05,0,0,1,FALSE
12,GPR162,ENST00000311268,5225,10,0.002404796,2,2.09E-06,12,TRUE
17,GPR179,ENST00000616987,1213,2,0.000283904,2,2.09E-06,4,TRUE
14,GPR33,ENST00000399285,155,0,NA,2,2.09E-06,2,FALSE
2,GPR39,ENST00000329321,225,1,3.20E-05,0,0,1,TRUE
12,GPR84,ENST00000267015,721,2,0.000159624,0,0,2,FALSE
3,GPR87,ENST00000260843,1646,1,0.000739205,0,0,1,TRUE
1,GPR89A,ENST00000313835,160,1,1.73E-05,0,0,1,TRUE
12,GPRC5A,ENST00000014914,6671,25,0.00327735,0,0,25,TRUE
12,GPRC5D,ENST00000396333,10110,35,0.005080459,0,0,35,TRUE
6,GPRC6A,ENST00000310357,153964,3,5.39E-05,0,0,3,FALSE
1,GPSM2,ENST00000264126,1508,1,4.07E-06,0,0,1,FALSE
8,GPT,ENST00000394955,1736,3,0.000318227,0,0,3,FALSE
1,GPX7,ENST00000361314,672,2,0.000140813,0,0,2,TRUE
19,GRAMD1A,ENST00000317991,4115,5,0.001891103,0,0,5,TRUE
15,GRAMD2A,ENST00000309731,4601,15,0.002164571,3,3.14E-06,18,TRUE
7,GRB10,ENST00000401949,208,1,8.64E-06,0,0,1,FALSE
7,GRIFIN,ENST00000614228,3764,5,0.001795026,0,0,5,TRUE
19,GRIN3B,ENST00000234389,419074,4,0.000878448,5,5.24E-06,9,TRUE
3,GRIP2,ENST00000621039,685,4,0.000120987,0,0,4,FALSE
13,GRK1,ENST00000335678,428,2,3.05E-05,0,0,2,TRUE
4,GRK4,ENST00000398052,26593,1,0.000215306,0,0,1,TRUE
5,GRM6,ENST00000517717,1935,0,NA,3,3.14E-06,3,TRUE
7,GRM8,ENST00000339582,334,1,2.49E-05,0,0,1,FALSE
13,GRTP1,ENST00000375431,883,5,3.05E-05,0,0,5,FALSE
14,GSC,ENST00000238558,55,1,4.07E-06,0,0,1,FALSE
17,GSDMA,ENST00000301659,1262,3,0.000155117,0,0,3,TRUE
8,GSDMC,ENST00000276708,1675,6,0.000635001,0,0,6,TRUE
7,GSDME,ENST00000645220,2310,18,0.00074425,0,0,18,TRUE
12,GSG1,ENST00000651961,9934,40,0.005022068,0,0,40,TRUE
8,GSR,ENST00000221130,581,2,7.47E-05,0,0,2,TRUE
6,GSTA5,ENST00000370989,3959,13,0.001868368,0,0,13,TRUE
4,GSTCD,ENST00000515279,361,1,5.59E-06,0,0,1,TRUE
1,GSTM4,ENST00000369836,5028,10,0.002296717,2,2.09E-06,12,TRUE
1,GSTM5,ENST00000256593,513,1,5.19E-05,0,0,1,TRUE
10,GSTO1,ENST00000369713,148,1,3.56E-06,0,0,1,FALSE
10,GSTO2,ENST00000338595,1938,2,0.000596804,0,0,2,TRUE
2,GTDC1,ENST00000392869,1091,1,0.000279144,0,0,1,TRUE
2,GTF2A1L,ENST00000403751,544,1,4.07E-05,0,0,1,TRUE
19,GTF2F1,ENST00000394456,9364,29,0.004401278,4,4.19E-06,33,TRUE
9,GTF3C5,ENST00000372097,555,1,9.15E-06,0,0,1,TRUE
7,GTPBP10,ENST00000222511,625,1,0.000197242,0,0,1,FALSE
6,GUCA1B,ENST00000230361,698,1,0.000267413,0,0,1,FALSE
3,GUCA1C,ENST00000261047,437854,101,0.008070182,4,4.19E-06,105,TRUE
17,GUCY2D,ENST00000254854,697,2,1.02E-05,0,0,2,FALSE
4,GUF1,ENST00000281543,37800,9,0.001158983,0,0,9,TRUE
4,GYPB,ENST00000502664,763,2,0.000355031,0,0,2,TRUE
12,GYS2,ENST00000261195,1590,1,0.000190134,3,3.14E-06,4,TRUE
14,GZMB,ENST00000216341,353,1,2.39E-05,0,0,1,FALSE
19,GZMM,ENST00000264553,237,0,NA,2,2.09E-06,2,TRUE
6,H2AC12,ENST00000377459,1100,1,0.000475306,0,0,1,FALSE
6,H2AC14,ENST00000333151,217,2,5.80E-05,0,0,2,FALSE
6,H2AC15,ENST00000618958,849,2,0.000285692,0,0,2,TRUE
6,H2AC4,ENST00000615868,665,7,0.000248583,0,0,7,FALSE
6,H2BC10,ENST00000377733,422,1,1.93E-05,0,0,1,FALSE
6,H2BC17,ENST00000616182,901,1,0.000299927,0,0,1,FALSE
23,H2BW1,ENST00000217926,244,1,4.52E-05,0,0,1,TRUE
6,H3C1,ENST00000613854,672,1,4.93E-05,0,0,1,TRUE
1,H3C13,ENST00000331491,352,2,0.000157588,0,0,2,TRUE
6,H3C6,ENST00000634733,357,1,7.32E-05,0,0,1,TRUE
12,H4-16,ENST00000539745,727,10,0.000339577,0,0,10,FALSE
6,H4C1,ENST00000617569,964,1,0.000199782,0,0,1,FALSE
6,H4C12,ENST00000611927,2140,10,0.001091457,0,0,10,TRUE
6,H4C2,ENST00000377745,3896,5,0.001487429,0,0,5,TRUE
6,H4C3,ENST00000377803,1057,6,0.000408714,0,0,6,TRUE
6,H4C8,ENST00000635491,1139,4,0.000353302,0,0,4,TRUE
6,H4C9,ENST00000615353,173,1,1.12E-05,0,0,1,FALSE
1,H6PD,ENST00000377403,1083,1,7.37E-05,0,0,1,FALSE
10,HABP2,ENST00000351270,7534,19,0.003385485,5,5.24E-06,24,TRUE
3,HACD2,ENST00000383657,41,1,1.02E-06,0,0,1,FALSE
16,HAGH,ENST00000397356,943,1,0.000401628,0,0,1,TRUE
12,HAL,ENST00000261208,3202,9,0.000646771,2,2.09E-06,11,TRUE
20,HAO1,ENST00000378789,543,1,9.15E-06,0,0,1,TRUE
1,HAO2,ENST00000325945,3397,26,0.001515946,0,0,26,TRUE
17,HAP1,ENST00000347901,26486,4,9.46E-05,0,0,4,TRUE
19,HAS1,ENST00000540069,1279,1,7.07E-05,0,0,1,TRUE
17,HASPIN,ENST00000325418,1095,1,0.000224694,0,0,1,TRUE
5,HAVCR1,ENST00000523175,1610,1,0.0005596,0,0,1,TRUE
1,HAX1,ENST00000328703,1101,1,0.0004255,0,0,1,FALSE
7,HBP1,ENST00000222574,898,0,NA,2,2.09E-06,2,TRUE
3,HCLS1,ENST00000314583,973,2,0.000349066,0,0,2,TRUE
22,HDAC10,ENST00000216271,2387,1,0.000647737,0,0,1,TRUE
3,HDAC11,ENST00000295757,315,1,8.49E-05,0,0,1,FALSE
15,HDDC3,ENST00000394272,10410,27,0.004937585,2,2.09E-06,29,TRUE
19,HDGFL2,ENST00000616600,218,1,4.73E-05,0,0,1,FALSE
9,HDHD3,ENST00000238379,1171,3,0.000429558,0,0,3,TRUE
22,HDHD5,ENST00000336737,1087,2,0.000237942,0,0,2,FALSE
14,HEATR4,ENST00000553558,6804,76,0.002862123,12,1.26E-05,88,TRUE
14,HEATR5A,ENST00000543095,5473,18,0.001467705,4,4.19E-06,22,TRUE
17,HEATR6,ENST00000184956,1503,1,3.00E-05,0,0,1,TRUE
17,HEATR9,ENST00000604834,2869,35,0.001113296,5,5.24E-06,40,TRUE
6,HEBP2,ENST00000607197,525,3,0.000107774,0,0,3,TRUE
12,HELB,ENST00000247815,41797,1,1.12E-05,2,2.09E-06,3,TRUE
4,HELQ,ENST00000295488,1184,1,4.52E-05,0,0,1,TRUE
20,HELZ2,ENST00000467148,1201,1,1.02E-06,0,0,1,TRUE
3,HEMK1,ENST00000232854,928,1,0.000124041,0,0,1,FALSE
7,HEPACAM2,ENST00000394468,796,2,0.000214529,0,0,2,TRUE
23,HEPH,ENST00000441993,10027,48,0.005058637,0,0,48,TRUE
11,HEPHL1,ENST00000315765,3143,3,0.000142847,0,0,3,TRUE
4,HERC3,ENST00000402738,261,1,1.12E-05,0,0,1,FALSE
4,HERC5,ENST00000264350,713,1,1.78E-05,0,0,1,FALSE
4,HERC6,ENST00000264346,6068,50,0.002637317,95,9.95E-05,145,TRUE
3,HESX1,ENST00000295934,150,1,1.02E-06,0,0,1,FALSE
4,HGFAC,ENST00000382774,940,5,0.000213078,0,0,5,TRUE
17,HGS,ENST00000329138,2764,14,0.001073283,0,0,14,TRUE
1,HHIPL2,ENST00000343410,4739,15,0.001946034,23,2.41E-05,38,TRUE
8,HHLA1,ENST00000673615,1413,5,9.10E-05,0,0,5,TRUE
3,HHLA2,ENST00000357759,8731,34,0.003971736,3,3.14E-06,37,TRUE
1,HHLA3,ENST00000361764,170,1,4.73E-05,0,0,1,FALSE
7,HIBADH,ENST00000265395,217,1,4.58E-05,0,0,1,TRUE
17,HID1,ENST00000425042,10889,431,0.005840351,0,0,431,TRUE
12,HIGD1C,ENST00000398455,1198,6,0.00055652,0,0,6,TRUE
7,HILPDA,ENST00000257696,891,3,0.000453955,0,0,3,TRUE
9,HINT2,ENST00000259667,699,1,0.000116443,0,0,1,TRUE
6,HINT3,ENST00000229633,343,3,0.000117436,0,0,3,TRUE
12,HIP1R,ENST00000253083,1048,1,2.54E-06,0,0,1,TRUE
1,HIPK1,ENST00000426820,122,1,8.64E-06,0,0,1,FALSE
19,HIPK4,ENST00000291823,154,1,5.59E-06,0,0,1,FALSE
16,HIRIP3,ENST00000279392,617,1,7.63E-06,0,0,1,TRUE
1,HIVEP3,ENST00000372583,586,1,0.000137763,0,0,1,FALSE
5,HK3,ENST00000292432,1778,3,8.13E-05,0,0,3,TRUE
6,HLA-DOA,ENST00000229829,423,1,7.47E-05,0,0,1,TRUE
6,HLA-DOB,ENST00000438763,1469,3,0.000717282,0,0,3,TRUE
6,HLA-DQB2,ENST00000437316,495,1,0.000198257,0,0,1,FALSE
6,HLA-F,ENST00000259951,506,2,3.46E-05,0,0,2,FALSE
6,HLA-G,ENST00000428701,31622,1,0.000168782,0,0,1,TRUE
3,HLTF,ENST00000310053,1448,3,7.02E-05,0,0,3,TRUE
3,HMCES,ENST00000383463,563,2,1.07E-05,0,0,2,FALSE
1,HMCN1,ENST00000271588,2070,2,1.32E-05,2,2.09E-06,4,TRUE
9,HMCN2,ENST00000624552,18389,126,0.006692038,59,6.18E-05,185,TRUE
6,HMGCLL1,ENST00000274901,1521,4,0.000543258,0,0,4,FALSE
1,HMGCS2,ENST00000369406,552,1,1.12E-05,0,0,1,FALSE
5,HMGXB3,ENST00000502717,262,1,2.64E-05,0,0,1,FALSE
5,HMMR,ENST00000393915,3677,41,0.001197931,6,6.28E-06,47,TRUE
16,HMOX2,ENST00000570646,883,5,0.000377755,0,0,5,TRUE
18,HMSD,ENST00000408945,185,1,3.97E-05,0,0,1,TRUE
13,HNRNPA1L2,ENST00000357495,7881,61,0.003931564,0,0,61,TRUE
1,HNRNPCL1,ENST00000317869,4265,351,0.002512395,0,0,351,TRUE
1,HNRNPCL2,ENST00000621994,555,3,0.000112853,0,0,3,TRUE
1,HNRNPU,ENST00000640218,1292,4,0.000623763,0,0,4,TRUE
10,HOGA1,ENST00000370646,327,1,5.64E-05,0,0,1,TRUE
19,HOOK2,ENST00000397668,1045,1,5.08E-06,0,0,1,FALSE
22,HORMAD2,ENST00000336726,2203,5,0.000957226,0,0,5,TRUE
7,HOXA4,ENST00000360046,758,2,0.00025316,0,0,2,FALSE
17,HOXB13,ENST00000290295,509,2,0.000147929,0,0,2,TRUE
17,HOXB7,ENST00000239165,206,2,6.10E-06,0,0,2,TRUE
12,HOXC12,ENST00000243103,404,5,0.000102178,0,0,5,FALSE
12,HOXC5,ENST00000312492,513,3,0.000181989,0,0,3,FALSE
2,HOXD12,ENST00000406506,1102,3,0.000419924,0,0,3,TRUE
2,HOXD4,ENST00000306324,237,1,4.52E-05,0,0,1,FALSE
2,HOXD8,ENST00000313173,236,1,9.66E-06,0,0,1,FALSE
2,HOXD9,ENST00000249499,334,1,3.36E-05,0,0,1,FALSE
4,HPF1,ENST00000393381,2452,2,0.000989444,2,2.09E-06,4,TRUE
4,HPGDS,ENST00000295256,406,2,2.24E-05,0,0,2,FALSE
16,HPR,ENST00000540303,792,1,1.02E-05,0,0,1,TRUE
10,HPS1,ENST00000361490,911,4,0.000125065,0,0,4,TRUE
11,HPS5,ENST00000349215,963,5,0.000142339,0,0,5,TRUE
4,HPSE,ENST00000311412,4108,1,0.001606413,3,3.14E-06,4,TRUE
19,HRC,ENST00000252825,1017,2,6.91E-05,0,0,2,TRUE
3,HRG,ENST00000232003,1074,4,0.000360929,4,4.19E-06,8,TRUE
18,HRH4,ENST00000256906,414,4,0.000127113,0,0,4,FALSE
1,HRNR,ENST00000368801,84,0,NA,16,1.68E-05,16,FALSE
17,HROB,ENST00000585683,482,1,1.58E-05,0,0,1,FALSE
16,HS3ST6,ENST00000454677,4588,9,0.002177273,0,0,9,TRUE
18,HSBP1L1,ENST00000451882,72,1,1.02E-06,0,0,1,FALSE
19,HSD11B1L,ENST00000339423,824,1,0.000304508,0,0,1,FALSE
4,HSD17B13,ENST00000328546,27255,24,0.002560876,5,5.24E-06,29,TRUE
19,HSD17B14,ENST00000263278,2081,7,0.000955705,0,0,7,TRUE
16,HSD17B2,ENST00000199936,2026,1,0.000536823,0,0,1,TRUE
6,HSD17B8,ENST00000374662,3127,5,0.001505738,0,0,5,TRUE
6,HSPA1A,ENST00000375651,25,1,1.37E-05,0,0,1,FALSE
6,HSPA1L,ENST00000375654,830,2,0.000226726,0,0,2,TRUE
4,HSPA4L,ENST00000296464,363,1,8.13E-06,0,0,1,FALSE
19,HSPB6,ENST00000004982,131,1,1.02E-06,0,0,1,FALSE
1,HSPG2,ENST00000374695,1486,1,0.000127611,0,0,1,TRUE
4,HTN1,ENST00000246896,544,1,0.000174914,0,0,1,FALSE
4,HTN3,ENST00000673563,17839,1,4.58E-06,0,0,1,FALSE
2,HTR2B,ENST00000258400,1144,3,0.000109298,0,0,3,TRUE
11,HTR3A,ENST00000355556,1911,10,0.000775763,2,2.09E-06,12,TRUE
3,HTR3C,ENST00000318351,976,3,7.32E-05,3,3.14E-06,6,TRUE
3,HTR3E,ENST00000335304,144861,2,0.000157588,0,0,2,TRUE
7,HTR5A,ENST00000287907,157,1,1.02E-06,0,0,1,FALSE
10,HTR7,ENST00000336152,142,1,1.58E-05,0,0,1,FALSE
8,HTRA4,ENST00000302495,1314,1,0.000268419,0,0,1,TRUE
4,HTT,ENST00000355072,325,1,1.02E-06,0,0,1,TRUE
7,HYAL4,ENST00000223026,2519,1,0.000627314,4,4.19E-06,5,TRUE
15,HYKK,ENST00000388988,24171,3,2.19E-05,0,0,3,TRUE
10,IDE,ENST00000265986,2617,4,0.001211504,0,0,4,TRUE
15,IDH2,ENST00000330062,322,1,0.000108278,0,0,1,FALSE
10,IDI2,ENST00000277517,2801,4,0.001070616,0,0,4,TRUE
8,IDO2,ENST00000502986,328951,12,0.001074152,9,9.42E-06,21,TRUE
1,IFI16,ENST00000295809,458,5,2.03E-05,0,0,5,TRUE
14,IFI27L1,ENST00000555523,1713,8,0.000864198,0,0,8,TRUE
19,IFI30,ENST00000407280,1904,5,0.000663907,0,0,5,TRUE
17,IFI35,ENST00000415816,1672,2,0.000625283,0,0,2,TRUE
1,IFI44,ENST00000370747,1151,3,0.000136748,0,0,3,TRUE
1,IFI44L,ENST00000370751,12235,48,0.006085683,2,2.09E-06,50,TRUE
2,IFIH1,ENST00000649979,50200,114,0.013920442,129,0.00013507,243,TRUE
11,IFITM10,ENST00000340134,199,1,5.08E-06,0,0,1,TRUE
11,IFITM5,ENST00000382614,434,1,1.32E-05,0,0,1,FALSE
9,IFNB1,ENST00000380232,2371,3,0.00120797,0,0,3,FALSE
9,IFNK,ENST00000276943,54274,2,2.08E-05,0,0,2,TRUE
19,IFNL1,ENST00000333625,160,1,3.76E-05,0,0,1,FALSE
3,IFRD2,ENST00000436390,400,1,5.29E-05,0,0,1,FALSE
9,IFT74,ENST00000380062,2840,1,0.000727957,2,2.09E-06,3,FALSE
13,IFT88,ENST00000351808,663,1,7.63E-06,0,0,1,FALSE
15,IGDCC3,ENST00000327987,389,1,4.07E-06,0,0,1,TRUE
15,IGDCC4,ENST00000352385,469,1,1.37E-05,0,0,1,FALSE
6,IGF2R,ENST00000356956,448,1,3.05E-05,0,0,1,TRUE
12,IGFBP6,ENST00000301464,272,3,7.73E-05,0,0,3,FALSE
19,IGFL2,ENST00000434646,307,1,3.91E-05,0,0,1,FALSE
19,IGFL3,ENST00000341415,175,6,5.85E-05,0,0,6,TRUE
19,IGFL4,ENST00000377697,5521,95,0.002830569,0,0,95,TRUE
19,IGFLR1,ENST00000246532,265,1,1.27E-05,4,4.19E-06,5,FALSE
1,IGFN1,ENST00000335211,12368,20,0.003242803,20,2.09E-05,40,TRUE
22,IGLL1,ENST00000330377,2454,2,0.001209841,0,0,2,TRUE
22,IGLL5,ENST00000526893,2600,1,0.001120942,0,0,1,TRUE
3,IGSF10,ENST00000282466,12145,30,0.004927467,58,6.07E-05,88,TRUE
11,IGSF22,ENST00000513874,9883,24,0.003963278,10,1.05E-05,34,TRUE
19,IGSF23,ENST00000402988,723,3,0.000250617,0,0,3,FALSE
21,IGSF5,ENST00000380588,1209,4,0.000184065,0,0,4,TRUE
12,IKBIP,ENST00000299157,581,3,4.98E-05,0,0,3,TRUE
1,IL12RB2,ENST00000674203,797,3,6.71E-05,0,0,3,FALSE
5,IL17B,ENST00000261796,630,2,0.000165974,0,0,2,TRUE
6,IL17F,ENST00000336123,1623,10,0.000768784,0,0,10,TRUE
3,IL17RB,ENST00000288167,4562,31,0.002059079,0,0,31,TRUE
3,IL17RD,ENST00000296318,339,1,3.05E-06,0,0,1,FALSE
1,IL19,ENST00000659997,1747,8,0.000839823,0,0,8,TRUE
2,IL1R1,ENST00000410023,1405,32,0.000725413,0,0,32,TRUE
2,IL1R2,ENST00000332549,514,1,1.02E-06,0,0,1,TRUE
2,IL1RL2,ENST00000264257,877,1,8.59E-05,0,0,1,TRUE
1,IL20,ENST00000367098,2014,9,0.000814895,0,0,9,TRUE
6,IL22RA2,ENST00000296980,899,1,0.000222657,0,0,1,TRUE
16,IL32,ENST00000525643,337,3,9.66E-06,0,0,3,FALSE
9,IL33,ENST00000381434,7901,11,0.003931701,4,4.19E-06,15,TRUE
2,IL36B,ENST00000259213,1293,3,0.000166739,0,0,3,TRUE
2,IL36RN,ENST00000393200,185,1,3.56E-06,0,0,1,FALSE
23,IL3RA,ENST00000331035,5738,28,0.002429938,0,0,28,TRUE
3,IL5RA,ENST00000446632,610,1,0.00017538,0,0,1,FALSE
11,IMMP1L,ENST00000532287,775,1,0.000201909,0,0,1,FALSE
18,IMPACT,ENST00000284202,305,1,8.13E-06,0,0,1,TRUE
7,IMPDH1,ENST00000338791,425,1,3.05E-06,0,0,1,FALSE
6,IMPG1,ENST00000369950,1379,1,1.02E-06,0,0,1,TRUE
17,INCA1,ENST00000355025,3032,29,0.001355284,0,0,29,TRUE
14,INF2,ENST00000392634,665,1,2.29E-05,0,0,1,TRUE
12,INHBE,ENST00000266646,1522,1,1.17E-05,0,0,1,FALSE
3,INKA1,ENST00000333323,822,1,0.000298404,0,0,1,FALSE
7,INMT,ENST00000013222,376,2,6.56E-05,3,3.14E-06,5,FALSE
2,INPP1,ENST00000392329,2048,5,0.001010575,0,0,5,TRUE
1,INPP5B,ENST00000373024,5238,5,0.001993747,0,0,5,TRUE
11,INSC,ENST00000379556,2125,2,2.54E-06,0,0,2,FALSE
9,INSL6,ENST00000381641,1406,4,0.000664998,0,0,4,TRUE
1,INSRR,ENST00000368195,1086,1,1.63E-05,0,0,1,TRUE
4,INTU,ENST00000335251,909,0,NA,2,2.09E-06,2,FALSE
6,IP6K3,ENST00000293756,2053,5,0.000894191,0,0,5,TRUE
1,IPP,ENST00000396478,574,2,6.92E-05,0,0,2,FALSE
8,IQANK1,ENST00000527139,2475,6,0.001050791,0,0,6,FALSE
2,IQCA1,ENST00000409907,3356,4,0.001475793,0,0,4,TRUE
1,IQCC,ENST00000291358,943,1,0.000395701,0,0,1,FALSE
12,IQCD,ENST00000416617,966,3,0.000255699,0,0,3,FALSE
7,IQCE,ENST00000402050,5660,9,0.001608221,7,7.33E-06,16,TRUE
3,IQCF6,ENST00000667863,211,1,2.04E-06,0,0,1,FALSE
3,IQCG,ENST00000265239,741,1,3.05E-06,0,0,1,FALSE
15,IQCH,ENST00000335894,2000,4,0.000198766,0,0,4,TRUE
16,IQCK,ENST00000320394,347,1,1.53E-06,0,0,1,TRUE
4,IQCM,ENST00000636793,16714,396,0.00835438,144,0.00015078,540,TRUE
19,IQCN,ENST00000392413,2280,3,0.000446839,0,0,3,TRUE
5,IQGAP2,ENST00000274364,2028,1,2.54E-06,2,2.09E-06,3,TRUE
1,IQGAP3,ENST00000361170,6008,7,0.001981042,2,2.09E-06,9,TRUE
7,IQUB,ENST00000324698,1492,1,2.03E-06,0,0,1,TRUE
6,IRAK1BP1,ENST00000369940,1020,5,0.00042375,0,0,5,TRUE
3,IRAK2,ENST00000256458,2570,5,0.00035331,0,0,5,TRUE
12,IRAK3,ENST00000261233,4436,26,0.001768153,9,9.42E-06,35,TRUE
19,IRGC,ENST00000244314,243,3,7.47E-05,0,0,3,FALSE
5,IRX4,ENST00000231357,75,1,5.08E-06,0,0,1,FALSE
14,ISM2,ENST00000342219,1176,1,0.000322803,0,0,1,TRUE
5,ISOC1,ENST00000173527,392,1,6.61E-06,0,0,1,FALSE
19,ISOC2,ENST00000425675,190,1,1.53E-06,0,0,1,FALSE
22,ISX,ENST00000404699,3578,22,0.001713168,0,0,22,TRUE
5,ITGA1,ENST00000282588,902,1,1.83E-05,2,2.09E-06,3,TRUE
1,ITGA10,ENST00000369304,3145,11,0.001003205,0,0,11,TRUE
2,ITGA6,ENST00000409080,580,1,0.000114182,0,0,1,TRUE
12,ITGA7,ENST00000257879,1427,0,NA,2,2.09E-06,2,TRUE
16,ITGAD,ENST00000389202,5623,6,0.001995793,6,6.28E-06,12,TRUE
13,ITGBL1,ENST00000376180,514,2,3.05E-06,0,0,2,FALSE
3,ITIH1,ENST00000273283,3319,14,0.00085505,3,3.14E-06,17,TRUE
10,ITIH2,ENST00000358415,2596,3,0.00032484,3,3.14E-06,6,TRUE
3,ITIH3,ENST00000449956,1083,1,7.12E-06,0,0,1,TRUE
10,ITIH5,ENST00000397146,1102,2,0.000149456,0,0,2,FALSE
23,ITIH6,ENST00000218436,2205,1,0.000224194,0,0,1,TRUE
7,ITPRID1,ENST00000407970,3429,6,0.001021817,2,2.09E-06,8,TRUE
10,ITPRIP,ENST00000337478,588,1,3.20E-05,0,0,1,TRUE
2,ITPRIPL1,ENST00000439118,989,1,7.17E-05,0,0,1,TRUE
2,ITSN2,ENST00000355123,6718,15,0.00286568,5,5.24E-06,20,TRUE
11,IZUMO1R,ENST00000328458,2925,4,0.001326389,0,0,4,TRUE
9,IZUMO3,ENST00000543880,808,3,0.000189638,0,0,3,FALSE
19,IZUMO4,ENST00000395301,759,4,3.76E-05,0,0,4,TRUE
1,JAK1,ENST00000342505,226,1,7.98E-05,0,0,1,TRUE
11,JAML,ENST00000356289,2958,4,0.001440113,0,0,4,TRUE
1,JMJD4,ENST00000366758,1865,2,0.000254686,0,0,2,TRUE
15,JMJD7-PLA2G4B,ENST00000382448,4343,12,0.001427952,4,4.19E-06,16,TRUE
16,JMJD8,ENST00000609261,2997,16,0.001044785,0,0,16,TRUE
19,JSRP1,ENST00000300961,1195,1,0.000511945,0,0,1,FALSE
9,KANK1,ENST00000382297,937,1,1.83E-05,0,0,1,TRUE
19,KANK3,ENST00000330915,720,1,3.56E-06,0,0,1,TRUE
1,KANK4,ENST00000371153,15144,62,0.007566659,12,1.26E-05,74,TRUE
2,KANSL3,ENST00000431828,351,1,0.000165215,0,0,1,TRUE
6,KATNA1,ENST00000367411,940,1,0.000237911,0,0,1,FALSE
10,KAZALD1,ENST00000370200,2860,11,0.001077203,2,2.09E-06,13,TRUE
8,KBTBD11,ENST00000320248,28,1,2.54E-06,0,0,1,FALSE
3,KBTBD12,ENST00000405109,1919,1,0.000427619,0,0,1,TRUE
15,KBTBD13,ENST00000432196,856,1,3.05E-06,0,0,1,FALSE
11,KBTBD3,ENST00000531837,621,1,6.20E-05,0,0,1,FALSE
11,KBTBD4,ENST00000430070,502,1,5.59E-06,0,0,1,FALSE
1,KCNA10,ENST00000369771,1158,2,0.000391938,5,5.24E-06,7,TRUE
19,KCNA7,ENST00000221444,377,1,5.80E-05,0,0,1,FALSE
3,KCNAB1,ENST00000490337,523,1,9.05E-05,0,0,1,FALSE
17,KCNAB3,ENST00000303790,1629,1,0.000164705,0,0,1,TRUE
19,KCNC3,ENST00000477616,231,1,1.53E-06,0,0,1,FALSE
1,KCNC4,ENST00000438661,273,1,5.95E-05,0,0,1,FALSE
16,KCNG4,ENST00000308251,455,1,7.22E-05,0,0,1,TRUE
14,KCNH5,ENST00000322893,501,3,0.000153549,0,0,3,FALSE
17,KCNH6,ENST00000314672,2111,5,0.000159113,2,2.09E-06,7,TRUE
10,KCNIP2,ENST00000356640,136,2,4.52E-05,0,0,2,TRUE
19,KCNJ14,ENST00000342291,591,1,1.53E-06,0,0,1,FALSE
21,KCNJ15,ENST00000398938,501,4,0.000194699,0,0,4,TRUE
14,KCNK13,ENST00000282146,62,1,9.66E-06,0,0,1,FALSE
6,KCNK17,ENST00000373231,911,4,0.000263854,0,0,4,TRUE
19,KCNK6,ENST00000263372,1399,1,0.00031061,0,0,1,FALSE
11,KCNK7,ENST00000340313,720,1,9.10E-05,0,0,1,FALSE
3,KCNMB3,ENST00000314235,977,1,0.000345678,0,0,1,TRUE
19,KCNN4,ENST00000648319,1882,4,0.000840372,0,0,4,TRUE
13,KCNRG,ENST00000312942,4191,10,0.0019058,0,0,10,TRUE
8,KCNU1,ENST00000399881,3016,2,0.000806849,3,3.14E-06,5,TRUE
9,KCNV2,ENST00000382082,935,3,6.86E-05,0,0,3,FALSE
7,KCP,ENST00000613019,7547,5,0.000214529,17,1.78E-05,22,TRUE
16,KCTD19,ENST00000304372,1628,3,0.000536503,0,0,3,TRUE
13,KCTD4,ENST00000379108,827,4,0.000376189,0,0,4,TRUE
22,KDELR3,ENST00000216014,2105,2,0.000571434,0,0,2,TRUE
12,KDM2B,ENST00000377071,5732,14,0.002824023,0,0,14,TRUE
14,KHNYN,ENST00000553935,913,1,0.00030298,0,0,1,TRUE
1,KIAA0319L,ENST00000325722,443,1,1.12E-05,0,0,1,FALSE
6,KIAA0408,ENST00000483725,2180,1,0.000498184,0,0,1,TRUE
16,KIAA0513,ENST00000538274,215,1,1.02E-06,0,0,1,FALSE
16,KIAA0556,ENST00000261588,2330,2,3.25E-05,0,0,2,TRUE
14,KIAA0586,ENST00000652326,10341,12,0.003949421,8,8.38E-06,20,TRUE
17,KIAA0753,ENST00000361413,3279,4,0.00055361,2,2.09E-06,6,TRUE
5,KIAA0825,ENST00000513200,1570,2,3.10E-05,0,0,2,FALSE
3,KIAA1143,ENST00000296121,237,1,8.64E-06,0,0,1,FALSE
10,KIAA1217,ENST00000376454,402,1,1.02E-06,0,0,1,TRUE
3,KIAA1257,ENST00000265068,781,2,8.49E-05,0,0,2,TRUE
1,KIAA1324,ENST00000369939,760,2,4.58E-06,0,0,2,TRUE
18,KIAA1328,ENST00000280020,2477,1,1.53E-05,0,0,1,TRUE
1,KIAA1522,ENST00000401073,269,1,1.53E-06,0,0,1,FALSE
1,KIAA1614,ENST00000367588,2356,3,0.000596183,0,0,3,TRUE
22,KIAA1671,ENST00000358431,442,1,1.53E-06,0,0,1,TRUE
2,KIAA2012,ENST00000498697,4336,6,0.001183958,2,2.09E-06,8,TRUE
2,KIDINS220,ENST00000256707,515,1,8.85E-05,0,0,1,TRUE
6,KIF13A,ENST00000259711,604,2,7.73E-05,0,0,2,FALSE
8,KIF13B,ENST00000524189,684,3,1.32E-05,0,0,3,FALSE
20,KIF16B,ENST00000354981,2637,3,0.000750337,0,0,3,FALSE
1,KIF17,ENST00000400463,1617,7,0.000315208,3,3.14E-06,10,TRUE
17,KIF19,ENST00000389916,9325,16,0.003428894,7,7.33E-06,23,TRUE
10,KIF20B,ENST00000371728,3469,2,0.000117946,0,0,2,FALSE
9,KIF24,ENST00000402558,9616,91,0.003703076,10,1.05E-05,101,TRUE
6,KIF25,ENST00000443060,896,2,0.000156572,0,0,2,TRUE
9,KIF27,ENST00000297814,1533,2,3.15E-05,0,0,2,TRUE
17,KIF2B,ENST00000268919,97,1,1.37E-05,0,0,1,FALSE
5,KIF4B,ENST00000435029,1278,1,3.05E-05,0,0,1,TRUE
6,KIF6,ENST00000287152,2845,3,0.000518555,5,5.24E-06,8,TRUE
19,KIR2DL3,ENST00000342376,18,3,5.60E-06,0,0,3,TRUE
19,KIR2DL4,ENST00000345540,221,6,3.97E-05,0,0,6,TRUE
19,KIR3DL1,ENST00000391728,13897,334,0.007217083,2,2.09E-06,336,TRUE
19,KIR3DL2,ENST00000326321,1014,10,0.000382295,0,0,10,TRUE
19,KIR3DL3,ENST00000291860,1334,1,3.56E-06,0,0,1,TRUE
19,KIRREL2,ENST00000360202,4466,4,0.001617103,2,2.09E-06,6,TRUE
20,KIZ,ENST00000619189,1926,3,0.000694477,0,0,3,TRUE
19,KLC3,ENST00000391946,2765,3,8.54E-05,3,3.14E-06,6,TRUE
6,KLC4,ENST00000347162,407,1,5.08E-06,0,0,1,FALSE
14,KLHDC1,ENST00000359332,1273,1,2.03E-06,0,0,1,TRUE
16,KLHDC4,ENST00000270583,2170,6,0.00043573,0,0,6,TRUE
3,KLHDC8B,ENST00000332780,141,1,3.30E-05,0,0,1,FALSE
1,KLHDC9,ENST00000368011,2068,3,0.000934918,0,0,3,TRUE
13,KLHL1,ENST00000377844,432,1,4.58E-06,0,0,1,FALSE
2,KLHL30,ENST00000409223,847,1,9.91E-05,0,0,1,TRUE
6,KLHL31,ENST00000370905,344,2,2.80E-05,0,0,2,FALSE
14,KLHL33,ENST00000636854,6017,13,0.002415221,6,6.28E-06,19,TRUE
11,KLHL35,ENST00000539798,4200,8,0.00176347,3,3.14E-06,11,TRUE
8,KLHL38,ENST00000325995,823,1,1.02E-06,0,0,1,TRUE
23,KLHL4,ENST00000373119,218,1,6.97E-05,0,0,1,TRUE
4,KLHL8,ENST00000273963,477,1,1.27E-05,0,0,1,FALSE
19,KLK10,ENST00000358789,402,1,3.05E-06,0,0,1,TRUE
19,KLK14,ENST00000650543,2548,14,0.000932364,0,0,14,TRUE
19,KLK15,ENST00000598239,562,2,9.16E-06,0,0,2,TRUE
19,KLK2,ENST00000325321,263,1,3.41E-05,0,0,1,FALSE
19,KLK5,ENST00000336334,479,1,1.53E-06,0,0,1,FALSE
19,KLK9,ENST00000594211,152,1,2.54E-06,0,0,1,TRUE
4,KLKB1,ENST00000264690,3164,12,0.001085341,0,0,12,TRUE
12,KLRC1,ENST00000359151,195,1,5.91E-05,0,0,1,TRUE
12,KLRC3,ENST00000396439,12758,593,0.006893249,6,6.28E-06,599,TRUE
12,KLRF2,ENST00000535540,864,1,0.000101676,0,0,1,TRUE
7,KLRG2,ENST00000340940,3323,10,0.001385522,10,1.05E-05,20,TRUE
12,KLRK1,ENST00000240618,593,1,2.34E-05,0,0,1,TRUE
1,KMO,ENST00000366559,158,1,1.42E-05,0,0,1,FALSE
11,KMT5B,ENST00000304363,149,1,6.82E-05,0,0,1,FALSE
1,KNCN,ENST00000481882,965,4,0.000410426,0,0,4,TRUE
10,KNDC1,ENST00000304613,681,1,2.03E-06,0,0,1,FALSE
16,KNOP1,ENST00000219837,440,1,6.10E-06,0,0,1,FALSE
15,KNSTRN,ENST00000249776,842,1,2.03E-06,0,0,1,FALSE
7,KPNA7,ENST00000327442,1276,1,6.86E-05,0,0,1,TRUE
1,KPRP,ENST00000606109,3478,39,0.001801591,3,3.14E-06,42,TRUE
12,KRR1,ENST00000229214,411,1,8.14E-05,0,0,1,FALSE
17,KRT15,ENST00000254043,557,1,9.66E-06,0,0,1,FALSE
17,KRT16,ENST00000301653,1719,5,0.000423968,0,0,5,FALSE
17,KRT20,ENST00000167588,701,3,0.000159649,0,0,3,TRUE
17,KRT222,ENST00000394052,1313,3,0.000407188,0,0,3,FALSE
17,KRT24,ENST00000264651,450843,3,0.000266959,0,0,3,TRUE
17,KRT26,ENST00000335552,2991,11,0.000940451,0,0,11,TRUE
17,KRT27,ENST00000301656,3679,103,0.001751768,0,0,103,TRUE
12,KRT3,ENST00000417996,681,2,4.58E-06,0,0,2,TRUE
17,KRT31,ENST00000251645,43950,1,3.05E-06,0,0,1,FALSE
17,KRT32,ENST00000225899,493,2,4.07E-06,0,0,2,FALSE
17,KRT33A,ENST00000007735,638,3,0.00015708,0,0,3,TRUE
17,KRT33B,ENST00000251646,739,3,0.000220623,0,0,3,TRUE
17,KRT35,ENST00000393989,501,3,1.73E-05,0,0,3,FALSE
17,KRT36,ENST00000328119,6609,28,0.002498127,10,1.05E-05,38,TRUE
17,KRT37,ENST00000225550,343,1,3.56E-06,0,0,1,FALSE
17,KRT38,ENST00000246646,2146,7,0.000861652,0,0,7,TRUE
17,KRT39,ENST00000355612,795,2,2.54E-05,0,0,2,FALSE
12,KRT4,ENST00000551956,698,4,6.76E-05,0,0,4,TRUE
12,KRT7,ENST00000331817,685,1,0.00020946,0,0,1,FALSE
12,KRT72,ENST00000293745,639,1,0.000141829,0,0,1,FALSE
12,KRT73,ENST00000305748,858,3,6.41E-05,0,0,3,TRUE
12,KRT74,ENST00000305620,2321,7,0.000972694,0,0,7,TRUE
12,KRT75,ENST00000252245,2081,2,0.000831153,0,0,2,TRUE
12,KRT76,ENST00000332411,15875,93,0.007836324,4,4.19E-06,97,TRUE
12,KRT77,ENST00000341809,2325,34,0.000941978,0,0,34,TRUE
12,KRT81,ENST00000327741,2286,5,0.001077204,0,0,5,TRUE
12,KRT82,ENST00000257974,7763,15,0.003518797,3,3.14E-06,18,TRUE
12,KRT83,ENST00000293670,46998,3,7.88E-05,3,3.14E-06,6,TRUE
12,KRT84,ENST00000257951,4126,46,0.001738708,13,1.36E-05,59,TRUE
17,KRTAP1-1,ENST00000306271,301640,12,0.002375007,0,0,12,TRUE
21,KRTAP10-11,ENST00000334670,1702,7,0.000696967,0,0,7,TRUE
21,KRTAP12-3,ENST00000397907,204,1,9.56E-05,0,0,1,FALSE
21,KRTAP20-2,ENST00000330798,198,1,4.07E-06,0,0,1,FALSE
21,KRTAP21-2,ENST00000333892,4240,10,0.002163536,0,0,10,TRUE
21,KRTAP27-1,ENST00000382835,11,0,NA,3,3.14E-06,3,FALSE
17,KRTAP4-5,ENST00000343246,14967,507,0.008111938,300,0.00031413,807,TRUE
11,KRTAP5-10,ENST00000398531,260,1,2.95E-05,0,0,1,FALSE
17,KRTAP9-1,ENST00000398470,3561,32,0.001604353,0,0,32,TRUE
17,KRTAP9-2,ENST00000377721,399,1,0.000188597,0,0,1,TRUE
17,KRTAP9-3,ENST00000411528,26,4,7.63E-06,0,0,4,TRUE
2,KRTCAP3,ENST00000288873,1889,2,0.000797657,0,0,2,TRUE
14,KTN1,ENST00000395314,378,1,2.03E-06,0,0,1,FALSE
1,KYAT3,ENST00000260508,1473,4,0.000251137,0,0,4,TRUE
1,L1TD1,ENST00000498273,557,0,NA,4,4.19E-06,4,TRUE
14,L3HYPDH,ENST00000247194,416,2,2.59E-05,0,0,2,TRUE
20,L3MBTL1,ENST00000418998,1591,4,0.000267392,0,0,4,FALSE
8,LACTB2,ENST00000276590,165,1,1.47E-05,0,0,1,TRUE
1,LACTBL1,ENST00000426928,34557,2,7.52E-05,0,0,2,TRUE
19,LAIR1,ENST00000391742,916,4,0.000293836,0,0,4,TRUE
19,LAIR2,ENST00000301202,72964,7,0.00024045,0,0,7,TRUE
18,LAMA3,ENST00000313654,2297,2,0.000136282,0,0,2,FALSE
6,LAMA4,ENST00000230538,850,1,2.75E-05,0,0,1,FALSE
7,LAMB4,ENST00000388781,21889,135,0.010397516,18,1.89E-05,153,TRUE
20,LAMP5,ENST00000246070,278,1,5.08E-06,0,0,1,FALSE
2,LANCL1,ENST00000450366,330,2,4.98E-05,0,0,2,TRUE
4,LAP3,ENST00000226299,316,1,1.02E-06,0,0,1,FALSE
11,LARGE2,ENST00000401752,2037,10,0.000521567,0,0,10,TRUE
4,LARP1B,ENST00000326639,720,2,3.56E-06,0,0,2,TRUE
5,LARS1,ENST00000394434,802,1,0.000115909,0,0,1,FALSE
11,LAYN,ENST00000375614,550,1,1.88E-05,0,0,1,TRUE
11,LBHD1,ENST00000532208,346,1,3.87E-05,0,0,1,FALSE
20,LBP,ENST00000217407,1976,4,0.000314674,0,0,4,TRUE
21,LCA5L,ENST00000358268,944,0,NA,2,2.09E-06,2,TRUE
1,LCE4A,ENST00000368777,7,0,NA,3,3.14E-06,3,FALSE
15,LCMT2,ENST00000305641,1703,1,0.000168772,0,0,1,FALSE
9,LCN10,ENST00000497771,270013,8,0.000226748,0,0,8,TRUE
9,LCN12,ENST00000371633,701,2,0.000232316,0,0,2,TRUE
9,LCN15,ENST00000316144,251,1,2.91E-05,0,0,1,TRUE
9,LCN2,ENST00000277480,536,1,0.0001897,0,0,1,FALSE
9,LCN6,ENST00000341206,664,3,0.000282225,0,0,3,TRUE
9,LCN9,ENST00000277526,812,2,0.000320265,0,0,2,TRUE
9,LCNL1,ENST00000408973,589,1,7.47E-05,2,2.09E-06,3,FALSE
5,LCP2,ENST00000046794,189,1,3.56E-05,0,0,1,FALSE
15,LCTL,ENST00000341509,601,1,7.12E-06,0,0,1,FALSE
11,LDHA,ENST00000422447,1929,2,0.000858154,0,0,2,FALSE
11,LDHAL6A,ENST00000280706,3928,11,0.001676547,0,0,11,TRUE
12,LDHB,ENST00000350669,17611,662,0.009609698,3,3.14E-06,665,TRUE
11,LDHC,ENST00000541669,266,1,4.83E-05,0,0,1,FALSE
19,LDLR,ENST00000558518,397,1,1.02E-06,0,0,1,TRUE
1,LDLRAD1,ENST00000371360,4474,26,0.002082203,35,3.67E-05,61,TRUE
5,LECT2,ENST00000274507,577,1,1.02E-06,0,0,1,TRUE
1,LEFTY1,ENST00000272134,357,1,0.000108279,0,0,1,TRUE
3,LEKR1,ENST00000356539,28526,3,0.000127817,0,0,3,TRUE
1,LEMD1,ENST00000367153,825,1,0.000240508,0,0,1,TRUE
19,LENG9,ENST00000611161,53,0,NA,4,4.19E-06,4,FALSE
8,LETM2,ENST00000379957,2129,9,0.000667221,4,4.19E-06,13,TRUE
1,LEXM,ENST00000358193,20128,120,0.009850012,35,3.67E-05,155,TRUE
11,LGALS12,ENST00000394618,2067,3,0.000511435,0,0,3,TRUE
19,LGALS13,ENST00000221797,2808,22,0.001290723,0,0,22,TRUE
17,LGALS3BP,ENST00000262776,770,3,0.000239056,0,0,3,TRUE
19,LGALS4,ENST00000307751,597,1,8.74E-05,0,0,1,FALSE
1,LGALS8,ENST00000366584,1364,1,6.00E-05,0,0,1,TRUE
17,LGALS9,ENST00000395473,426,1,2.54E-06,0,0,1,TRUE
17,LGALS9B,ENST00000324290,72,12,4.47E-05,0,0,12,TRUE
17,LGALS9C,ENST00000328114,5,4,6.61E-06,0,0,4,TRUE
10,LHPP,ENST00000368842,497,1,1.53E-06,0,0,1,FALSE
19,LILRA1,ENST00000251372,2384,1,0.001039574,0,0,1,FALSE
19,LILRA5,ENST00000432233,451,1,4.22E-05,0,0,1,FALSE
19,LILRB1,ENST00000396315,2397,5,0.001001954,0,0,5,TRUE
19,LILRB2,ENST00000314446,279,1,2.54E-06,0,0,1,TRUE
19,LILRB3,ENST00000391750,69,1,2.54E-06,0,0,1,TRUE
19,LILRB4,ENST00000391736,1843,1,0.000491582,0,0,1,FALSE
4,LIMCH1,ENST00000503057,2185,6,0.000488477,0,0,6,TRUE
2,LIMS2,ENST00000355119,656,1,0.000128636,0,0,1,FALSE
1,LINGO4,ENST00000368820,635,1,2.59E-05,0,0,1,TRUE
15,LIPC,ENST00000299022,1227,2,1.32E-05,0,0,2,FALSE
19,LIPE,ENST00000244289,1401,1,4.07E-06,0,0,1,TRUE
10,LIPF,ENST00000238983,758,1,0.000118954,0,0,1,FALSE
3,LIPH,ENST00000296252,399,1,2.64E-05,0,0,1,TRUE
10,LIPJ,ENST00000371939,19033,445,0.009999949,0,0,445,TRUE
10,LIPK,ENST00000404190,1908,3,8.85E-05,0,0,3,TRUE
10,LIPM,ENST00000404743,9414,33,0.004515688,6,6.28E-06,39,TRUE
10,LIPN,ENST00000404459,619,1,1.53E-06,0,0,1,FALSE
5,LIX1,ENST00000274382,966,1,0.000324328,0,0,1,TRUE
12,LLPH,ENST00000266604,4759,5,0.002385431,0,0,5,TRUE
15,LMAN1L,ENST00000309664,9267,74,0.004148504,4,4.19E-06,78,TRUE
3,LMCD1,ENST00000157600,140,1,3.05E-06,0,0,1,TRUE
16,LMF1,ENST00000262301,866,1,1.27E-05,0,0,1,FALSE
22,LMF2,ENST00000474879,1279,2,0.000113884,4,4.19E-06,6,TRUE
3,LMLN,ENST00000420910,691,1,0.000107771,2,2.09E-06,3,TRUE
5,LMNB1,ENST00000261366,1487,9,0.000729525,0,0,9,TRUE
11,LMNTD2,ENST00000329451,2097,5,0.000275026,0,0,5,TRUE
11,LMO2,ENST00000257818,199,1,4.08E-06,0,0,1,FALSE
13,LMO7,ENST00000377534,4574,3,0.001601934,0,0,3,TRUE
7,LMTK2,ENST00000297293,253,1,8.64E-06,0,0,1,FALSE
4,LNX1,ENST00000263925,1243,0,NA,2,2.09E-06,2,TRUE
16,LONP2,ENST00000285737,2601,3,0.000597825,0,0,3,TRUE
18,LOXHD1,ENST00000536736,3581,2,0.000937394,2,2.09E-06,4,TRUE
8,LOXL2,ENST00000389131,1060,2,1.93E-05,0,0,2,FALSE
10,LOXL4,ENST00000260702,1348,4,0.000147438,0,0,4,TRUE
6,LPA,ENST00000316300,95559,11,0.002133559,12,1.26E-05,23,TRUE
1,LPAR3,ENST00000370611,197,1,1.27E-05,0,0,1,FALSE
16,LPCAT2,ENST00000262134,364,1,4.42E-05,0,0,1,FALSE
2,LPIN1,ENST00000674199,1226,8,0.000275742,0,0,8,TRUE
20,LPIN3,ENST00000373257,4542,9,0.001078257,6,6.28E-06,15,TRUE
17,LPO,ENST00000262290,4224,6,0.001809283,2,2.09E-06,8,TRUE
4,LRBA,ENST00000651943,747,1,3.00E-05,0,0,1,TRUE
7,LRGUK,ENST00000285928,1002,4,0.000146405,0,0,4,TRUE
12,LRIG3,ENST00000320743,593,1,1.02E-06,0,0,1,TRUE
10,LRIT1,ENST00000372105,935,1,0.000123021,2,2.09E-06,3,FALSE
10,LRIT2,ENST00000372113,1218,1,0.000392447,0,0,1,FALSE
4,LRIT3,ENST00000594814,184,1,2.03E-06,0,0,1,FALSE
10,LRMDA,ENST00000611255,794,1,5.29E-05,0,0,1,FALSE
12,LRMP,ENST00000354454,796,2,9.76E-05,0,0,2,FALSE
14,LRP10,ENST00000359591,727,1,0.000219616,0,0,1,FALSE
6,LRP11,ENST00000239367,266,2,2.69E-05,0,0,2,FALSE
4,LRP2BP,ENST00000328559,507,1,2.54E-06,0,0,1,FALSE
22,LRP5L,ENST00000610821,2041,32,0.000965356,4,4.19E-06,36,TRUE
10,LRRC20,ENST00000355790,218,1,3.05E-06,0,0,1,FALSE
12,LRRC23,ENST00000443597,468,1,4.63E-05,0,0,1,FALSE
10,LRRC27,ENST00000368614,2069,17,0.000569354,2,2.09E-06,19,TRUE
16,LRRC29,ENST00000393992,20795,1,3.00E-05,0,0,1,TRUE
3,LRRC31,ENST00000316428,10592,235,0.005455405,3,3.14E-06,238,TRUE
3,LRRC34,ENST00000446859,6571,97,0.003086752,4,4.19E-06,101,TRUE
16,LRRC36,ENST00000329956,1025,2,4.22E-05,0,0,2,TRUE
17,LRRC37B,ENST00000394713,2020,1,0.00091617,0,0,1,TRUE
1,LRRC38,ENST00000376085,1441,2,0.000686278,0,0,2,FALSE
1,LRRC39,ENST00000370137,1233,2,0.000374145,0,0,2,TRUE
1,LRRC42,ENST00000371370,1219,3,0.000303534,0,0,3,FALSE
12,LRRC43,ENST00000339777,2074,3,0.000519023,0,0,3,TRUE
17,LRRC46,ENST00000269025,754,1,9.30E-05,0,0,1,TRUE
1,LRRC52,ENST00000294818,352,1,8.39E-05,0,0,1,FALSE
11,LRRC56,ENST00000270115,639,1,1.02E-06,0,0,1,TRUE
7,LRRC61,ENST00000359623,369,1,4.07E-06,0,0,1,FALSE
8,LRRC69,ENST00000448384,32718,5,0.000189215,0,0,5,TRUE
1,LRRC7,ENST00000651989,592,1,0.000284174,0,0,1,FALSE
5,LRRC70,ENST00000334994,1154,6,0.000171315,0,0,6,TRUE
1,LRRC71,ENST00000337428,5668,29,0.002417464,3,3.14E-06,32,TRUE
7,LRRC72,ENST00000401542,1329,4,0.000435626,0,0,4,FALSE
17,LRRC75A,ENST00000470794,132,1,1.02E-06,0,0,1,FALSE
22,LRRC75B,ENST00000318753,509,3,0.000208426,0,0,3,TRUE
7,LRRD1,ENST00000458448,3420,1,0.000695933,4,4.19E-06,5,TRUE
3,LRRFIP2,ENST00000336686,1229,2,2.08E-05,0,0,2,TRUE
12,LRRIQ1,ENST00000393217,391818,2,0.000478373,2,2.09E-06,4,TRUE
1,LRRIQ3,ENST00000354431,2730,4,0.000516594,2,2.09E-06,6,TRUE
3,LRRIQ4,ENST00000340806,519,1,1.73E-05,0,0,1,FALSE
12,LRRK2,ENST00000298910,2319,1,2.54E-06,2,2.09E-06,3,TRUE
9,LRSAM1,ENST00000323301,642,1,3.56E-06,0,0,1,FALSE
3,LRTM1,ENST00000273286,6647,20,0.003261585,6,6.28E-06,26,TRUE
11,LRTOMT,ENST00000447974,769,1,0.00028925,0,0,1,FALSE
19,LSR,ENST00000621372,3910,4,0.001637393,0,0,4,TRUE
14,LTB4R2,ENST00000533293,243,2,5.59E-06,0,0,2,TRUE
14,LTBP2,ENST00000261978,802,3,1.93E-05,2,2.09E-06,5,TRUE
19,LTBP4,ENST00000396819,467,1,4.58E-06,0,0,1,FALSE
5,LTC4S,ENST00000292596,4805,9,0.002397927,0,0,9,TRUE
3,LTF,ENST00000231751,2620,4,0.00053987,3,3.14E-06,7,TRUE
15,LTK,ENST00000263800,5764,10,0.00200139,22,2.30E-05,32,TRUE
21,LTN1,ENST00000361371,3095,5,0.001413936,0,0,5,TRUE
5,LVRN,ENST00000357872,2137,1,9.30E-05,0,0,1,TRUE
3,LXN,ENST00000264265,853,5,7.52E-05,0,0,5,TRUE
6,LY6G5B,ENST00000375864,151,1,3.97E-05,0,0,1,FALSE
2,LY75,ENST00000263636,6275,13,0.002247407,5,5.24E-06,18,TRUE
2,LY75-CD302,ENST00000504764,7337,14,0.002597668,8,8.38E-06,22,TRUE
6,LY86,ENST00000230568,1529,1,0.000459571,0,0,1,TRUE
1,LY9,ENST00000263285,2778,3,0.000415363,0,0,3,TRUE
2,LYG1,ENST00000308528,2119,4,0.000774218,0,0,4,TRUE
19,LYPD3,ENST00000244333,951,1,2.03E-06,0,0,1,TRUE
2,LYPD6,ENST00000334166,1351,6,0.000483978,0,0,6,FALSE
1,LYPLAL1,ENST00000366928,423,2,6.76E-05,0,0,2,FALSE
10,LYZL2,ENST00000647634,1268,21,0.00061866,3,3.14E-06,24,TRUE
2,M1AP,ENST00000290536,6664,12,0.003146681,0,0,12,TRUE
1,MAB21L3,ENST00000369500,897,1,9.00E-05,0,0,1,TRUE
7,MACC1,ENST00000400331,1368,3,9.40E-05,2,2.09E-06,5,TRUE
23,MAGEC3,ENST00000298296,859,1,0.000118446,0,0,1,TRUE
23,MAGIX,ENST00000595224,880,1,0.000390935,0,0,1,TRUE
2,MAIP1,ENST00000295079,6192,67,0.003065408,0,0,67,TRUE
6,MAK,ENST00000354489,666,1,1.02E-06,0,0,1,FALSE
10,MALRD1,ENST00000454679,9727,29,0.002837661,27,2.83E-05,56,TRUE
9,MAMDC4,ENST00000317446,9948,22,0.002859479,33,3.46E-05,55,TRUE
1,MAN1C1,ENST00000374332,244,1,2.29E-05,0,0,1,FALSE
15,MAN2A2,ENST00000559717,3751,4,0.001705511,0,0,4,TRUE
4,MAN2B2,ENST00000285599,1389,4,0.000101671,0,0,4,TRUE
15,MAN2C1,ENST00000267978,7223,5,0.001876313,8,8.38E-06,13,TRUE
6,MANEA,ENST00000358812,444,2,1.73E-05,0,0,2,FALSE
12,MANSC4,ENST00000381273,272,1,3.97E-05,0,0,1,FALSE
23,MAP3K15,ENST00000338883,3638,2,0.000598418,0,0,2,TRUE
2,MAP3K19,ENST00000392915,2101,0,NA,2,2.09E-06,2,FALSE
6,MAP3K5,ENST00000359015,210,2,3.10E-05,0,0,2,FALSE
1,MAP3K6,ENST00000357582,8626,23,0.003446192,7,7.33E-06,30,TRUE
3,MAP4,ENST00000360240,520,1,0.000106246,0,0,1,FALSE
11,MAP4K2,ENST00000294066,678,1,4.17E-05,0,0,1,FALSE
23,MAP7D3,ENST00000316077,1719,1,0.00067701,0,0,1,TRUE
4,MAP9,ENST00000311277,1129,4,0.000242513,0,0,4,FALSE
22,MAPK12,ENST00000215659,5456,16,0.002267278,0,0,16,TRUE
6,MAPK13,ENST00000211287,4045,10,0.001701996,7,7.33E-06,17,FALSE
8,MAPK15,ENST00000338033,3217,1,0.000409221,0,0,1,TRUE
4,MARCHF1,ENST00000503008,221,2,7.93E-05,0,0,2,FALSE
17,MARCHF10,ENST00000311269,1362,1,4.07E-06,0,0,1,TRUE
10,MARCHF8,ENST00000453424,1025,1,0.000211982,0,0,1,TRUE
1,MARCKSL1,ENST00000329421,44,1,1.02E-06,0,0,1,FALSE
2,MARCO,ENST00000327097,1205,3,9.25E-05,0,0,3,FALSE
16,MARVELD3,ENST00000268485,732,1,2.44E-05,0,0,1,FALSE
1,MASP2,ENST00000400897,1528,2,8.69E-05,0,0,2,TRUE
1,MAST2,ENST00000361297,765,1,1.27E-05,0,0,1,TRUE
5,MAST4,ENST00000403666,1018,0,NA,3,3.14E-06,3,FALSE
1,MATN1,ENST00000373765,234,2,5.08E-06,0,0,2,FALSE
20,MATN4,ENST00000372754,3088,4,0.001222116,0,0,4,TRUE
6,MBOAT1,ENST00000324607,650,2,2.29E-05,0,0,2,FALSE
2,MBOAT2,ENST00000305997,1048,5,0.000458534,0,0,5,FALSE
18,MBP,ENST00000355994,112,1,3.30E-05,0,0,1,FALSE
16,MC1R,ENST00000555147,73,0,NA,11,1.15E-05,11,FALSE
20,MC3R,ENST00000243911,1261,4,0.000559185,0,0,4,FALSE
5,MCC,ENST00000408903,1017,10,0.000291299,0,0,10,TRUE
3,MCCC1,ENST00000265594,927,1,3.51E-05,0,0,1,FALSE
5,MCCC2,ENST00000340941,556,1,6.10E-06,0,0,1,TRUE
19,MCEMP1,ENST00000333598,7273,25,0.003673618,0,0,25,TRUE
3,MCF2L2,ENST00000328913,1404,2,0.000296944,0,0,2,TRUE
22,MCHR1,ENST00000249016,212,1,1.47E-05,0,0,1,FALSE
6,MCM3,ENST00000596288,457,1,3.76E-05,0,0,1,FALSE
8,MCM4,ENST00000649973,708,2,6.00E-05,0,0,2,FALSE
20,MCM8,ENST00000610722,1116,1,1.02E-06,0,0,1,FALSE
6,MCM9,ENST00000316316,589,1,9.15E-06,0,0,1,TRUE
8,MCMDC2,ENST00000422365,2711,3,0.00030248,0,0,3,TRUE
1,MCOLN3,ENST00000370589,750,2,0.000122006,0,0,2,TRUE
8,MCPH1,ENST00000344683,2318,6,0.0003767,0,0,6,TRUE
15,MCTP2,ENST00000357742,2758,9,0.000237449,4,4.19E-06,13,TRUE
6,MCUR1,ENST00000379170,1235,1,0.000187581,0,0,1,TRUE
6,MDC1,ENST00000376406,1027,1,0.000105736,0,0,1,TRUE
2,MDH1B,ENST00000374412,698,4,0.000138784,0,0,4,FALSE
12,MDM1,ENST00000303145,1244,1,1.02E-05,0,0,1,FALSE
6,ME1,ENST00000369705,12327,54,0.005934296,4,4.19E-06,58,TRUE
16,MEAK7,ENST00000343629,3073,2,0.00039092,0,0,2,TRUE
19,MED16,ENST00000325464,2077,0,NA,4,4.19E-06,4,TRUE
17,MED24,ENST00000394128,1080,1,7.02E-05,0,0,1,FALSE
19,MED26,ENST00000263390,685,2,0.000345717,0,0,2,FALSE
13,MEDAG,ENST00000380482,371,1,3.15E-05,0,0,1,TRUE
16,MEFV,ENST00000219596,550,2,2.08E-05,0,0,2,FALSE
15,MEGF11,ENST00000409699,2370,0,NA,3,3.14E-06,3,TRUE
1,MEGF6,ENST00000356575,3027,8,0.00050442,3,3.14E-06,11,TRUE
22,MEI1,ENST00000401548,1164,1,0.000121495,0,0,1,TRUE
6,MEI4,ENST00000602452,1126,1,0.000444806,0,0,1,TRUE
16,MEIOB,ENST00000325962,763,1,1.12E-05,0,0,1,FALSE
9,MELK,ENST00000298048,1334,3,0.000107771,0,0,3,TRUE
3,MELTF,ENST00000296350,3054,2,0.000820478,0,0,2,TRUE
18,MEP1B,ENST00000269202,2598,8,0.00068837,0,0,8,TRUE
2,METAP1D,ENST00000315796,2225,1,0.000874006,0,0,1,TRUE
2,METTL21A,ENST00000426075,1907,1,0.000229925,0,0,1,TRUE
13,METTL21C,ENST00000267273,1241,1,0.000323818,0,0,1,FALSE
16,METTL22,ENST00000381920,1152,2,0.000310603,0,0,2,TRUE
6,METTL24,ENST00000338882,1612,2,0.000700032,0,0,2,TRUE
16,METTL26,ENST00000301686,386,2,6.56E-05,0,0,2,TRUE
17,METTL2A,ENST00000311506,2477,8,0.001121924,0,0,8,TRUE
3,METTL6,ENST00000383790,228,2,3.51E-05,0,0,2,FALSE
12,METTL7B,ENST00000394252,130,0,NA,2,2.09E-06,2,FALSE
2,METTL8,ENST00000612742,2059,5,0.000509372,3,3.14E-06,8,TRUE
1,MFAP2,ENST00000375535,159,1,2.19E-05,0,0,1,FALSE
3,MFN1,ENST00000471841,325,1,4.58E-06,0,0,1,FALSE
22,MFNG,ENST00000356998,650,3,2.80E-05,0,0,3,TRUE
11,MFRP,ENST00000619721,2118,3,0.000166739,0,0,3,TRUE
19,MFSD12,ENST00000355415,3259,0,NA,2,2.09E-06,2,FALSE
17,MFSD6L,ENST00000329805,126,0,NA,4,4.19E-06,4,FALSE
2,MFSD9,ENST00000258436,3875,14,0.001766511,5,5.24E-06,19,TRUE
7,MGAM,ENST00000475668,3959,52,0.000399671,6,6.28E-06,58,TRUE
20,MGME1,ENST00000377710,316,1,4.58E-06,0,0,1,FALSE
12,MGST1,ENST00000396210,1621,9,0.000732067,0,0,9,TRUE
1,MGST3,ENST00000367889,107,1,1.58E-05,0,0,1,FALSE
14,MIA2,ENST00000280082,2379,3,0.000989311,3,3.14E-06,6,TRUE
1,MIB2,ENST00000505820,5485,45,0.002510269,2,2.09E-06,47,TRUE
6,MICA,ENST00000449934,77011,156,0.003247839,0,0,156,TRUE
6,MICAL1,ENST00000358807,3206,4,0.000144892,0,0,4,TRUE
11,MICAL2,ENST00000646065,28473,7,0.00192921,4,4.19E-06,11,TRUE
7,MICALL2,ENST00000297508,1283,1,3.61E-05,0,0,1,TRUE
6,MICB,ENST00000252229,9506,132,0.004793723,5,5.24E-06,137,TRUE
13,MICU2,ENST00000382374,9917,28,0.004494452,3,3.14E-06,31,TRUE
1,MIGA1,ENST00000645526,417,1,2.03E-06,0,0,1,FALSE
1,MIIP,ENST00000235332,1605,1,3.05E-06,0,0,1,TRUE
17,MILR1,ENST00000619286,1510,20,0.00074169,0,0,20,TRUE
1,MINDY1,ENST00000622754,2051,1,0.000579011,2,2.09E-06,3,FALSE
7,MINDY4,ENST00000265299,2125,2,0.000250109,0,0,2,TRUE
22,MIOX,ENST00000216075,684,4,5.90E-05,0,0,4,FALSE
14,MIPOL1,ENST00000327441,1021,1,1.02E-06,0,0,1,TRUE
14,MIS18BP1,ENST00000310806,813,1,6.25E-05,0,0,1,TRUE
19,MISP,ENST00000215582,1346,3,0.00052055,0,0,3,TRUE
2,MITD1,ENST00000289359,311,1,5.29E-05,0,0,1,FALSE
1,MIXL1,ENST00000366810,95,1,8.13E-06,0,0,1,FALSE
10,MKI67,ENST00000368654,1554,2,1.47E-05,0,0,2,TRUE
20,MKKS,ENST00000347364,391,1,1.32E-05,0,0,1,FALSE
19,MKNK2,ENST00000250896,358,2,3.05E-06,0,0,2,FALSE
9,MLANA,ENST00000381477,1091,3,0.000475308,0,0,3,TRUE
14,MLH3,ENST00000355774,1252,1,9.15E-06,0,0,1,TRUE
6,MLIP,ENST00000502396,1008,6,0.000136746,0,0,6,FALSE
16,MLKL,ENST00000308807,11087,41,0.005182885,6,6.28E-06,47,TRUE
16,MLYCD,ENST00000262430,595,1,4.58E-06,0,0,1,FALSE
1,MMACHC,ENST00000401061,2881,0,NA,2,2.09E-06,2,FALSE
7,MMD2,ENST00000401401,299,2,3.20E-05,2,2.09E-06,4,TRUE
1,MMEL1,ENST00000378412,1541,1,2.14E-05,0,0,1,TRUE
11,MMP1,ENST00000315274,31126,13,0.002941682,3,3.14E-06,16,TRUE
11,MMP10,ENST00000279441,42608,16,0.004216381,11,1.15E-05,27,TRUE
11,MMP12,ENST00000571244,497,1,3.00E-05,0,0,1,FALSE
11,MMP13,ENST00000260302,542,1,5.09E-06,0,0,1,FALSE
12,MMP19,ENST00000322569,10912,150,0.005330274,6,6.28E-06,156,TRUE
11,MMP20,ENST00000260228,4386,10,0.002026086,0,0,10,TRUE
16,MMP25,ENST00000336577,1906,3,0.000498691,0,0,3,TRUE
11,MMP27,ENST00000260229,1371,1,0.000293317,5,5.24E-06,6,TRUE
11,MMP3,ENST00000299855,931,1,6.15E-05,0,0,1,FALSE
11,MMP7,ENST00000260227,723,2,0.000142406,0,0,2,FALSE
11,MMP8,ENST00000236826,42974,3,0.001384204,3,3.14E-06,6,TRUE
20,MMP9,ENST00000372330,1421,2,8.13E-06,0,0,2,TRUE
4,MMRN1,ENST00000264790,1289,3,0.000133704,0,0,3,TRUE
10,MMRN2,ENST00000372027,813,2,0.000112853,0,0,2,TRUE
6,MMUT,ENST00000274813,956,1,2.24E-05,0,0,1,FALSE
1,MNDA,ENST00000368141,1556,8,0.00043566,0,0,8,TRUE
18,MOCOS,ENST00000261326,2825,2,0.00078492,4,4.19E-06,6,TRUE
2,MOGAT1,ENST00000446656,3066,6,0.001204798,0,0,6,TRUE
7,MOGAT3,ENST00000223114,565,3,0.000171316,0,0,3,TRUE
14,MOK,ENST00000361847,199733,73,0.002616473,0,0,73,TRUE
3,MORC1,ENST00000232603,635,1,6.15E-05,0,0,1,TRUE
23,MORC4,ENST00000355610,101,1,1.02E-06,0,0,1,TRUE
1,MORN1,ENST00000378531,762,2,7.12E-05,0,0,2,FALSE
6,MOXD1,ENST00000367963,1107,1,3.56E-06,0,0,1,TRUE
9,MPDZ,ENST00000319217,2023,1,3.56E-06,0,0,1,FALSE
16,MPG,ENST00000356432,2055,1,8.59E-05,2,2.09E-06,3,TRUE
12,MPHOSPH9,ENST00000606320,803,1,5.59E-06,0,0,1,FALSE
19,MPND,ENST00000599840,1749,5,0.000634457,0,0,5,TRUE
17,MPO,ENST00000225275,13891,39,0.006651341,22,2.30E-05,61,TRUE
18,MPPE1,ENST00000588072,7108,4,0.000198769,3,3.14E-06,7,TRUE
22,MPPED1,ENST00000443721,84,1,2.29E-05,0,0,1,FALSE
16,MPV17L,ENST00000396385,264,1,8.65E-06,0,0,1,FALSE
11,MPZL2,ENST00000278937,3148,8,0.001232261,2,2.09E-06,10,TRUE
11,MPZL3,ENST00000278949,2868,18,0.00137966,0,0,18,TRUE
1,MR1,ENST00000614012,676,1,8.49E-05,0,0,1,FALSE
6,MRAP2,ENST00000257776,356,1,1.02E-06,0,0,1,FALSE
17,MRC2,ENST00000303375,351,1,4.07E-06,0,0,1,FALSE
11,MRGPRX4,ENST00000314254,605,1,0.000124545,0,0,1,TRUE
17,MRM1,ENST00000614766,684,1,1.02E-06,0,0,1,FALSE
17,MRM3,ENST00000304478,624,1,1.53E-06,0,0,1,FALSE
5,MRNIP,ENST00000292586,6815,22,0.00326634,13,1.36E-05,35,TRUE
18,MRO,ENST00000398439,15608,83,0.00756263,8,8.38E-06,91,TRUE
8,MROH1,ENST00000528919,417,1,8.69E-05,0,0,1,FALSE
2,MROH2A,ENST00000610772,21572,623,0.010105681,257,0.0002691,880,TRUE
5,MROH2B,ENST00000399564,358431,43,0.008688463,37,3.87E-05,80,TRUE
8,MROH6,ENST00000398882,2659,5,0.000619214,0,0,5,TRUE
1,MROH7,ENST00000421030,2041,5,0.000119971,0,0,5,TRUE
20,MROH8,ENST00000400441,3324,8,0.000700001,3,3.14E-06,11,TRUE
1,MROH9,ENST00000367758,904,1,3.41E-05,0,0,1,FALSE
4,MRPL1,ENST00000315567,338,1,2.54E-06,0,0,1,FALSE
7,MRPL32,ENST00000223324,5594,12,0.002437031,2,2.09E-06,14,TRUE
3,MRPL47,ENST00000476781,1079,1,8.80E-05,0,0,1,TRUE
8,MRPS28,ENST00000276585,473,1,5.95E-05,0,0,1,FALSE
11,MS4A10,ENST00000308287,571,2,3.05E-05,0,0,2,FALSE
11,MS4A12,ENST00000016913,495295,145,0.006428761,12,1.26E-05,157,TRUE
11,MS4A14,ENST00000300187,1183,2,0.000520043,0,0,2,TRUE
11,MS4A2,ENST00000278888,3608,8,0.001711725,2,2.09E-06,10,TRUE
11,MS4A5,ENST00000300190,451,1,3.26E-05,0,0,1,FALSE
11,MS4A6A,ENST00000530839,10994,26,0.005249359,10,1.05E-05,36,TRUE
11,MS4A6E,ENST00000300182,358,1,0.000118954,0,0,1,FALSE
6,MSH5,ENST00000375750,1601,2,0.000258749,0,0,2,TRUE
2,MSH6,ENST00000234420,4469,19,0.00179353,6,6.28E-06,25,TRUE
16,MSLN,ENST00000545450,1463,1,1.02E-06,0,0,1,TRUE
10,MSMB,ENST00000582163,85,1,5.08E-06,0,0,1,FALSE
9,MSMP,ENST00000436428,75,1,3.05E-06,0,0,1,FALSE
8,MSR1,ENST00000262101,19383,172,0.009690388,8,8.38E-06,180,TRUE
8,MSRA,ENST00000317173,1854,3,0.000730509,0,0,3,TRUE
10,MSS51,ENST00000299432,7539,15,0.003391893,6,6.28E-06,21,TRUE
3,MST1,ENST00000449682,25968,12,0.000523642,0,0,12,TRUE
3,MST1R,ENST00000296474,6140,10,0.001590114,16,1.68E-05,26,TRUE
1,MT1HL1,ENST00000464121,706,1,0.000198766,0,0,1,TRUE
16,MT1X,ENST00000394485,1290,2,0.00060448,0,0,2,TRUE
16,MT4,ENST00000219162,569,2,0.000140814,0,0,2,FALSE
1,MTARC1,ENST00000366910,326,1,1.53E-06,0,0,1,TRUE
7,MTERF1,ENST00000351870,2114,3,0.000855051,0,0,3,TRUE
12,MTERF2,ENST00000240050,1549,5,0.000508348,2,2.09E-06,7,TRUE
2,MTERF4,ENST00000391980,1605,13,0.000478506,0,0,13,TRUE
6,MTFR2,ENST00000420702,2101,3,0.000641583,0,0,3,TRUE
4,MTHFD2L,ENST00000325278,449,1,5.54E-05,0,0,1,FALSE
16,MTHFSD,ENST00000360900,1409,2,0.000257309,0,0,2,TRUE
1,MTMR11,ENST00000439741,998,2,5.29E-05,0,0,2,TRUE
22,MTMR3,ENST00000401950,155,1,2.03E-06,0,0,1,FALSE
7,MUC12,ENST00000536621,1938,5,0.000233333,3,3.14E-06,8,TRUE
19,MUC16,ENST00000397910,9164,7,0.00054801,13,1.36E-05,20,TRUE
7,MUC17,ENST00000306151,7863,45,0.002338951,17,1.78E-05,62,TRUE
12,MUC19,ENST00000424466,280426,79,0.007983212,2,2.09E-06,81,TRUE
6,MUC22,ENST00000561890,36954,10,8.18E-05,4,4.19E-06,14,TRUE
7,MUC3A,ENST00000379458,394,1,4.07E-06,0,0,1,TRUE
3,MUC4,ENST00000463781,5425,9,0.001619119,9,9.42E-06,18,TRUE
11,MUC6,ENST00000421673,6285,4,0.001486929,4,4.19E-06,8,TRUE
4,MUC7,ENST00000304887,12,0,NA,2,2.09E-06,2,FALSE
12,MUCL1,ENST00000308796,2937,59,0.001116957,0,0,59,TRUE
6,MUCL3,ENST00000462446,793,1,2.03E-06,0,0,1,FALSE
1,MUTYH,ENST00000456914,1353,4,0.00014997,0,0,4,TRUE
16,MVP,ENST00000357402,1525,1,6.61E-06,0,0,1,TRUE
21,MX1,ENST00000398598,3977,20,0.001467608,10,1.05E-05,30,TRUE
17,MXRA7,ENST00000355797,446,4,7.88E-05,0,0,4,TRUE
17,MYADML2,ENST00000409745,257,1,5.80E-05,0,0,1,FALSE
17,MYBBP1A,ENST00000254718,1768,0,NA,2,2.09E-06,2,FALSE
19,MYBPC2,ENST00000357701,7373,13,0.003106032,4,4.19E-06,17,TRUE
1,MYBPHL,ENST00000357155,1783,9,0.000765065,0,0,9,TRUE
15,MYEF2,ENST00000324324,7304,18,0.003693162,0,0,18,TRUE
11,MYEOV,ENST00000441339,65,1,4.58E-06,0,0,1,FALSE
17,MYH1,ENST00000226207,14854,71,0.005805925,57,5.97E-05,128,TRUE
17,MYH13,ENST00000252172,3031,5,0.000315722,2,2.09E-06,7,TRUE
3,MYH15,ENST00000273353,14420,66,0.006147495,27,2.83E-05,93,TRUE
17,MYH2,ENST00000245503,1112,1,1.32E-05,0,0,1,TRUE
17,MYH3,ENST00000583535,648,1,1.02E-06,0,0,1,FALSE
17,MYH4,ENST00000255381,5993,6,0.000234866,6,6.28E-06,12,TRUE
20,MYH7B,ENST00000262873,8610,13,0.002127854,18,1.89E-05,31,TRUE
17,MYH8,ENST00000403437,7361,12,0.002004933,12,1.26E-05,24,TRUE
4,MYL5,ENST00000400159,1644,3,0.00055461,2,2.09E-06,5,TRUE
12,MYL6,ENST00000550697,679,5,0.000244007,0,0,5,FALSE
3,MYLK,ENST00000360304,639,3,6.41E-05,0,0,3,FALSE
16,MYLK3,ENST00000394809,760,1,3.05E-05,0,0,1,FALSE
6,MYLK4,ENST00000274643,1051,1,0.000115419,0,0,1,TRUE
17,MYO15A,ENST00000647165,5714,17,0.00074575,6,6.28E-06,23,TRUE
22,MYO18B,ENST00000335473,2232,2,5.08E-06,0,0,2,TRUE
17,MYO19,ENST00000614623,4166,5,0.000421931,0,0,5,TRUE
12,MYO1A,ENST00000300119,12718,30,0.005346433,22,2.30E-05,52,TRUE
12,MYO1H,ENST00000431443,2161,4,0.000112351,5,5.24E-06,9,TRUE
10,MYO3A,ENST00000642920,3714,4,9.40E-05,2,2.09E-06,6,TRUE
2,MYO3B,ENST00000408978,2837,6,0.000184022,4,4.19E-06,10,TRUE
15,MYO5C,ENST00000261839,2412,4,0.000230908,0,0,4,TRUE
11,MYO7A,ENST00000409709,2051,2,6.46E-05,0,0,2,FALSE
2,MYO7B,ENST00000428314,2457,3,3.15E-05,0,0,3,TRUE
15,MYO9A,ENST00000356056,810,3,0.000100155,0,0,3,TRUE
1,MYOC,ENST00000037502,858,5,0.000186564,0,0,5,TRUE
10,MYOF,ENST00000359263,5643,4,0.000230282,8,8.38E-06,12,TRUE
18,MYOM1,ENST00000356443,2047,2,4.78E-05,0,0,2,FALSE
8,MYOM2,ENST00000262113,5868,6,0.001029412,6,6.28E-06,12,TRUE
1,MYOM3,ENST00000374434,10458,60,0.004181189,21,2.20E-05,81,TRUE
9,MYORG,ENST00000297625,318214,1,4.22E-05,0,0,1,FALSE
5,MYOZ3,ENST00000517768,3318,7,0.001567755,3,3.14E-06,10,TRUE
10,MYPN,ENST00000358913,316,2,5.08E-06,0,0,2,FALSE
12,MYRFL,ENST00000552032,1587,2,0.000300436,0,0,2,TRUE
3,MYRIP,ENST00000302541,362,1,1.02E-06,0,0,1,FALSE
15,MYZAP,ENST00000267853,827,1,1.02E-06,0,0,1,FALSE
19,MZF1,ENST00000215057,219,1,7.63E-06,0,0,1,FALSE
4,N4BP2,ENST00000261435,945,1,1.02E-06,0,0,1,FALSE
4,NAA11,ENST00000286794,629,2,0.000270441,0,0,2,FALSE
4,NAAA,ENST00000286733,5907,103,0.002926578,2,2.09E-06,105,TRUE
11,NAALAD2,ENST00000534061,1220,4,7.88E-05,0,0,4,TRUE
11,NAALADL1,ENST00000358658,1323,5,0.000147932,0,0,5,TRUE
3,NAALADL2,ENST00000454872,1459,0,NA,2,2.09E-06,2,FALSE
17,NACA2,ENST00000521764,236224,11,0.000295859,0,0,11,TRUE
11,NADSYN1,ENST00000319023,640,1,1.12E-05,0,0,1,FALSE
16,NAGPA,ENST00000312251,1138,2,0.00020944,0,0,2,FALSE
5,NAIP,ENST00000517649,235,6,0.000103715,0,0,6,TRUE
12,NANOGNB,ENST00000382119,1851,2,0.000822762,0,0,2,FALSE
11,NAP1L4,ENST00000380542,576,5,0.0002796,0,0,5,FALSE
8,NAPRT,ENST00000449291,1999,3,1.37E-05,6,6.28E-06,9,TRUE
19,NAPSA,ENST00000253719,1039,0,NA,3,3.14E-06,3,TRUE
17,NARF,ENST00000309794,335,1,6.10E-06,0,0,1,FALSE
8,NAT1,ENST00000307719,33,0,NA,4,4.19E-06,4,FALSE
11,NAT10,ENST00000257829,2802,2,0.000597832,3,3.14E-06,5,TRUE
19,NAT14,ENST00000205194,837,1,0.000331447,0,0,1,TRUE
13,NAXD,ENST00000309957,3021,18,0.001336448,0,0,18,TRUE
2,NBEAL1,ENST00000449802,3340,3,1.83E-05,4,4.19E-06,7,TRUE
3,NBEAL2,ENST00000450053,1708,2,0.000430572,0,0,2,TRUE
1,NBPF1,ENST00000430580,6,1,4.07E-06,0,0,1,TRUE
1,NBPF3,ENST00000318249,5602,16,0.002557005,6,6.28E-06,22,TRUE
1,NBPF9,ENST00000615421,497,2,0.000250108,0,0,2,TRUE
19,NCCRP1,ENST00000339852,449,1,7.07E-05,0,0,1,TRUE
3,NCEH1,ENST00000475381,431,1,0.000166746,0,0,1,FALSE
1,NCF2,ENST00000367535,784,1,0.000199279,0,0,1,FALSE
12,NCKAP5L,ENST00000335999,243,1,2.19E-05,0,0,1,TRUE
1,NCMAP,ENST00000374392,522,4,0.000235874,0,0,4,TRUE
17,NCOR1,ENST00000268712,331,1,6.66E-05,0,0,1,TRUE
11,NCR3LG1,ENST00000338965,934,2,0.000173855,0,0,2,FALSE
4,NDST4,ENST00000264363,384,1,1.22E-05,0,0,1,FALSE
12,NDUFA4L2,ENST00000393825,682,3,0.000311114,0,0,3,FALSE
21,NDUFV3,ENST00000354250,104187,11,0.000778793,2,2.09E-06,13,TRUE
2,NEB,ENST00000397345,4748,3,0.000643659,2,2.09E-06,5,TRUE
10,NEBL,ENST00000377122,6538,8,0.001905542,8,8.38E-06,16,TRUE
20,NECAB3,ENST00000246190,163,1,3.07E-06,0,0,1,FALSE
15,NEIL1,ENST00000355059,24845,9,0.002192516,3,3.14E-06,12,TRUE
4,NEK1,ENST00000507142,1423,1,4.52E-05,0,0,1,FALSE
13,NEK3,ENST00000610828,431022,3,0.000142396,0,0,3,TRUE
3,NEK4,ENST00000233027,1655,1,5.08E-06,0,0,1,TRUE
13,NEK5,ENST00000355568,1796,7,0.00044692,4,4.19E-06,11,TRUE
14,NEK9,ENST00000238616,2275,3,0.000809454,0,0,3,FALSE
10,NET1,ENST00000355029,245,1,1.27E-05,0,0,1,FALSE
2,NEU2,ENST00000233840,86,1,1.37E-05,0,0,1,FALSE
11,NEU3,ENST00000294064,503,1,1.42E-05,0,0,1,TRUE
2,NEU4,ENST00000407683,397,1,0.000158096,0,0,1,FALSE
20,NEURL2,ENST00000372518,11523,47,0.005813575,0,0,47,TRUE
1,NEXN,ENST00000334785,741,1,3.56E-05,0,0,1,TRUE
16,NFAT5,ENST00000349945,151,1,8.64E-06,0,0,1,FALSE
3,NFKBIZ,ENST00000326172,376,1,0.00017691,0,0,1,FALSE
9,NFX1,ENST00000379540,434,1,4.58E-06,0,0,1,TRUE
13,NHLRC3,ENST00000379600,770,1,3.36E-05,0,0,1,FALSE
6,NHSL1,ENST00000343505,1717,1,0.000736603,0,0,1,FALSE
19,NIBAN3,ENST00000599164,10952,187,0.005304266,2,2.09E-06,189,TRUE
3,NICN1,ENST00000273598,110,1,6.61E-06,0,0,1,FALSE
1,NID1,ENST00000264187,496,1,4.07E-06,0,0,1,TRUE
14,NID2,ENST00000216286,2067,5,0.000717284,0,0,5,TRUE
2,NIF3L1,ENST00000409020,1126,7,8.90E-05,0,0,7,TRUE
2,NIFK,ENST00000285814,833,1,0.000238441,0,0,1,FALSE
5,NIM1K,ENST00000326035,1311,1,0.000525637,0,0,1,FALSE
20,NINL,ENST00000278886,4207,5,0.001020262,8,8.38E-06,13,TRUE
15,NIPA2,ENST00000337451,396,1,7.37E-05,0,0,1,FALSE
9,NIPSNAP3A,ENST00000374767,12454,63,0.00587743,13,1.36E-05,76,TRUE
9,NIPSNAP3B,ENST00000374762,2437,14,0.001115824,0,0,14,TRUE
20,NKAIN4,ENST00000370316,386,1,9.61E-05,0,0,1,FALSE
17,NKIRAS2,ENST00000393885,174,1,2.03E-06,0,0,1,FALSE
10,NKX1-2,ENST00000451024,2821,4,0.001424403,0,0,4,TRUE
20,NKX2-4,ENST00000351817,237,1,9.46E-05,0,0,1,FALSE
5,NLN,ENST00000380985,865,1,2.54E-06,0,0,1,FALSE
16,NLRC3,ENST00000359128,2536,8,0.000813367,0,0,8,TRUE
16,NLRC5,ENST00000262510,797,2,3.71E-05,0,0,2,TRUE
19,NLRP12,ENST00000324134,5529,27,0.001988161,17,1.78E-05,44,TRUE
11,NLRP14,ENST00000299481,30934,11,0.001875505,6,6.28E-06,17,TRUE
19,NLRP2,ENST00000448584,2067,3,7.27E-05,0,0,3,TRUE
19,NLRP7,ENST00000328092,1125,1,1.53E-06,0,0,1,FALSE
19,NLRP8,ENST00000291971,7494,20,0.00322192,4,4.19E-06,24,TRUE
19,NLRP9,ENST00000332836,2795,4,0.000671644,2,2.09E-06,6,TRUE
11,NLRX1,ENST00000409109,3403,8,0.000819976,4,4.19E-06,12,TRUE
17,NME1-NME2,ENST00000393193,596,1,6.10E-06,0,0,1,TRUE
17,NME2,ENST00000512737,549,1,6.10E-06,0,0,1,TRUE
16,NME3,ENST00000219302,4256,7,0.002068506,0,0,7,TRUE
16,NME4,ENST00000219479,563,3,0.000231856,0,0,3,TRUE
1,NME7,ENST00000367811,1271,2,0.000436675,0,0,2,FALSE
7,NME8,ENST00000199447,2977,8,0.001052582,2,2.09E-06,10,TRUE
2,NMI,ENST00000243346,1637,2,0.00048703,0,0,2,FALSE
3,NMNAT3,ENST00000643695,674,1,0.000286709,0,0,1,FALSE
16,NMRAL1,ENST00000283429,781,3,0.000255703,0,0,3,TRUE
9,NMRK1,ENST00000361092,273,1,5.59E-06,0,0,1,FALSE
19,NMRK2,ENST00000168977,1323,1,0.00026339,0,0,1,TRUE
2,NMS,ENST00000376865,747,1,1.88E-05,0,0,1,FALSE
5,NMUR2,ENST00000255262,832,7,0.000157588,0,0,7,TRUE
7,NOBOX,ENST00000467773,1482,1,2.05E-06,0,0,1,FALSE
12,NOC4L,ENST00000330579,250,3,6.46E-05,0,0,3,TRUE
16,NOD2,ENST00000647318,34393,1,7.22E-05,0,0,1,TRUE
16,NOL3,ENST00000268605,3292,2,0.001459004,4,4.19E-06,6,TRUE
7,NOM1,ENST00000275820,736,1,6.61E-06,0,0,1,FALSE
16,NOMO2,ENST00000622306,94,2,4.02E-05,0,0,2,TRUE
2,NOP58,ENST00000264279,349,4,0.000127628,0,0,4,FALSE
17,NOS2,ENST00000313735,920,1,2.59E-05,0,0,1,FALSE
6,NOTCH4,ENST00000375023,2036,1,6.15E-05,0,0,1,TRUE
23,NOX1,ENST00000372966,540,1,2.34E-05,0,0,1,TRUE
6,NOX3,ENST00000159060,1790,3,0.000186084,0,0,3,TRUE
11,NOX4,ENST00000263317,503,1,2.59E-05,0,0,1,FALSE
15,NOX5,ENST00000388866,12113,391,0.005800772,29,3.04E-05,420,TRUE
9,NOXA1,ENST00000341349,1749,1,4.02E-05,4,4.19E-06,5,TRUE
2,NPAS2,ENST00000335681,100,1,4.07E-06,0,0,1,TRUE
7,NPC1L1,ENST00000381160,1617,1,0.000138787,0,0,1,FALSE
14,NPC2,ENST00000555619,12056,50,0.006018921,0,0,50,TRUE
20,NPEPL1,ENST00000356091,529,1,2.03E-06,0,0,1,FALSE
12,NPFF,ENST00000267017,504,0,NA,2,2.09E-06,2,FALSE
10,NPFFR1,ENST00000277942,6638,13,0.003337385,5,5.24E-06,18,TRUE
4,NPFFR2,ENST00000308744,3733,8,0.001811845,3,3.14E-06,11,TRUE
2,NPHP1,ENST00000445609,384,1,1.53E-06,0,0,1,FALSE
1,NPHP4,ENST00000378156,284656,0,NA,2,2.09E-06,2,TRUE
19,NPHS1,ENST00000378910,2271,0,NA,2,2.09E-06,2,TRUE
8,NPM2,ENST00000518119,722,2,6.20E-05,0,0,2,FALSE
1,NPPB,ENST00000376468,268,1,1.68E-05,0,0,1,FALSE
5,NPR3,ENST00000265074,156,1,1.02E-06,0,0,1,FALSE
16,NPRL3,ENST00000611875,627,6,0.000281118,0,0,6,FALSE
7,NPSR1,ENST00000360581,4100,38,0.001953606,0,0,38,TRUE
16,NQO1,ENST00000320623,6691,93,0.003204307,0,0,93,TRUE
1,NR0B2,ENST00000254227,418,1,4.17E-05,0,0,1,FALSE
1,NR1I3,ENST00000367983,1393,1,1.53E-06,0,0,1,TRUE
1,NR5A2,ENST00000367362,320,1,5.13E-05,0,0,1,FALSE
10,NRAP,ENST00000359988,3251,4,0.00041381,3,3.14E-06,7,TRUE
8,NRBP2,ENST00000442628,477,1,4.93E-05,0,0,1,FALSE
1,NRDC,ENST00000352171,243,1,8.13E-06,0,0,1,FALSE
10,NRG3,ENST00000372141,463,1,3.36E-05,0,0,1,FALSE
12,NRIP2,ENST00000337508,3129,1,0.001104142,0,0,1,TRUE
14,NRL,ENST00000561028,557,4,0.000134715,0,0,4,FALSE
20,NRSN2,ENST00000382285,323,1,6.20E-05,0,0,1,FALSE
20,NSFL1C,ENST00000216879,49,1,4.07E-06,0,0,1,FALSE
8,NSMAF,ENST00000038176,958,6,7.73E-05,0,0,6,TRUE
3,NSUN3,ENST00000314622,363,1,7.63E-06,0,0,1,FALSE
7,NSUN5,ENST00000438747,745,1,0.000131154,0,0,1,FALSE
2,NT5C1B,ENST00000359846,112895,18,0.00115141,2,2.09E-06,20,TRUE
2,NT5C1B-RDH14,ENST00000532967,112910,18,0.00115141,2,2.09E-06,20,TRUE
12,NT5DC3,ENST00000392876,1216,2,0.000520047,0,0,2,TRUE
17,NT5M,ENST00000389022,957,1,1.53E-06,0,0,1,FALSE
16,NTHL1,ENST00000651570,3503,2,0.00128053,0,0,2,FALSE
19,NTN5,ENST00000270235,1100,1,4.12E-05,2,2.09E-06,3,FALSE
1,NTPCR,ENST00000366628,209,1,2.24E-05,0,0,1,FALSE
20,NTSR1,ENST00000370501,509,1,2.90E-05,0,0,1,FALSE
2,NTSR2,ENST00000306928,1506,2,0.000672037,4,4.19E-06,6,TRUE
7,NUDT1,ENST00000397049,554,2,3.56E-05,0,0,2,TRUE
10,NUDT13,ENST00000357321,27068,3,0.000553772,0,0,3,TRUE
14,NUDT14,ENST00000392568,189,1,1.47E-05,0,0,1,FALSE
19,NUDT19,ENST00000397061,3507,4,0.001528612,5,5.24E-06,9,TRUE
4,NUDT6,ENST00000304430,2475,1,0.001070584,0,0,1,TRUE
16,NUDT7,ENST00000268533,12583,200,0.006422558,10,1.05E-05,210,TRUE
11,NUDT8,ENST00000376693,3726,48,0.00176347,0,0,48,TRUE
13,NUFIP1,ENST00000379161,690,1,4.07E-06,0,0,1,FALSE
8,NUGGC,ENST00000413272,2505,1,0.000742309,0,0,1,TRUE
14,NUMB,ENST00000557597,275,1,6.86E-05,0,0,1,TRUE
5,NUP155,ENST00000231498,574,2,0.000194213,0,0,2,FALSE
3,NUP210,ENST00000254508,1624,4,7.37E-05,0,0,4,TRUE
23,NUP62CL,ENST00000372466,197,1,3.15E-05,0,0,1,TRUE
16,NUPR1,ENST00000324873,446,1,0.000161656,0,0,1,FALSE
15,NUTM1,ENST00000537011,818,2,1.47E-05,0,0,2,FALSE
1,NVL,ENST00000281701,1060,1,6.61E-06,0,0,1,FALSE
19,NWD1,ENST00000524140,14312,301,0.006395125,87,9.11E-05,388,TRUE
11,NXPE1,ENST00000424269,1315,1,0.00027705,3,3.14E-06,4,TRUE
11,NXPE2,ENST00000389586,867,0,NA,3,3.14E-06,3,TRUE
3,NXPE3,ENST00000273347,345,1,1.02E-06,0,0,1,FALSE
11,NXPE4,ENST00000375478,588,1,2.80E-05,0,0,1,TRUE
6,OARD1,ENST00000424266,4107,9,0.001994861,0,0,9,TRUE
12,OAS1,ENST00000202917,631,4,0.000178939,0,0,4,FALSE
12,OAS2,ENST00000392583,1390,3,0.000229774,2,2.09E-06,5,TRUE
12,OAS3,ENST00000228928,25875,1,1.83E-05,0,0,1,TRUE
13,OBI1,ENST00000282003,657,2,3.56E-06,0,0,2,TRUE
1,OBSCN,ENST00000570156,39845,709,0.015543073,296,0.00030994,1005,TRUE
2,OBSL1,ENST00000404537,9373,20,0.003303777,18,1.89E-05,38,TRUE
8,OC90,ENST00000254627,544,1,1.53E-05,0,0,1,TRUE
19,OCEL1,ENST00000215061,5451,45,0.002543281,33,3.46E-05,78,TRUE
4,OCIAD2,ENST00000508632,543,2,7.78E-05,0,0,2,TRUE
7,OCM,ENST00000242104,8770,20,0.004166082,0,0,20,TRUE
7,OCM2,ENST00000257627,608,1,0.000295859,0,0,1,FALSE
4,ODAM,ENST00000396094,1502,1,0.00048294,0,0,1,TRUE
1,ODF2L,ENST00000294678,3157,3,0.000495687,2,2.09E-06,5,TRUE
15,ODF3L1,ENST00000332145,4808,94,0.002492469,2,2.09E-06,96,TRUE
10,OGDHL,ENST00000374103,690,2,6.10E-06,0,0,2,FALSE
17,OGFOD3,ENST00000313056,14015,65,0.00684278,12,1.26E-05,77,TRUE
10,OLAH,ENST00000378228,475,4,0.000122517,0,0,4,FALSE
11,OLFML1,ENST00000329293,735,1,1.88E-05,0,0,1,TRUE
1,OLFML2B,ENST00000294794,1275,1,1.22E-05,0,0,1,TRUE
15,ONECUT1,ENST00000305901,33,1,4.07E-06,0,0,1,FALSE
8,OPLAH,ENST00000618853,1878,3,8.74E-05,0,0,3,TRUE
7,OPN1SW,ENST00000249389,626,1,0.000167755,0,0,1,TRUE
10,OPN4,ENST00000241891,6996,29,0.003374475,2,2.09E-06,31,TRUE
1,OPRD1,ENST00000234961,190,1,4.58E-06,0,0,1,TRUE
6,OPRM1,ENST00000330432,1170,3,8.49E-05,2,2.09E-06,5,TRUE
1,OPTC,ENST00000367222,201,1,5.59E-06,0,0,1,FALSE
10,OPTN,ENST00000378747,623,1,3.05E-06,0,0,1,TRUE
11,OR10A2,ENST00000641461,959,8,0.000155048,0,0,8,TRUE
14,OR10G3,ENST00000641185,503,1,0.000205373,0,0,1,TRUE
19,OR10H3,ENST00000641646,462,3,7.78E-05,0,0,3,TRUE
19,OR10H4,ENST00000322107,371,1,3.56E-05,0,0,1,TRUE
11,OR10Q1,ENST00000316770,62,2,3.36E-05,0,0,2,FALSE
1,OR10Z1,ENST00000641002,5,0,NA,2,2.09E-06,2,FALSE
14,OR11G2,ENST00000357366,647,2,0.000276034,113,0.00011832,115,TRUE
14,OR11H6,ENST00000315519,1530,5,0.000580541,0,0,5,TRUE
9,OR13C2,ENST00000542196,123,2,1.68E-05,0,0,2,FALSE
9,OR13C3,ENST00000641090,341,1,2.54E-06,0,0,1,TRUE
23,OR13H1,ENST00000338616,2352,10,0.001086055,0,0,10,TRUE
9,OR13J1,ENST00000377981,1724,10,0.000806754,0,0,10,TRUE
17,OR1A1,ENST00000641732,526,1,3.56E-05,0,0,1,TRUE
17,OR1A2,ENST00000381951,241,0,NA,2,2.09E-06,2,TRUE
7,OR2A14,ENST00000641068,184,1,1.78E-05,0,0,1,FALSE
7,OR2A5,ENST00000641693,7926,198,0.004148785,0,0,198,TRUE
11,OR2AG1,ENST00000641258,976,14,0.000455989,2,2.09E-06,16,TRUE
12,OR2AP1,ENST00000641114,1841,2,0.000809352,0,0,2,TRUE
11,OR2AT4,ENST00000641541,266,1,6.10E-06,0,0,1,FALSE
11,OR2D2,ENST00000299459,19685,843,0.010684048,548,0.00057381,1391,TRUE
6,OR2J2,ENST00000641417,4098,27,0.002068793,2,2.09E-06,29,TRUE
6,OR2J3,ENST00000641960,355,1,4.07E-06,0,0,1,FALSE
9,OR2K2,ENST00000302681,884,4,0.00028319,0,0,4,TRUE
1,OR2M4,ENST00000641868,1627,8,0.000406201,6,6.28E-06,14,TRUE
1,OR2T11,ENST00000641193,2888,468,0.00191002,0,0,468,TRUE
5,OR2V1,ENST00000641318,1143,3,0.000478356,0,0,3,FALSE
11,OR4C11,ENST00000641580,121443,43,0.00010068,0,0,43,TRUE
11,OR4C16,ENST00000623907,390951,136,0.003815387,19,1.99E-05,155,TRUE
17,OR4D1,ENST00000641449,18736,281,0.009608218,3,3.14E-06,284,TRUE
14,OR4E2,ENST00000641524,234,1,3.46E-05,0,0,1,FALSE
15,OR4F15,ENST00000332238,7526,18,0.003721154,0,0,18,TRUE
15,OR4F6,ENST00000328882,765,2,0.000123022,0,0,2,FALSE
14,OR4K14,ENST00000641793,520,1,0.000190658,0,0,1,FALSE
11,OR4P4,ENST00000641760,243,38,0.000160014,0,0,38,TRUE
11,OR4S2,ENST00000641692,2141,803,0.001891492,0,0,803,TRUE
11,OR51E1,ENST00000396952,2975,4,0.00142489,0,0,4,TRUE
11,OR51E2,ENST00000396950,814,1,7.98E-05,0,0,1,TRUE
11,OR51G2,ENST00000641926,1498,2,5.59E-06,0,0,2,FALSE
11,OR51I2,ENST00000641930,449390,1,5.13E-05,0,0,1,TRUE
11,OR51L1,ENST00000641819,215,2,7.37E-05,0,0,2,TRUE
11,OR51V1,ENST00000321255,14881,850,0.007919403,11,1.15E-05,861,TRUE
11,OR52A5,ENST00000642125,655,1,2.39E-05,0,0,1,TRUE
11,OR52B2,ENST00000530810,1514,6,0.000435655,0,0,6,TRUE
11,OR52D1,ENST00000322641,31,1,1.17E-05,0,0,1,FALSE
11,OR52E4,ENST00000641726,223,1,5.03E-05,0,0,1,TRUE
11,OR52K1,ENST00000641528,2147,34,0.000925702,0,0,34,TRUE
11,OR52K2,ENST00000325719,4355,68,0.00209593,0,0,68,TRUE
11,OR52M1,ENST00000360213,12526,132,0.006368355,174,0.00018219,306,TRUE
11,OR52N1,ENST00000641645,95666,6,7.12E-06,0,0,6,FALSE
11,OR52N4,ENST00000641350,345955,1,0.000269427,0,0,1,TRUE
11,OR52N5,ENST00000641181,59,23,4.63E-05,0,0,23,TRUE
11,OR56A3,ENST00000641905,442,1,1.68E-05,0,0,1,FALSE
11,OR56B1,ENST00000317121,914,2,0.000339587,0,0,2,TRUE
11,OR5A1,ENST00000641045,1404,7,0.000584602,0,0,7,TRUE
11,OR5AR1,ENST00000624596,409,1,4.63E-05,0,0,1,FALSE
14,OR5AU1,ENST00000304418,646,4,0.000295353,0,0,4,FALSE
3,OR5H15,ENST00000641450,5,0,NA,2,2.09E-06,2,FALSE
11,OR5J2,ENST00000312298,136,0,NA,2,2.09E-06,2,FALSE
11,OR5P2,ENST00000329434,359,39,0.000217067,0,0,39,TRUE
11,OR5T1,ENST00000641665,789,1,0.000207916,0,0,1,FALSE
11,OR5T2,ENST00000313264,1614,2,0.00064773,0,0,2,TRUE
11,OR5T3,ENST00000303059,512,2,0.000129145,0,0,2,TRUE
11,OR6A2,ENST00000641196,5721,62,0.002738503,33,3.46E-05,95,TRUE
7,OR6B1,ENST00000641698,958,1,8.44E-05,0,0,1,FALSE
12,OR6C1,ENST00000642104,43,1,1.63E-05,0,0,1,FALSE
12,OR6C4,ENST00000641569,24141,5,0.000965363,0,0,5,TRUE
12,OR6C6,ENST00000358433,53,0,NA,2,2.09E-06,2,FALSE
1,OR6K2,ENST00000359610,1983,16,0.000914022,44,4.61E-05,60,TRUE
1,OR6P1,ENST00000641540,5680,14,0.002626677,4,4.19E-06,18,TRUE
7,OR6V1,ENST00000418316,4956,11,0.002392634,0,0,11,TRUE
1,OR6Y1,ENST00000641622,528,20,0.000196224,0,0,20,TRUE
19,OR7G3,ENST00000305444,405418,0,NA,735,0.00076961,735,FALSE
11,OR8B8,ENST00000642064,854,3,0.000261291,0,0,3,TRUE
12,OR8S1,ENST00000310194,1023,1,6.51E-05,0,0,1,TRUE
7,OR9A4,ENST00000641559,5502,55,0.00213829,5,5.24E-06,60,TRUE
11,OR9G4,ENST00000641668,422,3,0.000113364,0,0,3,TRUE
12,ORAI1,ENST00000617316,10112,38,0.005029663,0,0,38,TRUE
16,ORAI3,ENST00000318663,470,1,0.00015708,0,0,1,FALSE
12,ORMDL2,ENST00000243045,219,1,6.10E-06,0,0,1,FALSE
22,OSBP2,ENST00000332585,359,1,8.13E-06,0,0,1,FALSE
18,OSBPL1A,ENST00000319481,8174,18,0.003546763,3,3.14E-06,21,TRUE
19,OSCAR,ENST00000611261,663,2,0.00012658,0,0,2,FALSE
2,OSGEPL1,ENST00000264151,7533,21,0.003670292,0,0,21,TRUE
16,OSGIN1,ENST00000393306,151,1,8.13E-06,0,0,1,FALSE
8,OSGIN2,ENST00000451899,825,3,0.000215544,0,0,3,FALSE
3,OSTN,ENST00000339051,76,1,2.59E-05,0,0,1,FALSE
16,OTOA,ENST00000646100,1031,2,5.54E-05,0,0,2,TRUE
2,OTOF,ENST00000272371,17710,804,0.008680101,20,2.09E-05,824,TRUE
11,OTOG,ENST00000399397,7078,7,0.000728989,7,7.33E-06,14,TRUE
12,OTOGL,ENST00000547103,4448,4,0.000106268,6,6.28E-06,10,TRUE
4,OTOP1,ENST00000296358,5296,5,0.002271482,4,4.19E-06,9,TRUE
17,OTOP2,ENST00000331427,560,1,2.54E-06,0,0,1,FALSE
17,OTOP3,ENST00000328801,2568,7,0.000977557,0,0,7,TRUE
2,OTOS,ENST00000319460,1597,1,0.000657299,0,0,1,FALSE
1,OTUD3,ENST00000375120,889,2,0.000260784,0,0,2,FALSE
5,OTULINL,ENST00000274217,682,2,4.63E-05,0,0,2,TRUE
17,OVCA2,ENST00000572195,2004,3,0.000477339,4,4.19E-06,7,TRUE
12,OVCH1,ENST00000318184,9932,67,0.003414957,21,2.20E-05,88,TRUE
11,OVCH2,ENST00000533663,943,1,7.12E-06,0,0,1,TRUE
1,OVGP1,ENST00000369732,952,1,0.000209963,0,0,1,FALSE
19,OVOL3,ENST00000633214,217,1,2.64E-05,0,0,1,FALSE
13,OXGR1,ENST00000298440,8402,103,0.00432301,0,0,103,TRUE
3,OXNAD1,ENST00000285083,540,1,0.000155047,0,0,1,TRUE
3,OXTR,ENST00000316793,284,1,3.66E-05,0,0,1,TRUE
17,P2RX1,ENST00000225538,879,3,0.000302469,0,0,3,FALSE
11,P2RX3,ENST00000263314,1107,2,0.000425027,0,0,2,TRUE
17,P2RX5,ENST00000225328,2958,13,0.00129736,0,0,13,TRUE
22,P2RX6,ENST00000413302,10754,31,0.004987646,11,1.15E-05,42,TRUE
12,P2RX7,ENST00000328963,14964,68,0.007320751,0,0,68,TRUE
19,P2RY11,ENST00000321826,71,0,NA,2,2.09E-06,2,FALSE
23,P2RY8,ENST00000381297,41,1,1.42E-05,0,0,1,FALSE
3,P3H2,ENST00000319332,1173,1,1.02E-06,0,0,1,TRUE
12,P3H3,ENST00000290510,1385,0,NA,2,2.09E-06,2,TRUE
17,P3H4,ENST00000393928,512,1,1.83E-05,0,0,1,FALSE
5,P4HA2,ENST00000360568,736,1,4.68E-05,0,0,1,TRUE
11,P4HA3,ENST00000331597,361,1,4.32E-05,0,0,1,FALSE
11,PAAF1,ENST00000310571,936,6,0.00026238,0,0,6,TRUE
13,PABPC3,ENST00000281589,3052,4,0.000947573,0,0,4,FALSE
1,PACC1,ENST00000261455,6376,13,0.002825418,4,4.19E-06,17,TRUE
4,PACRGL,ENST00000503585,715,2,0.000147974,0,0,2,FALSE
1,PADI1,ENST00000375471,1779,2,0.000392476,0,0,2,TRUE
1,PADI2,ENST00000375486,5050,6,0.002257171,3,3.14E-06,9,TRUE
1,PADI3,ENST00000375460,1099,1,0.000103205,0,0,1,FALSE
1,PADI4,ENST00000375448,1394,4,0.000256289,0,0,4,TRUE
1,PADI6,ENST00000619609,1077,2,1.22E-05,0,0,2,FALSE
9,PAEP,ENST00000479141,216,1,1.02E-06,0,0,1,FALSE
1,PAFAH2,ENST00000374282,1324,2,9.46E-05,0,0,2,TRUE
8,PAG1,ENST00000220597,286,1,0.000100145,0,0,1,FALSE
4,PALLD,ENST00000505667,757,2,2.39E-05,0,0,2,TRUE
22,PANX2,ENST00000395842,592,2,0.000122515,0,0,2,FALSE
14,PAPLN,ENST00000644200,16985,42,0.007364168,42,4.40E-05,84,TRUE
1,PAPPA2,ENST00000367662,568,2,4.07E-06,0,0,2,FALSE
15,PAQR5,ENST00000395407,513,1,5.08E-06,0,0,1,FALSE
2,PARD3B,ENST00000406610,972,1,2.54E-06,0,0,1,FALSE
8,PARP10,ENST00000313028,619,1,2.03E-06,0,0,1,TRUE
3,PARP15,ENST00000464300,1674,3,0.000161149,0,0,3,TRUE
15,PARP16,ENST00000649807,561,1,3.15E-05,0,0,1,FALSE
14,PARP2,ENST00000429687,1808,3,0.000331447,0,0,3,TRUE
3,PARP3,ENST00000431474,3482,14,0.001359864,0,0,14,TRUE
13,PARP4,ENST00000381989,2444,4,0.000402616,2,2.09E-06,6,TRUE
12,PARPBP,ENST00000327680,3167,1,1.63E-05,2,2.09E-06,3,TRUE
22,PARVB,ENST00000338758,1788,5,0.000617681,0,0,5,FALSE
22,PARVG,ENST00000444313,462,0,NA,2,2.09E-06,2,TRUE
2,PASK,ENST00000234040,7659,7,0.002534325,8,8.38E-06,15,TRUE
11,PATL1,ENST00000300146,261,1,9.96E-05,0,0,1,FALSE
15,PATL2,ENST00000434130,715,1,4.07E-06,0,0,1,FALSE
10,PBLD,ENST00000358769,1521,9,0.000616128,0,0,9,TRUE
19,PBX4,ENST00000251203,1601,2,0.000436685,0,0,2,TRUE
2,PCARE,ENST00000331664,1073,1,5.08E-06,2,2.09E-06,3,FALSE
5,PCDH1,ENST00000287008,110,1,1.02E-06,0,0,1,FALSE
10,PCDH15,ENST00000320301,950,0,NA,2,2.09E-06,2,FALSE
5,PCDHA10,ENST00000307360,2525,234,0.00140465,0,0,234,TRUE
5,PCDHA11,ENST00000398640,994,5,0.000195715,0,0,5,TRUE
5,PCDHA12,ENST00000398631,1753,13,0.000624251,0,0,13,TRUE
5,PCDHA2,ENST00000526136,1731,10,0.000566305,0,0,10,TRUE
5,PCDHA3,ENST00000522353,19482,107,0.009664714,9,9.42E-06,116,TRUE
5,PCDHA4,ENST00000530339,546,1,6.10E-06,0,0,1,TRUE
5,PCDHA5,ENST00000529859,1728,7,0.000640293,0,0,7,TRUE
5,PCDHA6,ENST00000529310,486,3,5.04E-05,0,0,3,TRUE
5,PCDHA7,ENST00000525929,770,5,0.000170805,0,0,5,TRUE
5,PCDHA8,ENST00000531613,392,22,0.000104721,0,0,22,TRUE
5,PCDHA9,ENST00000532602,332,24,0.000127597,0,0,24,TRUE
5,PCDHAC1,ENST00000253807,2610,3,0.000553083,5,5.24E-06,8,TRUE
5,PCDHB1,ENST00000306549,1818,5,0.0005419,0,0,5,TRUE
5,PCDHB13,ENST00000341948,26,0,NA,2,2.09E-06,2,FALSE
5,PCDHGA1,ENST00000517417,705,2,3.56E-06,0,0,2,FALSE
5,PCDHGA10,ENST00000398610,9468,35,0.004359718,5,5.24E-06,40,TRUE
5,PCDHGA11,ENST00000398587,1438,1,9.30E-05,0,0,1,FALSE
5,PCDHGA12,ENST00000252085,3754,2,0.001518954,2,2.09E-06,4,TRUE
5,PCDHGA3,ENST00000253812,1432,11,0.000499707,0,0,11,TRUE
5,PCDHGA4,ENST00000571252,693,3,0.000109296,0,0,3,TRUE
5,PCDHGA6,ENST00000517434,952,4,0.000159624,0,0,4,TRUE
5,PCDHGA7,ENST00000518325,2023,6,0.000312126,2,2.09E-06,8,TRUE
5,PCDHGA8,ENST00000398604,178128,3,0.000225708,0,0,3,TRUE
5,PCDHGA9,ENST00000573521,3518,4,0.001459977,0,0,4,TRUE
5,PCDHGB1,ENST00000523390,1451,2,0.000282134,0,0,2,TRUE
5,PCDHGB2,ENST00000522605,4800,42,0.002001875,5,5.24E-06,47,TRUE
5,PCDHGB3,ENST00000576222,2036,1,7.12E-06,0,0,1,TRUE
5,PCDHGB4,ENST00000519479,752,1,0.000139288,0,0,1,FALSE
5,PCDHGB6,ENST00000520790,1396,3,4.78E-05,0,0,3,TRUE
11,PCF11,ENST00000298281,67,1,2.14E-05,0,0,1,FALSE
14,PCK2,ENST00000216780,16382,133,0.007686379,42,4.40E-05,175,TRUE
8,PCM1,ENST00000325083,6654,4,0.00310571,5,5.24E-06,9,TRUE
14,PCNX4,ENST00000406854,3207,5,0.000306028,3,3.14E-06,8,TRUE
1,PCSK9,ENST00000302118,2638,6,0.000537837,4,4.19E-06,10,TRUE
17,PCTP,ENST00000268896,1236,2,5.70E-05,2,2.09E-06,4,FALSE
2,PCYOX1,ENST00000433351,1194,1,0.000305025,0,0,1,TRUE
1,PDC,ENST00000391997,120,1,1.12E-05,0,0,1,FALSE
9,PDCD1LG2,ENST00000397747,3949,13,0.001899767,2,2.09E-06,15,TRUE
19,PDCD2L,ENST00000246535,829,1,4.58E-06,0,0,1,FALSE
9,PDCL,ENST00000259467,71,1,1.02E-06,0,0,1,FALSE
2,PDE11A,ENST00000286063,14830,143,0.00678241,49,5.13E-05,192,TRUE
12,PDE1B,ENST00000243052,115,1,2.14E-05,0,0,1,FALSE
12,PDE3A,ENST00000359062,262,1,1.53E-06,0,0,1,FALSE
11,PDE3B,ENST00000282096,1926,1,1.53E-06,0,0,1,TRUE
1,PDE4DIP,ENST00000369356,559,2,1.42E-05,0,0,2,TRUE
4,PDE5A,ENST00000354960,4987,9,0.002437537,0,0,9,TRUE
5,PDE6A,ENST00000255266,910,1,7.07E-05,0,0,1,TRUE
4,PDE6B,ENST00000496514,1817,6,0.000200813,3,3.14E-06,9,TRUE
16,PDF,ENST00000288022,472,4,7.32E-05,0,0,4,FALSE
8,PDGFRL,ENST00000251630,1449,1,5.74E-05,0,0,1,TRUE
4,PDHA2,ENST00000295266,23,0,NA,2,2.09E-06,2,FALSE
16,PDIA2,ENST00000219406,50725,35,0.004654476,15,1.57E-05,50,TRUE
16,PDILT,ENST00000302451,443,2,5.13E-05,0,0,2,TRUE
8,PDLIM2,ENST00000339162,744,2,7.17E-05,0,0,2,FALSE
16,PDP2,ENST00000311765,357,1,7.52E-05,0,0,1,FALSE
20,PDYN,ENST00000217305,431,1,3.56E-05,0,0,1,TRUE
5,PDZD2,ENST00000438447,1070,2,0.00019623,0,0,2,TRUE
11,PDZD3,ENST00000355547,2078,1,0.000109803,0,0,1,TRUE
10,PDZD7,ENST00000619208,2470,6,0.00089524,0,0,6,FALSE
1,PDZK1,ENST00000417171,523,1,3.05E-06,0,0,1,TRUE
12,PDZRN4,ENST00000402685,1216,3,8.95E-05,0,0,3,TRUE
8,PEBP4,ENST00000256404,167,1,2.03E-06,0,0,1,FALSE
19,PEG3,ENST00000326441,3439,4,0.000548511,3,3.14E-06,7,TRUE
8,PENK,ENST00000451791,856,1,0.00023435,0,0,1,FALSE
2,PER2,ENST00000254657,304,1,1.53E-05,0,0,1,FALSE
1,PER3,ENST00000361923,1438,2,0.000108796,0,0,2,TRUE
1,PERM1,ENST00000433179,2769,10,0.000895712,3,3.14E-06,13,TRUE
19,PEX11G,ENST00000221480,4714,28,0.002024785,82,8.59E-05,110,TRUE
17,PEX12,ENST00000225873,6262,58,0.002568876,6,6.28E-06,64,TRUE
4,PF4V1,ENST00000226524,72,1,3.05E-06,0,0,1,FALSE
3,PFKFB4,ENST00000232375,551,1,0.000112865,0,0,1,FALSE
10,PFKP,ENST00000381125,1158,5,0.00024353,0,0,5,TRUE
11,PGA5,ENST00000312403,544,13,0.000269425,0,0,13,TRUE
7,PGAM2,ENST00000297283,1363,9,0.000590192,0,0,9,TRUE
16,PGAP6,ENST00000431232,904,1,5.08E-06,0,0,1,FALSE
6,PGBD1,ENST00000259883,1541,5,0.000719315,0,0,5,FALSE
6,PGC,ENST00000373025,2143,1,0.000829122,0,0,1,TRUE
11,PGGHG,ENST00000409548,1684,1,2.54E-06,0,0,1,FALSE
6,PGK2,ENST00000304801,1807,6,0.00073457,0,0,6,FALSE
19,PGLYRP1,ENST00000008938,337,1,2.03E-06,0,0,1,FALSE
1,PGLYRP3,ENST00000290722,816,2,7.17E-05,0,0,2,FALSE
1,PGLYRP4,ENST00000359650,4035,7,0.00167807,2,2.09E-06,9,TRUE
4,PGM2,ENST00000381967,523,1,7.12E-06,0,0,1,FALSE
15,PGPEP1L,ENST00000535714,44,0,NA,4,4.19E-06,4,TRUE
12,PHB2,ENST00000535923,1420,8,0.000646785,0,0,8,TRUE
1,PHC2,ENST00000257118,151,1,2.54E-06,0,0,1,TRUE
22,PHETA2,ENST00000321753,1382,1,0.000675087,0,0,1,FALSE
16,PHKB,ENST00000323584,3640,7,0.000906911,5,5.24E-06,12,TRUE
7,PHKG1,ENST00000297373,537,2,5.24E-05,0,0,2,TRUE
12,PHLDA1,ENST00000266671,231,2,6.61E-06,0,0,2,TRUE
19,PHLDB3,ENST00000292140,2977,7,0.000613073,3,3.14E-06,10,TRUE
16,PHLPP2,ENST00000568954,383,1,3.05E-06,0,0,1,FALSE
11,PHOX2A,ENST00000298231,53,1,1.02E-06,0,0,1,FALSE
11,PHRF1,ENST00000264555,1030,0,NA,21,2.20E-05,21,TRUE
10,PHYH,ENST00000263038,645,1,2.54E-06,0,0,1,FALSE
9,PHYHD1,ENST00000372592,1374,1,0.000105229,0,0,1,FALSE
6,PI16,ENST00000373674,2553,2,0.000947058,2,2.09E-06,4,TRUE
20,PI3,ENST00000243924,115,1,2.54E-06,0,0,1,FALSE
15,PIF1,ENST00000559239,35332,1,3.41E-05,0,0,1,TRUE
1,PIFO,ENST00000369738,547,1,0.000129629,0,0,1,FALSE
4,PIGG,ENST00000453061,2715,1,0.000975523,0,0,1,TRUE
18,PIGN,ENST00000640252,1556,1,9.66E-06,0,0,1,FALSE
12,PIK3C2G,ENST00000538779,12087,20,0.004224245,15,1.57E-05,35,TRUE
17,PIK3R6,ENST00000619866,3069,14,0.000804718,2,2.09E-06,16,TRUE
2,PIKFYVE,ENST00000264380,710,1,1.12E-05,0,0,1,FALSE
7,PILRA,ENST00000198536,1887,9,0.00084133,0,0,9,TRUE
7,PILRB,ENST00000452089,478,2,9.31E-05,0,0,2,TRUE
1,PINK1,ENST00000321556,1003,4,0.000116938,0,0,4,FALSE
9,PIP5KL1,ENST00000388747,1523,2,0.000514453,0,0,2,TRUE
1,PITHD1,ENST00000246151,95,1,9.15E-06,0,0,1,FALSE
17,PITPNM3,ENST00000262483,419,1,0.000167248,0,0,1,FALSE
10,PITRM1,ENST00000224949,1564,1,1.53E-06,0,0,1,TRUE
12,PIWIL1,ENST00000245255,395,1,9.15E-06,0,0,1,FALSE
22,PIWIL3,ENST00000332271,22085,95,0.010363746,40,4.19E-05,135,TRUE
7,PKD1L1,ENST00000289672,5053,2,1.02E-05,3,3.14E-06,5,TRUE
16,PKD1L3,ENST00000620267,733266,244,0.012484504,286,0.00029947,530,TRUE
10,PKD2L1,ENST00000318222,23422,6,0.000482439,0,0,6,TRUE
22,PKDREJ,ENST00000253255,64,0,NA,3,3.14E-06,3,FALSE
6,PKHD1,ENST00000371117,3239,0,NA,2,2.09E-06,2,FALSE
8,PKHD1L1,ENST00000378402,164145,148,0.013719774,173,0.00018115,321,TRUE
2,PKP4,ENST00000389759,14284,444,0.007511687,4,4.19E-06,448,TRUE
16,PLA2G15,ENST00000219345,218,1,1.02E-06,0,0,1,FALSE
12,PLA2G1B,ENST00000308366,543,1,1.93E-05,0,0,1,FALSE
1,PLA2G2C,ENST00000247992,284151,2,0.000847047,0,0,2,TRUE
1,PLA2G2D,ENST00000375105,355,1,7.73E-05,0,0,1,TRUE
1,PLA2G2F,ENST00000375102,342,2,8.13E-06,0,0,2,FALSE
22,PLA2G3,ENST00000215885,14310,41,0.006936992,20,2.09E-05,61,TRUE
15,PLA2G4B,ENST00000452633,4116,12,0.001427952,3,3.14E-06,15,TRUE
19,PLA2G4C,ENST00000599921,35497,25,0.001915335,4,4.19E-06,29,TRUE
15,PLA2G4D,ENST00000290472,35301,33,0.004732594,2,2.09E-06,35,TRUE
15,PLA2G4E,ENST00000399518,1722,3,0.000275045,0,0,3,FALSE
6,PLA2G7,ENST00000274793,2599,6,0.00071901,4,4.19E-06,10,TRUE
2,PLA2R1,ENST00000283243,19363,591,0.008958375,176,0.00018429,767,TRUE
3,PLAAT1,ENST00000264735,4304,8,0.002062377,0,0,8,TRUE
11,PLAAT5,ENST00000540857,827,3,0.000224185,0,0,3,TRUE
8,PLAT,ENST00000220809,3198,35,0.001516421,0,0,35,TRUE
2,PLB1,ENST00000327757,6065,9,0.001198851,10,1.05E-05,19,TRUE
12,PLBD1,ENST00000240617,2006,3,9.76E-05,0,0,3,FALSE
12,PLBD2,ENST00000280800,465,1,1.53E-06,0,0,1,FALSE
20,PLCB1,ENST00000338037,124,1,1.58E-05,0,0,1,FALSE
15,PLCB2,ENST00000260402,702,2,4.88E-05,0,0,2,TRUE
20,PLCB4,ENST00000378501,324,2,0.000109297,0,0,2,FALSE
3,PLCD1,ENST00000334661,1921,1,1.53E-06,0,0,1,FALSE
2,PLCD4,ENST00000450993,2428,10,0.000857587,0,0,10,TRUE
20,PLCG1,ENST00000244007,520,1,5.95E-05,0,0,1,TRUE
3,PLCXD2,ENST00000477665,4043,52,0.002017142,0,0,52,TRUE
12,PLCZ1,ENST00000266505,1009,3,7.17E-05,0,0,3,FALSE
17,PLD2,ENST00000263088,3016,4,0.000841828,0,0,4,TRUE
14,PLD4,ENST00000392593,3291,11,0.000815448,0,0,11,TRUE
1,PLD5,ENST00000536534,208,1,2.75E-05,0,0,1,FALSE
10,PLEKHA1,ENST00000368990,726,2,1.68E-05,0,0,2,TRUE
19,PLEKHA4,ENST00000263265,1080,2,2.69E-05,0,0,2,TRUE
11,PLEKHB1,ENST00000354190,4360,57,0.002078286,0,0,57,TRUE
2,PLEKHB2,ENST00000234115,1703,2,0.000712348,0,0,2,FALSE
6,PLEKHG1,ENST00000358517,12208,0,NA,4,4.19E-06,4,TRUE
16,PLEKHG4,ENST00000379344,2489,1,2.69E-05,0,0,1,TRUE
5,PLEKHG4B,ENST00000637938,2015,6,0.000196244,0,0,6,TRUE
12,PLEKHG7,ENST00000344636,4403,12,0.000659332,2,2.09E-06,14,TRUE
14,PLEKHH1,ENST00000329153,16009,117,0.007838585,4,4.19E-06,121,TRUE
10,PLEKHS1,ENST00000361048,542,2,2.80E-05,0,0,2,FALSE
11,PLET1,ENST00000338832,3505,27,0.00168825,18,1.89E-05,45,TRUE
15,PLIN1,ENST00000300055,1700,3,0.000197275,0,0,3,TRUE
19,PLIN3,ENST00000221957,544,1,2.03E-06,0,0,1,FALSE
19,PLIN4,ENST00000633942,1511,1,0.000158097,0,0,1,TRUE
19,PLIN5,ENST00000381848,680,5,0.000166743,0,0,5,TRUE
19,PLK5,ENST00000454744,351332,79,0.002445159,2,2.09E-06,81,TRUE
8,PLPP5,ENST00000424479,2007,4,0.000714229,0,0,4,TRUE
3,PLS1,ENST00000457734,709,1,2.85E-05,0,0,1,FALSE
17,PLSCR3,ENST00000619711,131,1,5.08E-06,0,0,1,FALSE
3,PLSCR4,ENST00000354952,755,2,3.91E-05,0,0,2,FALSE
3,PLSCR5,ENST00000443512,1801,3,0.000738631,0,0,3,TRUE
17,PLXDC1,ENST00000315392,320,1,2.34E-05,0,0,1,FALSE
23,PLXNB3,ENST00000361971,248,1,7.12E-06,0,0,1,TRUE
1,PM20D1,ENST00000367136,1476,1,0.000135731,0,0,1,TRUE
1,PMF1-BGLAP,ENST00000490491,959,2,0.000354827,0,0,2,TRUE
16,PMFBP1,ENST00000237353,2010,2,8.34E-05,0,0,2,FALSE
7,PMPCB,ENST00000249269,534,1,2.59E-05,0,0,1,FALSE
6,PNISR,ENST00000369239,192,1,1.78E-05,0,0,1,FALSE
6,PNLDC1,ENST00000392167,1101,1,9.66E-06,0,0,1,FALSE
10,PNLIPRP1,ENST00000358834,2376,1,0.000249183,0,0,1,TRUE
14,PNMA1,ENST00000316836,116,1,2.54E-06,0,0,1,FALSE
17,PNMT,ENST00000269582,614,1,4.98E-05,0,0,1,FALSE
22,PNPLA3,ENST00000216180,1678,1,0.000574447,0,0,1,FALSE
23,PNPLA4,ENST00000381042,193,1,2.03E-06,0,0,1,TRUE
22,PNPLA5,ENST00000216177,2018,9,0.000643082,0,0,9,FALSE
19,PNPLA6,ENST00000600737,1358,2,0.000102717,0,0,2,TRUE
9,PNPLA7,ENST00000406427,43630,253,0.021447625,313,0.00032774,566,TRUE
12,POC1B,ENST00000313546,589,1,3.51E-05,0,0,1,FALSE
19,PODNL1,ENST00000588872,2834,5,0.000709709,0,0,5,TRUE
7,PODXL,ENST00000378555,2939,21,0.001431406,0,0,21,TRUE
11,POGLUT3,ENST00000323468,3012,11,0.001203786,3,3.14E-06,14,TRUE
7,POLD2,ENST00000452185,93,1,1.02E-06,0,0,1,FALSE
17,POLDIP2,ENST00000540200,269,1,6.66E-05,0,0,1,FALSE
5,POLK,ENST00000241436,3378,2,5.59E-06,2,2.09E-06,4,TRUE
4,POLN,ENST00000511885,2618,3,0.000393489,19,1.99E-05,22,TRUE
3,POLQ,ENST00000264233,18206,87,0.007040263,36,3.77E-05,123,TRUE
20,POLR3F,ENST00000377603,613,2,6.10E-06,0,0,2,FALSE
5,POLR3G,ENST00000651687,313,1,1.83E-05,0,0,1,FALSE
2,POMC,ENST00000395826,698,1,1.27E-05,0,0,1,TRUE
7,PON1,ENST00000222381,906,2,0.000119981,0,0,2,FALSE
7,PON2,ENST00000222572,3136,5,0.001388307,0,0,5,TRUE
7,PON3,ENST00000265627,4201,2,0.001910417,0,0,2,FALSE
6,POPDC3,ENST00000254765,403,2,3.00E-05,0,0,2,TRUE
13,POSTN,ENST00000379747,486,1,3.66E-05,0,0,1,FALSE
2,POTEF,ENST00000409914,288,1,1.12E-05,0,0,1,TRUE
14,POTEG,ENST00000547848,4,6,8.13E-06,0,0,6,TRUE
22,POTEH,ENST00000343518,6,2,3.05E-06,0,0,2,TRUE
2,POTEJ,ENST00000409602,9,1,2.03E-06,0,0,1,TRUE
8,POU5F1B,ENST00000465342,3795,18,0.001421556,12,1.26E-05,30,TRUE
3,PP2D1,ENST00000389050,8758,234,0.004466046,15,1.57E-05,249,TRUE
19,PPAN,ENST00000253107,1634,6,0.000528174,0,0,6,TRUE
19,PPAN-P2RY11,ENST00000393796,1742,6,0.000528174,6,6.28E-06,12,TRUE
4,PPEF2,ENST00000286719,77358,154,0.003406541,17,1.78E-05,171,TRUE
5,PPIC,ENST00000306442,13605,63,0.006846606,0,0,63,TRUE
4,PPID,ENST00000307720,3009,4,0.001138804,0,0,4,TRUE
6,PPIL6,ENST00000521072,989,1,0.000327383,0,0,1,FALSE
16,PPL,ENST00000345988,1837,1,2.54E-06,0,0,1,TRUE
1,PPM1J,ENST00000309276,3107,5,0.000310605,0,0,5,TRUE
3,PPM1M,ENST00000323588,794,1,3.76E-05,0,0,1,FALSE
19,PPM1N,ENST00000451287,750,3,0.000166873,0,0,3,FALSE
2,PPP1CB,ENST00000395366,26,1,1.12E-05,0,0,1,FALSE
19,PPP1R15A,ENST00000200453,2297,11,0.000692881,0,0,11,TRUE
11,PPP1R32,ENST00000338608,2504,13,0.000571964,0,0,13,TRUE
14,PPP1R36,ENST00000298705,1144,1,6.66E-05,0,0,1,TRUE
10,PPP1R3C,ENST00000238994,146,1,1.12E-05,0,0,1,FALSE
8,PPP1R42,ENST00000324682,4351,9,0.002092102,0,0,9,TRUE
7,PPP1R9A,ENST00000433360,532,4,0.000188207,0,0,4,TRUE
11,PPP2R1B,ENST00000527614,2508,5,0.000328409,0,0,5,TRUE
3,PPP2R3A,ENST00000264977,3372,37,0.001520993,0,0,37,TRUE
17,PPY,ENST00000225992,582,4,0.000267405,0,0,4,TRUE
8,PRAG1,ENST00000615670,1620,2,0.000234349,0,0,2,TRUE
19,PRAM1,ENST00000423345,830,2,3.05E-06,0,0,2,TRUE
1,PRAMEF1,ENST00000332296,48,3,1.93E-05,0,0,3,TRUE
1,PRAMEF11,ENST00000619922,14069,35,0.000307552,6,6.28E-06,41,TRUE
1,PRAMEF14,ENST00000334600,182,2,1.02E-05,0,0,2,TRUE
1,PRAMEF15,ENST00000376152,72,4,2.64E-05,0,0,4,TRUE
1,PRAMEF17,ENST00000376098,811,1,1.37E-05,0,0,1,TRUE
1,PRAMEF2,ENST00000240189,37,3,5.59E-06,0,0,3,TRUE
1,PRAMEF8,ENST00000357367,18,1,1.02E-05,0,0,1,FALSE
12,PRB2,ENST00000389362,176,0,NA,2,2.09E-06,2,FALSE
12,PRDM4,ENST00000228437,964,1,0.000249602,0,0,1,FALSE
16,PRDM7,ENST00000643008,4055,15,0.001795183,6,6.28E-06,21,TRUE
5,PRDM9,ENST00000296682,998,4,0.000141322,0,0,4,TRUE
8,PREX2,ENST00000288368,1075,1,1.02E-06,0,0,1,TRUE
11,PRG2,ENST00000311862,662,3,0.000287725,0,0,3,FALSE
11,PRG3,ENST00000287143,497,1,9.10E-05,0,0,1,TRUE
12,PRH1,ENST00000543626,24,1,4.07E-06,0,0,1,FALSE
6,PRICKLE4,ENST00000458694,1732,5,0.000484482,0,0,5,TRUE
4,PRIMPOL,ENST00000314970,4299,44,0.001939087,5,5.24E-06,49,TRUE
9,PRKACG,ENST00000377276,987,3,0.000337544,0,0,3,TRUE
2,PRKAG3,ENST00000439262,687,1,0.00014183,0,0,1,TRUE
19,PRKCSH,ENST00000589838,498,1,4.37E-05,0,0,1,FALSE
1,PRKCZ,ENST00000378567,435,1,0.000179453,0,0,1,FALSE
6,PRKN,ENST00000366898,1537,2,0.000350762,0,0,2,TRUE
2,PRLH,ENST00000165524,543,8,0.000268554,0,0,8,TRUE
21,PRMT2,ENST00000355680,162,1,2.54E-06,0,0,1,FALSE
17,PROCA1,ENST00000301039,844,4,0.000187072,0,0,4,TRUE
19,PRODH2,ENST00000653904,2308,1,7.12E-06,0,0,1,TRUE
4,PROM1,ENST00000447510,2223,1,0.000168862,2,2.09E-06,3,FALSE
2,PROM2,ENST00000317620,1131,1,1.53E-06,0,0,1,TRUE
19,PROSER3,ENST00000396908,3577,17,0.00164706,0,0,17,TRUE
13,PROZ,ENST00000375547,607,2,3.25E-05,0,0,2,FALSE
12,PRPH,ENST00000257860,7152,17,0.003327172,0,0,17,TRUE
17,PRPSAP1,ENST00000446526,1925,5,0.000616118,0,0,5,TRUE
17,PRR11,ENST00000262293,377,1,1.02E-06,0,0,1,FALSE
12,PRR13,ENST00000429243,187,2,3.61E-05,0,0,2,TRUE
22,PRR14L,ENST00000327423,300,2,2.03E-06,0,0,2,FALSE
6,PRR18,ENST00000322583,659,6,0.000336048,0,0,6,TRUE
3,PRR23C,ENST00000413199,11,0,NA,4,4.19E-06,4,FALSE
4,PRR27,ENST00000344526,292,1,1.52E-05,0,0,1,TRUE
17,PRR29,ENST00000412177,590,3,0.000248079,0,0,3,TRUE
22,PRR5-ARHGAP8,ENST00000361473,3639,4,0.001134635,5,5.24E-06,9,TRUE
11,PRR5L,ENST00000530639,271,1,1.27E-05,0,0,1,FALSE
1,PRR9,ENST00000368744,159,1,2.19E-05,0,0,1,TRUE
19,PRRG2,ENST00000246794,1431,5,0.000592738,0,0,5,TRUE
4,PRSS12,ENST00000296498,3591,7,0.000855046,5,5.24E-06,12,TRUE
6,PRSS16,ENST00000230582,505,2,2.44E-05,0,0,2,TRUE
16,PRSS33,ENST00000293851,938,1,4.07E-05,0,0,1,FALSE
6,PRSS35,ENST00000369700,77,1,3.05E-06,0,0,1,FALSE
16,PRSS36,ENST00000268281,2100,1,5.08E-06,0,0,1,FALSE
7,PRSS37,ENST00000350549,1101,3,0.000291792,0,0,3,FALSE
16,PRSS41,ENST00000674256,1008,1,0.000170297,0,0,1,TRUE
3,PRSS45P,ENST00000620911,11432,470,0.006258914,0,0,470,TRUE
4,PRSS48,ENST00000455694,426826,1,1.53E-06,0,0,1,TRUE
3,PRSS50,ENST00000315170,594,3,0.000202323,0,0,3,TRUE
16,PRSS53,ENST00000280606,1432,3,1.93E-05,2,2.09E-06,5,TRUE
8,PRSS55,ENST00000328655,615,2,0.000161655,0,0,2,FALSE
2,PRSS56,ENST00000617714,777,2,3.05E-06,0,0,2,FALSE
19,PRSS57,ENST00000329267,6894,24,0.003390699,2,2.09E-06,26,TRUE
10,PRTFDC1,ENST00000320152,1178,2,0.000173351,0,0,2,FALSE
19,PRTN3,ENST00000234347,1395,1,0.000531303,0,0,1,FALSE
9,PRUNE2,ENST00000376718,4872,3,0.001044666,4,4.19E-06,7,TRUE
1,PRXL2B,ENST00000419916,1945,8,0.000937412,0,0,8,TRUE
9,PRXL2C,ENST00000375234,1165,13,0.000284682,0,0,13,TRUE
10,PSAP,ENST00000394936,129,1,3.56E-06,0,0,1,FALSE
5,PSD2,ENST00000274710,741,1,0.000242482,0,0,1,FALSE
8,PSD3,ENST00000327040,256,1,1.58E-05,0,0,1,FALSE
2,PSD4,ENST00000245796,383,1,2.03E-06,0,0,1,FALSE
19,PSG1,ENST00000436291,51,1,1.12E-05,0,0,1,TRUE
19,PSG11,ENST00000320078,701,18,0.000340595,0,0,18,TRUE
19,PSG2,ENST00000406487,145,1,4.68E-05,0,0,1,TRUE
19,PSG3,ENST00000327495,401,1,1.22E-05,0,0,1,FALSE
19,PSG4,ENST00000405312,49,4,2.29E-05,0,0,4,TRUE
19,PSG5,ENST00000342951,873,23,0.000449381,0,0,23,TRUE
19,PSG6,ENST00000187910,1887,43,0.000953156,0,0,43,TRUE
19,PSG7,ENST00000406070,555,18,0.000261802,0,0,18,TRUE
19,PSG8,ENST00000306511,136755,5,0.000176397,0,0,5,TRUE
19,PSG9,ENST00000270077,153991,58,0.00260987,2,2.09E-06,60,TRUE
8,PSKH2,ENST00000276616,462,2,3.92E-05,0,0,2,FALSE
11,PSMA1,ENST00000396394,1175,5,0.000600613,0,0,5,TRUE
18,PSMA8,ENST00000415576,639,1,5.59E-05,0,0,1,FALSE
16,PSMB10,ENST00000358514,1144,1,0.000332978,0,0,1,FALSE
14,PSME1,ENST00000206451,214,1,1.53E-06,0,0,1,FALSE
6,PSORS1C1,ENST00000259881,220,1,7.37E-05,0,0,1,FALSE
6,PSORS1C2,ENST00000259845,156782,1,1.27E-05,0,0,1,TRUE
1,PSRC1,ENST00000409267,631,1,3.10E-05,0,0,1,TRUE
15,PSTPIP1,ENST00000558012,737,2,0.000126615,0,0,2,TRUE
1,PTCH2,ENST00000372192,1408,2,3.56E-06,0,0,2,TRUE
6,PTCHD4,ENST00000339488,211,1,4.58E-06,0,0,1,FALSE
14,PTGDR,ENST00000306051,5392,73,0.002208838,28,2.93E-05,101,TRUE
17,PTGES3L-AARSD1,ENST00000360221,1843,3,0.000409221,0,0,3,TRUE
1,PTGFRN,ENST00000393203,257,1,3.76E-05,0,0,1,FALSE
20,PTGIS,ENST00000244043,738,1,9.15E-06,0,0,1,TRUE
9,PTGR1,ENST00000407693,1927,2,0.0008058,0,0,2,FALSE
9,PTGS1,ENST00000362012,297,3,3.41E-05,0,0,3,FALSE
2,PTH2R,ENST00000272847,34537,1,9.46E-05,0,0,1,TRUE
8,PTK2B,ENST00000346049,879,2,0.000289836,0,0,2,TRUE
20,PTK6,ENST00000542869,1539,1,1.83E-05,0,0,1,TRUE
9,PTPDC1,ENST00000620992,647,2,9.15E-06,0,0,2,FALSE
2,PTPN18,ENST00000175756,779,2,5.24E-05,0,0,2,FALSE
1,PTPN22,ENST00000359785,1780,2,0.000307151,0,0,2,TRUE
2,PTPN4,ENST00000263708,144,2,2.75E-05,0,0,2,TRUE
11,PTPN5,ENST00000358540,170,1,3.36E-05,0,0,1,FALSE
1,PTPN7,ENST00000309017,2469,1,0.00038787,2,2.09E-06,3,TRUE
20,PTPRA,ENST00000399903,76,1,4.58E-06,0,0,1,FALSE
12,PTPRB,ENST00000334414,528,3,6.71E-05,0,0,3,FALSE
10,PTPRE,ENST00000254667,294,1,1.53E-06,0,0,1,FALSE
19,PTPRH,ENST00000376350,9981,24,0.004046971,20,2.09E-05,44,TRUE
12,PTPRQ,ENST00000644991,98530,2,3.00E-05,0,0,2,FALSE
3,PTX3,ENST00000295927,246,1,2.34E-05,0,0,1,FALSE
16,PTX4,ENST00000447419,1100,1,0.000354319,0,0,1,FALSE
12,PUS7L,ENST00000344862,1544,1,3.41E-05,0,0,1,TRUE
1,PUSL1,ENST00000379031,2541,7,0.000754458,0,0,7,TRUE
7,PVRIG,ENST00000317271,308755,2,0.000991801,0,0,2,FALSE
12,PWP1,ENST00000412830,1527,2,0.000272015,0,0,2,FALSE
8,PXDNL,ENST00000356297,35595,80,0.002783517,11,1.15E-05,91,TRUE
3,PXK,ENST00000356151,115,1,3.06E-06,0,0,1,TRUE
12,PXMP2,ENST00000317479,6051,28,0.002723519,4,4.19E-06,32,TRUE
16,PYDC1,ENST00000302964,142,1,7.32E-05,0,0,1,FALSE
20,PYGB,ENST00000216962,651,3,4.42E-05,2,2.09E-06,5,FALSE
11,PYGM,ENST00000164139,6372,8,0.002766964,2,2.09E-06,10,TRUE
1,PYHIN1,ENST00000368140,1603,1,0.000435148,0,0,1,TRUE
10,PYROXD2,ENST00000370575,5092,26,0.001686715,2,2.09E-06,28,TRUE
12,PZP,ENST00000261336,13728,64,0.005298082,20,2.09E-05,84,TRUE
2,QPCT,ENST00000338415,2281,5,0.000770675,2,2.09E-06,7,TRUE
19,QPCTL,ENST00000012049,648,2,0.000116921,0,0,2,TRUE
4,QRFPR,ENST00000394427,761,1,1.93E-05,0,0,1,TRUE
17,QRICH2,ENST00000262765,1932,1,0.000165499,3,3.14E-06,4,TRUE
1,QSOX1,ENST00000367602,1315,2,0.000449889,0,0,2,TRUE
10,R3HCC1L,ENST00000298999,2751,7,0.000912594,0,0,7,TRUE
20,R3HDML,ENST00000217043,4298,8,0.002086619,0,0,8,TRUE
7,RAB19,ENST00000537763,434,1,8.29E-05,0,0,1,TRUE
1,RAB25,ENST00000361084,2056,1,0.000109296,0,0,1,TRUE
6,RAB32,ENST00000367495,415,1,4.02E-05,0,0,1,FALSE
22,RAB36,ENST00000263116,1016,2,0.000160133,0,0,2,FALSE
6,RAB44,ENST00000612677,4439,2,0.000871819,2,2.09E-06,4,TRUE
19,RABAC1,ENST00000222008,920,1,0.00037008,0,0,1,FALSE
16,RABEP2,ENST00000358201,453,1,3.05E-06,0,0,1,FALSE
9,RABEPK,ENST00000373538,11465,43,0.005463301,5,5.24E-06,48,TRUE
2,RABL2A,ENST00000393166,36895,3,7.78E-05,0,0,3,TRUE
9,RABL6,ENST00000311502,166,1,1.88E-05,0,0,1,TRUE
3,RAD18,ENST00000264926,662,2,4.37E-05,0,0,2,FALSE
12,RAD51AP1,ENST00000352618,662,2,0.000271483,0,0,2,TRUE
2,RAD51AP2,ENST00000399080,2898,1,5.80E-05,0,0,1,TRUE
14,RAD51B,ENST00000487270,499,1,8.49E-05,0,0,1,FALSE
12,RAD52,ENST00000358495,93302,2,0.000290267,0,0,2,TRUE
8,RAD54B,ENST00000336148,1729,5,0.000311134,2,2.09E-06,7,TRUE
12,RAD9B,ENST00000409300,921,3,2.44E-05,0,0,3,TRUE
7,RADIL,ENST00000399583,1486,1,8.13E-06,0,0,1,FALSE
6,RAET1E,ENST00000357183,8844,285,0.004620533,2,2.09E-06,287,TRUE
9,RALGDS,ENST00000372050,243,1,1.07E-05,0,0,1,FALSE
5,RANBP17,ENST00000523189,1780,1,3.00E-05,0,0,1,TRUE
5,RANBP3L,ENST00000296604,712,4,0.000118471,0,0,4,TRUE
9,RANBP6,ENST00000259569,118,2,4.07E-06,0,0,2,FALSE
17,RANGRF,ENST00000226105,8288,39,0.004185417,3,3.14E-06,42,TRUE
12,RAPGEF3,ENST00000449771,8480,17,0.003825755,6,6.28E-06,23,TRUE
2,RAPGEF4,ENST00000397081,418,1,1.53E-06,0,0,1,FALSE
5,RAPGEF6,ENST00000509018,415,1,4.47E-05,0,0,1,FALSE
17,RAPGEFL1,ENST00000620260,206,1,3.71E-05,0,0,1,FALSE
3,RARRES1,ENST00000237696,2181,7,0.000958933,0,0,7,TRUE
12,RASAL1,ENST00000261729,838,1,1.68E-05,0,0,1,TRUE
19,RASAL3,ENST00000343625,7644,23,0.003328581,4,4.19E-06,27,TRUE
5,RASGEF1C,ENST00000361132,193,1,4.58E-06,0,0,1,FALSE
1,RASSF5,ENST00000579436,147,1,1.53E-06,0,0,1,FALSE
4,RASSF6,ENST00000307439,2409,7,0.000773827,2,2.09E-06,9,TRUE
12,RASSF9,ENST00000361228,1540,2,7.73E-05,0,0,2,FALSE
20,RBBP9,ENST00000337227,382,1,2.03E-06,0,0,1,FALSE
2,RBKS,ENST00000302188,16038,73,0.007449203,14,1.47E-05,87,TRUE
20,RBL1,ENST00000373664,1813,1,0.000435675,2,2.09E-06,3,FALSE
14,RBM23,ENST00000359890,1840,4,0.000379102,0,0,4,TRUE
2,RBM43,ENST00000331426,63,0,NA,2,2.09E-06,2,TRUE
2,RBM44,ENST00000316997,1341,1,2.03E-06,0,0,1,TRUE
3,RBMS3,ENST00000383767,2226,15,0.001116845,0,0,15,TRUE
12,RBP5,ENST00000266560,263,1,5.59E-06,0,0,1,TRUE
20,RBPJL,ENST00000343694,884,1,0.000112853,0,0,1,TRUE
13,RCBTB2,ENST00000344532,446,1,3.56E-06,0,0,1,TRUE
15,RCCD1,ENST00000394258,797,1,2.54E-06,0,0,1,TRUE
14,RD3L,ENST00000557640,424,1,2.85E-05,0,0,1,FALSE
14,RDH12,ENST00000551171,893,1,0.000203866,0,0,1,FALSE
19,RDH13,ENST00000415061,731,1,9.91E-05,0,0,1,FALSE
2,RDH14,ENST00000381249,370,1,3.30E-05,0,0,1,FALSE
12,RDH16,ENST00000398138,3113,27,0.001502173,0,0,27,TRUE
12,RDH5,ENST00000257895,523,1,1.73E-05,0,0,1,TRUE
19,RDH8,ENST00000591589,245,1,2.29E-05,0,0,1,FALSE
17,RDM1,ENST00000620284,2783,14,0.00122796,0,0,14,TRUE
12,RECQL,ENST00000444129,2216,6,0.000565748,0,0,6,TRUE
17,RECQL5,ENST00000317905,2678,6,0.000157597,0,0,6,TRUE
2,REG1B,ENST00000305089,1958,2,0.000263839,0,0,2,TRUE
2,REG3G,ENST00000272324,1021,1,0.000202325,0,0,1,TRUE
1,REG4,ENST00000256585,284,1,0.000103197,0,0,1,FALSE
1,RERE,ENST00000400908,559,0,NA,2,2.09E-06,2,FALSE
12,RERGL,ENST00000538724,5524,11,0.002282084,3,3.14E-06,14,TRUE
2,RESP18,ENST00000333527,15214,606,0.007897202,11,1.15E-05,617,TRUE
2,RETSAT,ENST00000295802,13181,56,0.005928763,26,2.72E-05,82,TRUE
19,REX1BD,ENST00000358607,82,1,1.53E-06,0,0,1,FALSE
19,REXO1,ENST00000170168,348,1,9.25E-05,0,0,1,FALSE
9,REXO4,ENST00000371942,1094,4,0.000401088,0,0,4,TRUE
16,REXO5,ENST00000261377,1994,4,0.000703694,0,0,4,TRUE
4,RFC1,ENST00000349703,536,2,9.86E-05,0,0,2,TRUE
22,RFPL1,ENST00000354373,83,0,NA,26,2.72E-05,26,FALSE
22,RFPL2,ENST00000400237,1132,8,0.000477847,0,0,8,TRUE
2,RFX8,ENST00000428343,46930,0,NA,2,2.09E-06,2,TRUE
13,RGCC,ENST00000379359,175,1,1.07E-05,0,0,1,FALSE
19,RGL3,ENST00000380456,4819,6,0.000320786,9,9.42E-06,15,TRUE
22,RGL4,ENST00000290691,2922,1,0.000523101,0,0,1,TRUE
5,RGMB,ENST00000513185,127,1,2.54E-06,0,0,1,FALSE
2,RGPD2,ENST00000398146,11,1,2.54E-06,0,0,1,TRUE
2,RGPD3,ENST00000409886,935,96,0.000246606,0,0,96,TRUE
2,RGPD4,ENST00000408999,3698,18,0.001685175,0,0,18,TRUE
16,RGS11,ENST00000397770,18637,89,0.008600824,18,1.89E-05,107,TRUE
1,RGS18,ENST00000367460,780,4,0.000335538,0,0,4,TRUE
8,RGS22,ENST00000360863,2293,0,NA,2,2.09E-06,2,TRUE
9,RGS3,ENST00000374140,900,3,0.000164717,0,0,3,FALSE
17,RGS9,ENST00000262406,799,1,1.02E-06,0,0,1,FALSE
1,RGSL1,ENST00000294854,2156,1,3.56E-06,0,0,1,TRUE
22,RHBDD3,ENST00000216085,18703,101,0.009307475,17,1.78E-05,118,TRUE
1,RHBDL2,ENST00000372990,3135,6,0.00151488,0,0,6,FALSE
1,RHBG,ENST00000537040,985,4,0.00010472,0,0,4,TRUE
1,RHCE,ENST00000294413,210,3,6.46E-05,0,0,3,TRUE
1,RHD,ENST00000328664,63,17,3.97E-05,0,0,17,TRUE
1,RHEX,ENST00000331555,735,1,4.53E-05,0,0,1,TRUE
11,RHOD,ENST00000308831,281,1,2.03E-06,0,0,1,TRUE
16,RHOT2,ENST00000315082,867,3,1.78E-05,0,0,3,FALSE
8,RHPN1,ENST00000289013,1404,1,0.000348737,0,0,1,FALSE
22,RIBC2,ENST00000614167,3801,38,0.001551612,0,0,38,TRUE
20,RIN2,ENST00000255006,10871,334,0.005614024,0,0,334,TRUE
14,RIN3,ENST00000216487,1273,1,1.02E-06,0,0,1,FALSE
3,RIOX2,ENST00000394198,2266,3,0.000869889,2,2.09E-06,5,TRUE
14,RIPK3,ENST00000216274,5149,8,0.002407043,26,2.72E-05,34,TRUE
21,RIPK4,ENST00000332512,2280,2,0.001083451,0,0,2,TRUE
1,RIT1,ENST00000368323,310,1,1.02E-06,0,0,1,FALSE
15,RLBP1,ENST00000268125,457,1,6.46E-05,0,0,1,TRUE
9,RLN1,ENST00000223862,314,1,0.000102196,0,0,1,FALSE
9,RLN2,ENST00000381627,111,3,2.34E-05,0,0,3,TRUE
19,RLN3,ENST00000431365,949,0,NA,2,2.09E-06,2,TRUE
8,RMDN1,ENST00000406452,766,1,8.03E-05,0,0,1,TRUE
2,RMDN2,ENST00000354545,911,2,7.47E-05,0,0,2,FALSE
5,RMND5B,ENST00000313386,1617,1,0.0005114,0,0,1,TRUE
1,RNASEL,ENST00000367559,7150,16,0.003240214,4,4.19E-06,20,TRUE
17,RND2,ENST00000587250,289,2,1.27E-05,0,0,2,FALSE
12,RNF10,ENST00000325954,2110,4,0.000971962,0,0,4,FALSE
1,RNF115,ENST00000582693,399,2,7.73E-05,0,0,2,FALSE
3,RNF123,ENST00000327697,618,1,8.64E-06,0,0,1,FALSE
18,RNF125,ENST00000217740,146,2,3.97E-05,0,0,2,FALSE
5,RNF14,ENST00000394520,298,1,3.15E-05,0,0,1,FALSE
6,RNF144B,ENST00000259939,210,1,1.02E-06,0,0,1,FALSE
7,RNF148,ENST00000434824,507,3,4.98E-05,0,0,3,TRUE
18,RNF152,ENST00000312828,87,1,1.02E-05,0,0,1,FALSE
17,RNF167,ENST00000262482,1254,1,0.000486582,0,0,1,FALSE
3,RNF168,ENST00000318037,908,4,0.000146967,0,0,4,TRUE
13,RNF17,ENST00000255324,11714,238,0.006152083,0,0,238,TRUE
4,RNF175,ENST00000347063,2135,3,0.000543025,0,0,3,TRUE
5,RNF180,ENST00000389100,519,1,7.12E-06,0,0,1,FALSE
9,RNF183,ENST00000478815,223,1,6.46E-05,0,0,1,FALSE
1,RNF207,ENST00000377939,1518,12,0.000435764,2,2.09E-06,14,TRUE
17,RNF213,ENST00000582970,4365,7,0.000393485,2,2.09E-06,9,TRUE
17,RNF222,ENST00000399398,219,1,4.47E-05,0,0,1,FALSE
7,RNF32,ENST00000317955,65447,1,5.08E-06,2,2.09E-06,3,FALSE
6,RNF39,ENST00000244360,922,2,0.000158687,0,0,2,TRUE
17,RNFT1,ENST00000305783,704,1,2.44E-05,0,0,1,TRUE
10,RNLS,ENST00000331772,916,3,0.000136746,0,0,3,TRUE
1,RNPEP,ENST00000295640,1341,3,0.000274,0,0,3,TRUE
11,ROBO3,ENST00000397801,2560,21,0.000979465,0,0,21,TRUE
11,ROBO4,ENST00000306534,2103,1,0.00015403,0,0,1,TRUE
11,ROM1,ENST00000278833,4266,46,0.001809224,0,0,46,TRUE
5,ROPN1L,ENST00000274134,3492,3,0.001536236,0,0,3,TRUE
1,RORC,ENST00000318247,4938,13,0.002501584,0,0,13,TRUE
6,ROS1,ENST00000368507,3647,3,1.17E-05,3,3.14E-06,6,TRUE
8,RP1L1,ENST00000382483,6460,46,0.002427406,33,3.46E-05,79,TRUE
7,RPA3,ENST00000223129,347,1,5.13E-05,0,0,1,FALSE
1,RPAP2,ENST00000610020,1053,1,0.00011184,0,0,1,FALSE
12,RPAP3,ENST00000005386,492,1,6.10E-06,0,0,1,FALSE
10,RPEL1,ENST00000441178,11252,32,0.005620839,0,0,32,TRUE
14,RPGRIP1,ENST00000400017,1233,2,3.00E-05,0,0,2,FALSE
17,RPH3AL,ENST00000331302,905,1,6.00E-05,0,0,1,TRUE
14,RPL36AL,ENST00000298289,514,1,0.000148438,0,0,1,FALSE
16,RPL3L,ENST00000268661,4909,9,0.00229875,0,0,9,TRUE
10,RPP38,ENST00000378197,41,0,NA,2,2.09E-06,2,FALSE
14,RPS6KA5,ENST00000614987,76,1,1.02E-06,0,0,1,FALSE
23,RPS6KA6,ENST00000262752,95,1,2.54E-05,0,0,1,TRUE
14,RPS6KL1,ENST00000557413,757,3,0.000165214,0,0,3,TRUE
16,RPUSD1,ENST00000007264,1071,1,2.03E-05,0,0,1,TRUE
4,RRH,ENST00000317735,1769,3,0.000648159,0,0,3,TRUE
16,RRN3,ENST00000198767,243,2,2.14E-05,0,0,2,FALSE
1,RRNAD1,ENST00000368216,675,2,4.78E-05,2,2.09E-06,4,TRUE
1,RRP15,ENST00000366932,7738,26,0.003879271,0,0,26,TRUE
21,RRP1B,ENST00000340648,393,1,1.02E-06,0,0,1,TRUE
11,RRP8,ENST00000254605,3057,1,0.000222148,2,2.09E-06,3,TRUE
17,RSAD1,ENST00000258955,1174,3,0.00019165,0,0,3,TRUE
2,RSAD2,ENST00000382040,788,6,0.000172839,0,0,6,TRUE
1,RSBN1,ENST00000261441,1328,1,0.000530846,0,0,1,TRUE
1,RSC1A1,ENST00000345034,818,4,0.000259258,0,0,4,FALSE
17,RSKR,ENST00000301037,5175,6,0.001869714,2,2.09E-06,8,TRUE
16,RSL1D1,ENST00000571133,193,1,3.25E-05,0,0,1,FALSE
21,RSPH1,ENST00000291536,2267,3,0.000696096,0,0,3,TRUE
22,RSPH14,ENST00000216036,238,1,1.22E-05,0,0,1,FALSE
19,RSPH6A,ENST00000221538,1131,1,3.25E-05,0,0,1,TRUE
1,RSRP1,ENST00000243189,1015,1,2.54E-06,0,0,1,TRUE
10,RTKN2,ENST00000373789,2655,21,0.000686282,0,0,21,TRUE
23,RTL9,ENST00000465301,210,1,4.07E-06,0,0,1,TRUE
19,RTN2,ENST00000245923,409,2,6.35E-05,0,0,2,TRUE
3,RTP1,ENST00000312295,538,2,0.000115903,0,0,2,TRUE
2,RTP5,ENST00000343216,1865,10,0.00044328,0,0,10,TRUE
13,RUBCNL,ENST00000429979,763,2,2.03E-05,0,0,2,TRUE
2,RUFY4,ENST00000344321,2001,2,0.000465647,0,0,2,TRUE
6,RWDD2A,ENST00000369724,283,1,5.08E-06,0,0,1,FALSE
21,RWDD2B,ENST00000493196,1260,2,0.000298453,2,2.09E-06,4,TRUE
4,RXFP1,ENST00000307765,718,2,6.20E-05,0,0,2,TRUE
13,RXFP2,ENST00000298386,949,4,8.29E-05,0,0,4,FALSE
5,RXFP3,ENST00000330120,946,2,6.41E-05,0,0,2,TRUE
15,RYR3,ENST00000634891,984,1,8.13E-06,0,0,1,FALSE
1,S100A1,ENST00000292169,79,1,1.02E-06,0,0,1,FALSE
1,S100A11,ENST00000271638,461,1,0.000187103,0,0,1,TRUE
1,S100A14,ENST00000344616,91,1,7.63E-06,0,0,1,FALSE
1,S100A3,ENST00000368713,9001,31,0.004575221,0,0,31,TRUE
23,S100G,ENST00000380200,9,1,1.02E-06,0,0,1,FALSE
5,S100Z,ENST00000317593,3632,9,0.00179347,0,0,9,TRUE
19,S1PR5,ENST00000333430,1023,5,0.000525124,0,0,5,TRUE
11,SAA1,ENST00000356524,4466,65,0.002309533,0,0,65,TRUE
11,SAC3D1,ENST00000652489,149,1,1.48E-05,0,0,1,FALSE
13,SACS,ENST00000382292,1841,1,2.54E-06,0,0,1,FALSE
2,SAG,ENST00000409110,1050,2,0.00034622,0,0,2,TRUE
18,SALL3,ENST00000537592,716,1,0.000244008,0,0,1,TRUE
1,SAMD11,ENST00000342066,850,1,3.36E-06,0,0,1,TRUE
17,SAMD14,ENST00000330175,345,3,5.80E-05,0,0,3,TRUE
14,SAMD15,ENST00000216471,4309,30,0.001689766,0,0,30,TRUE
6,SAMD3,ENST00000439090,3441,4,0.000388177,3,3.14E-06,7,TRUE
7,SAMD9,ENST00000379958,202,0,NA,33,3.46E-05,33,TRUE
7,SAMD9L,ENST00000318238,1534,4,0.000419393,6,6.28E-06,10,TRUE
5,SAP30L,ENST00000297109,67,1,2.54E-06,0,0,1,FALSE
6,SAPCD1,ENST00000415669,2648,3,0.001261217,0,0,3,TRUE
9,SAPCD2,ENST00000409687,309,2,4.27E-05,0,0,2,FALSE
8,SARAF,ENST00000256255,351,1,5.19E-05,0,0,1,FALSE
17,SARM1,ENST00000585482,985,1,7.52E-05,0,0,1,TRUE
9,SAXO1,ENST00000380534,2819,14,0.001356281,3,3.14E-06,17,TRUE
15,SAXO2,ENST00000339465,162,0,NA,13,1.36E-05,13,FALSE
6,SAYSD1,ENST00000229903,820,2,0.000305518,0,0,2,FALSE
19,SBNO2,ENST00000361757,1192,9,0.00049313,0,0,9,FALSE
19,SBSN,ENST00000452271,393,1,0.000107261,0,0,1,FALSE
8,SBSPON,ENST00000297354,381,1,1.53E-05,0,0,1,FALSE
19,SCAMP4,ENST00000316097,90,1,3.05E-06,0,0,1,FALSE
8,SCARA3,ENST00000301904,453,1,2.03E-06,0,0,1,FALSE
1,SCCPDH,ENST00000366510,1093,1,0.00042003,0,0,1,FALSE
13,SCEL,ENST00000349847,2191,4,0.000728519,0,0,4,TRUE
15,SCG3,ENST00000220478,288,1,8.15E-06,0,0,1,FALSE
11,SCGB1A1,ENST00000278282,2215,14,0.001082296,0,0,14,TRUE
11,SCGB1D1,ENST00000306238,877,4,0.000430572,0,0,4,TRUE
11,SCGB2A1,ENST00000244930,109,1,1.02E-06,0,0,1,FALSE
5,SCGB3A1,ENST00000292641,1015,4,0.000407699,0,0,4,TRUE
6,SCGN,ENST00000377961,4383,63,0.002214159,0,0,63,TRUE
17,SCIMP,ENST00000574081,120,1,2.75E-05,0,0,1,FALSE
7,SCIN,ENST00000297029,2507,8,0.000573933,0,0,8,TRUE
2,SCLY,ENST00000254663,583,2,7.98E-05,0,0,2,FALSE
3,SCN10A,ENST00000644826,2147,0,NA,3,3.14E-06,3,TRUE
3,SCN11A,ENST00000302328,1389,2,0.00016725,0,0,2,TRUE
3,SCN5A,ENST00000423572,488,2,6.41E-05,0,0,2,FALSE
2,SCN7A,ENST00000643258,31093,64,0.002562828,5,5.24E-06,69,TRUE
1,SCNN1D,ENST00000379116,4646,12,0.001313139,9,9.42E-06,21,TRUE
16,SCNN1G,ENST00000300061,122,2,1.83E-05,0,0,2,FALSE
4,SCOC,ENST00000394203,163,2,2.75E-05,0,0,2,FALSE
2,SCTR,ENST00000019103,1034,1,3.56E-05,0,0,1,TRUE
11,SCUBE2,ENST00000649792,2594,4,0.000100653,0,0,4,TRUE
4,SDAD1,ENST00000356260,679,1,5.08E-05,0,0,1,FALSE
20,SDCBP2,ENST00000360779,7726,23,0.003752152,4,4.19E-06,27,TRUE
1,SDCCAG8,ENST00000366541,833,1,1.53E-06,0,0,1,FALSE
1,SDF4,ENST00000360001,183,1,3.05E-06,0,0,1,FALSE
7,SDHAF3,ENST00000432641,242,1,3.05E-06,0,0,1,FALSE
6,SDHAF4,ENST00000370474,3773,24,0.001802109,0,0,24,TRUE
7,SDK1,ENST00000404826,657,1,4.07E-06,0,0,1,FALSE
8,SDR16C5,ENST00000303749,184,1,1.53E-06,0,0,1,TRUE
14,SDR39U1,ENST00000399395,5074,8,0.002298257,5,5.24E-06,13,FALSE
12,SDS,ENST00000257549,148,1,3.56E-06,0,0,1,FALSE
12,SDSL,ENST00000403593,16500,69,0.008228183,22,2.30E-05,91,TRUE
17,SEBOX,ENST00000536498,1163,8,0.000424077,0,0,8,TRUE
18,SEC11C,ENST00000587834,160,3,6.71E-05,0,0,3,FALSE
22,SEC14L3,ENST00000215812,1580,3,0.000167247,0,0,3,TRUE
22,SEC14L4,ENST00000255858,13571,526,0.006787331,5,5.24E-06,531,TRUE
16,SEC14L5,ENST00000251170,1558,2,0.000383844,0,0,2,TRUE
22,SEC14L6,ENST00000402034,1031,1,0.000340605,0,0,1,TRUE
1,SEC16B,ENST00000308284,1702,1,4.07E-06,0,0,1,TRUE
14,SEC23A,ENST00000307712,293,1,1.02E-06,0,0,1,FALSE
4,SEC24D,ENST00000280551,762,1,3.25E-05,0,0,1,FALSE
4,SEC31A,ENST00000395310,1638,5,0.000684287,0,0,5,TRUE
10,SEC31B,ENST00000370345,3442,6,0.000855043,3,3.14E-06,9,TRUE
10,SEC61A2,ENST00000298428,110,2,1.73E-05,0,0,2,FALSE
9,SECISBP2,ENST00000375807,1596,2,0.000186102,2,2.09E-06,4,TRUE
20,SEL1L2,ENST00000284951,1226,1,1.02E-06,0,0,1,TRUE
1,SELENBP1,ENST00000368868,1715,3,0.000574443,0,0,3,FALSE
22,SELENOM,ENST00000400299,1786,1,0.00021961,0,0,1,FALSE
22,SELENOO,ENST00000380903,3840,6,0.000957367,2,2.09E-06,8,TRUE
19,SELENOV,ENST00000335426,606,2,0.000110823,0,0,2,TRUE
1,SELP,ENST00000263686,3041,4,0.000133224,9,9.42E-06,13,TRUE
3,SEMA3B,ENST00000616701,2662,45,0.000671529,0,0,45,TRUE
15,SEMA4B,ENST00000411539,411,2,2.03E-06,0,0,2,FALSE
2,SEMA4F,ENST00000357877,1736,2,0.000329433,0,0,2,FALSE
20,SEMG2,ENST00000372769,44,0,NA,3,3.14E-06,3,FALSE
16,SEPTIN1,ENST00000652617,432,1,1.02E-06,0,0,1,FALSE
16,SEPTIN12,ENST00000268231,611,2,5.29E-05,0,0,2,TRUE
7,SEPTIN14,ENST00000388975,1110,1,0.00024923,0,0,1,FALSE
11,SERGEF,ENST00000265965,4925,7,0.001769569,2,2.09E-06,9,TRUE
22,SERHL2,ENST00000327678,20599,637,0.011033329,241,0.00025235,878,TRUE
1,SERINC2,ENST00000373709,2023,8,0.000790489,0,0,8,TRUE
15,SERINC4,ENST00000319327,7618,69,0.003161443,7,7.33E-06,76,TRUE
14,SERPINA10,ENST00000261994,19140,109,0.009546277,42,4.40E-05,151,TRUE
14,SERPINA12,ENST00000341228,14402,64,0.006841385,10,1.05E-05,74,TRUE
14,SERPINA3,ENST00000393078,1275,4,0.000112346,0,0,4,TRUE
14,SERPINA4,ENST00000557004,1134,1,0.000439215,0,0,1,FALSE
14,SERPINA9,ENST00000674397,24885,567,0.013000905,574,0.00060103,1141,TRUE
18,SERPINB10,ENST00000238508,3642,4,0.001282097,0,0,4,TRUE
18,SERPINB11,ENST00000544088,6178,24,0.002997309,8,8.38E-06,32,TRUE
18,SERPINB12,ENST00000382768,1446,2,0.000352805,0,0,2,TRUE
18,SERPINB13,ENST00000344731,590,6,4.27E-05,0,0,6,TRUE
18,SERPINB3,ENST00000283752,1051,14,0.000369061,0,0,14,TRUE
18,SERPINB4,ENST00000341074,3439,3,0.001411296,2,2.09E-06,5,FALSE
6,SERPINB6,ENST00000380539,342,1,0.000104212,0,0,1,FALSE
18,SERPINB7,ENST00000398019,650,1,3.05E-06,0,0,1,TRUE
18,SERPINB8,ENST00000397985,1246,2,0.000371603,0,0,2,TRUE
6,SERPINB9,ENST00000380698,682,1,3.05E-06,0,0,1,FALSE
22,SERPIND1,ENST00000215727,397,1,5.85E-05,0,0,1,FALSE
1,SESN2,ENST00000253063,268,1,1.53E-06,0,0,1,TRUE
3,SETD2,ENST00000409792,263,3,0.00012131,0,0,3,FALSE
21,SETD4,ENST00000332131,1337,6,0.000107262,0,0,6,FALSE
16,SETD6,ENST00000219315,4296,4,0.001817858,0,0,4,TRUE
5,SETD9,ENST00000285947,728,2,0.000161655,0,0,2,TRUE
3,SETMAR,ENST00000358065,1413,5,0.000107262,0,0,5,TRUE
1,SETSIP,ENST00000596516,4989,67,0.002511748,0,0,67,TRUE
17,SEZ6,ENST00000317338,284,1,1.02E-06,0,0,1,FALSE
22,SFI1,ENST00000400288,6033,4,0.000720329,7,7.33E-06,11,TRUE
10,SFRP5,ENST00000266066,647,1,8.75E-05,0,0,1,TRUE
10,SFTPA2,ENST00000372325,283,1,0.000122514,0,0,1,FALSE
10,SFXN2,ENST00000369893,6006,12,0.002738052,0,0,12,TRUE
10,SFXN3,ENST00000393459,9161,16,0.003720615,8,8.38E-06,24,TRUE
8,SGK3,ENST00000521198,406,2,4.53E-05,0,0,2,FALSE
2,SGO2,ENST00000357799,1007,1,0.000112855,0,0,1,FALSE
17,SGSM2,ENST00000268989,858,1,0.000144892,0,0,1,TRUE
7,SH2B2,ENST00000536178,364,1,3.56E-06,0,0,1,FALSE
1,SH2D2A,ENST00000368199,474,2,4.98E-05,0,0,2,FALSE
19,SH2D3A,ENST00000245908,1714,1,0.00018453,3,3.14E-06,4,TRUE
9,SH2D3C,ENST00000314830,629,3,0.000155558,0,0,3,FALSE
10,SH2D4B,ENST00000646907,924,2,7.68E-05,0,0,2,FALSE
2,SH2D6,ENST00000651736,1548,8,0.000600872,0,0,8,TRUE
21,SH3BGR,ENST00000333634,1550,9,0.000434189,0,0,9,TRUE
4,SH3D19,ENST00000604030,902,1,0.000112345,0,0,1,TRUE
1,SH3D21,ENST00000453908,2538,1,0.00036652,3,3.14E-06,4,TRUE
5,SH3PXD2B,ENST00000311601,986,3,0.000410745,0,0,3,TRUE
4,SH3RF1,ENST00000284637,101,1,2.54E-06,0,0,1,FALSE
5,SH3RF2,ENST00000359120,1155,2,1.88E-05,0,0,2,FALSE
4,SH3TC1,ENST00000245105,13731,46,0.006108912,12,1.26E-05,58,TRUE
5,SH3TC2,ENST00000515425,2657,2,0.000967386,0,0,2,FALSE
2,SH3YL1,ENST00000356150,1611,3,0.000318227,0,0,3,TRUE
17,SHBG,ENST00000380450,1609,2,8.74E-05,0,0,2,FALSE
1,SHCBP1L,ENST00000367547,1722,4,0.000372127,0,0,4,TRUE
13,SHISA2,ENST00000319420,301,2,0.000112345,0,0,2,FALSE
3,SHISA5,ENST00000296444,898,3,0.000331445,0,0,3,FALSE
19,SHKBP1,ENST00000291842,939,1,0.00016623,0,0,1,FALSE
9,SHOC1,ENST00000374287,2836,2,0.000337103,0,0,2,FALSE
17,SHPK,ENST00000225519,2279,5,0.000789975,0,0,5,TRUE
3,SI,ENST00000264382,2883,3,0.000264902,0,0,3,TRUE
13,SIAH3,ENST00000400405,168,1,2.85E-05,0,0,1,FALSE
3,SIDT1,ENST00000264852,1242,1,0.000368077,0,0,1,TRUE
11,SIDT2,ENST00000324225,487,2,9.66E-05,0,0,2,TRUE
11,SIGIRR,ENST00000431843,1721,4,0.000196756,0,0,4,TRUE
20,SIGLEC1,ENST00000344754,24749,17,0.000836383,5,5.24E-06,22,TRUE
19,SIGLEC11,ENST00000447370,1206,2,0.000401595,2,2.09E-06,4,TRUE
19,SIGLEC12,ENST00000291707,280916,4,0.000629337,2,2.09E-06,6,TRUE
19,SIGLEC14,ENST00000360844,20,2,5.08E-06,0,0,2,TRUE
18,SIGLEC15,ENST00000389474,907,1,0.000219182,0,0,1,TRUE
19,SIGLEC5,ENST00000534261,26144,22,0.004033267,14,1.47E-05,36,TRUE
19,SIGLEC7,ENST00000317643,511,1,5.49E-05,0,0,1,TRUE
19,SIGLECL1,ENST00000316401,2620,10,0.001122436,0,0,10,TRUE
11,SIPA1,ENST00000534313,438,2,8.13E-06,0,0,2,FALSE
1,SIPA1L2,ENST00000366630,132,1,1.53E-06,0,0,1,FALSE
20,SIRPB1,ENST00000381605,790,2,4.63E-05,0,0,2,TRUE
20,SIRPB2,ENST00000359801,412,11,0.000139288,0,0,11,TRUE
20,SIRPD,ENST00000381623,586,2,8.59E-05,0,0,2,TRUE
20,SIRPG,ENST00000303415,4269,4,0.000225708,0,0,4,TRUE
11,SIRT3,ENST00000382743,2746,2,2.95E-05,2,2.09E-06,4,TRUE
12,SIRT4,ENST00000202967,269,1,1.02E-05,0,0,1,FALSE
6,SIRT5,ENST00000606117,1840,3,0.000720334,0,0,3,TRUE
14,SIX4,ENST00000216513,236,1,8.13E-06,0,0,1,FALSE
19,SIX5,ENST00000317578,166,1,1.53E-06,0,0,1,FALSE
7,SKAP2,ENST00000345317,155,1,4.58E-06,0,0,1,FALSE
20,SLA2,ENST00000262866,336,1,4.58E-06,0,0,1,TRUE
1,SLAMF8,ENST00000289707,1998,17,0.00045548,0,0,17,TRUE
1,SLAMF9,ENST00000368093,445,1,6.35E-05,0,0,1,FALSE
14,SLC10A1,ENST00000216540,1323,6,0.000196051,0,0,6,TRUE
4,SLC10A4,ENST00000273861,479,1,2.75E-05,0,0,1,FALSE
16,SLC12A4,ENST00000316341,776,1,6.61E-06,0,0,1,FALSE
3,SLC12A8,ENST00000469902,2064,3,0.000628336,0,0,3,TRUE
7,SLC13A1,ENST00000194130,7503,10,0.002526007,5,5.24E-06,15,TRUE
18,SLC14A1,ENST00000321925,619,7,0.000140813,0,0,7,TRUE
18,SLC14A2,ENST00000255226,1547,2,2.95E-05,0,0,2,TRUE
3,SLC15A2,ENST00000489711,1087,2,0.000109803,0,0,2,TRUE
11,SLC15A3,ENST00000227880,1825,0,NA,2,2.09E-06,2,TRUE
12,SLC15A5,ENST00000344941,4660,212,0.002072543,3,3.14E-06,215,TRUE
17,SLC16A11,ENST00000574600,1969,5,0.000805274,0,0,5,TRUE
2,SLC16A14,ENST00000295190,266,1,1.12E-05,0,0,1,FALSE
1,SLC16A4,ENST00000369779,1420,3,0.000411256,2,2.09E-06,5,TRUE
17,SLC16A5,ENST00000329783,247,1,1.83E-05,0,0,1,TRUE
22,SLC16A8,ENST00000320521,14904,90,0.007472126,9,9.42E-06,99,TRUE
6,SLC17A1,ENST00000244527,2969,20,0.001084832,0,0,20,TRUE
6,SLC17A2,ENST00000377850,471,1,8.64E-05,0,0,1,FALSE
6,SLC17A3,ENST00000397060,1050,1,3.56E-06,0,0,1,FALSE
6,SLC17A4,ENST00000377905,22861,1,0.000518008,0,0,1,TRUE
12,SLC17A8,ENST00000323346,563,1,2.03E-06,0,0,1,TRUE
20,SLC17A9,ENST00000370351,5061,21,0.002112192,6,6.28E-06,27,TRUE
8,SLC18A1,ENST00000276373,2052,10,0.000838322,0,0,10,FALSE
2,SLC1A4,ENST00000234256,362,1,0.000100653,0,0,1,FALSE
6,SLC22A1,ENST00000366963,2100,2,0.000360928,0,0,2,TRUE
11,SLC22A10,ENST00000332793,19540,173,0.009659616,36,3.77E-05,209,TRUE
11,SLC22A11,ENST00000301891,8065,19,0.003968686,2,2.09E-06,21,TRUE
11,SLC22A12,ENST00000377574,414,1,3.00E-05,0,0,1,TRUE
3,SLC22A13,ENST00000311856,1428,2,0.000310603,0,0,2,TRUE
3,SLC22A14,ENST00000273173,63597,387,0.005346563,3,3.14E-06,390,TRUE
6,SLC22A16,ENST00000368919,1723,1,0.000525124,0,0,1,TRUE
11,SLC22A18,ENST00000649076,3046,21,0.001139248,0,0,21,TRUE
6,SLC22A2,ENST00000366953,2161,1,0.000787431,0,0,1,FALSE
11,SLC22A24,ENST00000612278,293660,3,0.000438718,2,2.09E-06,5,TRUE
11,SLC22A25,ENST00000306494,45189,71,0.005017415,19,1.99E-05,90,TRUE
6,SLC22A3,ENST00000275300,822,1,1.53E-06,0,0,1,FALSE
16,SLC22A31,ENST00000562855,8230,261,0.004151023,3,3.14E-06,264,TRUE
5,SLC22A4,ENST00000200652,505,1,7.42E-05,0,0,1,FALSE
11,SLC22A9,ENST00000279178,1201,3,0.000252762,0,0,3,TRUE
15,SLC24A1,ENST00000261892,1240,3,0.000142854,0,0,3,TRUE
14,SLC24A4,ENST00000532405,321,3,1.63E-05,0,0,3,FALSE
2,SLC25A12,ENST00000422440,457,1,0.000177923,0,0,1,FALSE
22,SLC25A18,ENST00000327451,1175,3,0.000241974,0,0,3,FALSE
5,SLC25A2,ENST00000239451,16261,88,0.007823485,10,1.05E-05,98,TRUE
14,SLC25A21,ENST00000331299,668,1,2.44E-05,0,0,1,FALSE
1,SLC25A24,ENST00000565488,1126,1,8.85E-05,0,0,1,FALSE
13,SLC25A30,ENST00000519676,433,1,1.63E-05,0,0,1,FALSE
4,SLC25A31,ENST00000281154,747,1,0.000103705,0,0,1,FALSE
4,SLC25A4,ENST00000281456,131,1,2.14E-05,0,0,1,FALSE
19,SLC25A41,ENST00000321510,3962,27,0.001771659,3,3.14E-06,30,TRUE
1,SLC25A44,ENST00000359511,170,1,1.02E-06,0,0,1,FALSE
11,SLC25A45,ENST00000527174,1639,5,0.000665943,0,0,5,TRUE
5,SLC25A48,ENST00000433282,1367,4,0.000573927,0,0,4,TRUE
18,SLC25A52,ENST00000269205,2856,24,0.001373846,2,2.09E-06,26,TRUE
12,SLC26A10,ENST00000320442,28379,261,0.014179938,142,0.00014869,403,TRUE
15,SLC27A2,ENST00000267842,690,2,8.44E-05,0,0,2,FALSE
1,SLC27A3,ENST00000624995,3659,5,0.001016619,9,9.42E-06,14,TRUE
5,SLC27A6,ENST00000262462,6360,9,0.002815081,3,3.14E-06,12,TRUE
15,SLC28A1,ENST00000394573,2923,21,0.00116616,2,2.09E-06,23,TRUE
15,SLC28A2,ENST00000347644,2354,3,0.000561802,0,0,3,TRUE
9,SLC28A3,ENST00000376238,1051,2,3.41E-05,0,0,2,FALSE
11,SLC29A2,ENST00000357440,964,1,9.66E-06,0,0,1,FALSE
10,SLC29A3,ENST00000373189,431,1,4.93E-05,0,0,1,TRUE
22,SLC2A11,ENST00000345044,1419,6,0.000347208,0,0,6,TRUE
6,SLC2A12,ENST00000275230,376,1,6.30E-05,0,0,1,FALSE
1,SLC2A5,ENST00000377424,575,2,4.68E-05,0,0,2,TRUE
9,SLC2A6,ENST00000371899,277,2,1.27E-05,0,0,2,FALSE
1,SLC2A7,ENST00000400906,2427,18,0.000877923,2,2.09E-06,20,TRUE
9,SLC2A8,ENST00000373371,6908,36,0.003030366,5,5.24E-06,41,TRUE
8,SLC30A8,ENST00000456015,898,2,9.86E-05,2,2.09E-06,4,FALSE
9,SLC31A2,ENST00000259392,130,3,9.66E-06,0,0,3,FALSE
5,SLC34A1,ENST00000324417,1106,1,1.53E-05,0,0,1,FALSE
4,SLC34A2,ENST00000382051,792,2,0.000162674,0,0,2,FALSE
9,SLC34A3,ENST00000673835,1546,1,1.27E-05,0,0,1,TRUE
3,SLC35A5,ENST00000492406,573,1,9.56E-05,0,0,1,FALSE
20,SLC35C2,ENST00000372230,619,1,2.03E-06,0,0,1,FALSE
1,SLC35E2A,ENST00000643905,267,18,0.000144384,0,0,18,TRUE
10,SLC35G1,ENST00000427197,483,1,0.000163695,0,0,1,TRUE
3,SLC35G2,ENST00000446465,320,2,1.58E-05,0,0,2,FALSE
17,SLC35G3,ENST00000297307,6161,82,0.00316193,0,0,82,TRUE
17,SLC35G6,ENST00000412468,257,3,7.63E-06,0,0,3,TRUE
5,SLC36A2,ENST00000335244,1112,4,0.000184531,0,0,4,FALSE
11,SLC36A4,ENST00000326402,967,1,1.98E-05,0,0,1,TRUE
11,SLC37A2,ENST00000403796,1277,1,0.000432106,0,0,1,TRUE
2,SLC38A11,ENST00000409149,532,1,3.10E-05,0,0,1,FALSE
14,SLC38A6,ENST00000267488,816,2,8.03E-05,0,0,2,TRUE
16,SLC38A8,ENST00000299709,578,1,1.42E-05,0,0,1,TRUE
14,SLC39A2,ENST00000298681,1244,5,0.000485474,0,0,5,TRUE
12,SLC39A5,ENST00000454355,2402,1,2.59E-05,3,3.14E-06,4,TRUE
2,SLC3A1,ENST00000260649,173580,4,0.000180978,0,0,4,TRUE
12,SLC41A2,ENST00000258538,169,1,5.09E-06,0,0,1,FALSE
11,SLC43A1,ENST00000278426,489,1,3.61E-05,0,0,1,FALSE
11,SLC43A3,ENST00000395124,301,2,4.88E-05,0,0,2,FALSE
1,SLC44A3,ENST00000271227,1449,1,0.000169281,0,0,1,FALSE
6,SLC44A4,ENST00000229729,1784,3,0.000306044,0,0,3,TRUE
8,SLC45A4,ENST00000517878,1182,1,2.03E-06,0,0,1,FALSE
9,SLC46A2,ENST00000374228,746,1,1.02E-06,0,0,1,FALSE
13,SLC46A3,ENST00000266943,2012,3,0.000714231,0,0,3,TRUE
17,SLC47A1,ENST00000270570,447,1,1.58E-05,0,0,1,FALSE
17,SLC47A2,ENST00000433844,515,1,1.53E-06,0,0,1,FALSE
4,SLC49A3,ENST00000322224,1385,2,1.42E-05,2,2.09E-06,4,TRUE
3,SLC49A4,ENST00000261038,394,1,7.27E-05,0,0,1,TRUE
2,SLC4A5,ENST00000346834,977,3,4.58E-06,0,0,3,FALSE
5,SLC4A9,ENST00000506757,2155,3,0.000512415,0,0,3,TRUE
17,SLC52A1,ENST00000254853,822,3,0.000165215,0,0,3,TRUE
17,SLC5A10,ENST00000395645,2893,2,0.00058623,4,4.19E-06,6,TRUE
16,SLC5A11,ENST00000347898,3953,4,0.000439215,0,0,4,TRUE
22,SLC5A4,ENST00000266086,44077,115,0.009154981,8,8.38E-06,123,TRUE
1,SLC5A9,ENST00000438567,234166,16,0.001605892,10,1.05E-05,26,TRUE
12,SLC6A13,ENST00000343164,594,1,6.30E-05,0,0,1,TRUE
19,SLC6A16,ENST00000335875,990,2,9.46E-05,0,0,2,FALSE
5,SLC6A18,ENST00000324642,469338,26,0.001090459,5,5.24E-06,31,TRUE
11,SLC6A5,ENST00000525748,892,1,1.12E-05,0,0,1,FALSE
5,SLC6A7,ENST00000230671,584,1,3.61E-05,0,0,1,TRUE
8,SLC7A13,ENST00000297524,1388,3,0.000381264,2,2.09E-06,5,TRUE
22,SLC7A4,ENST00000382932,3626,22,0.001595214,2,2.09E-06,24,TRUE
12,SLC8B1,ENST00000552014,1603,2,0.000448363,0,0,2,TRUE
17,SLC9A3R1,ENST00000262613,918,3,0.000294378,0,0,3,TRUE
4,SLC9B2,ENST00000394785,433,2,8.79E-05,0,0,2,FALSE
12,SLCO1B1,ENST00000256958,7355,69,0.002117827,13,1.36E-05,82,TRUE
12,SLCO1B3,ENST00000381545,2282,5,0.000479416,0,0,5,TRUE
12,SLCO1B3-SLCO1B7,ENST00000540229,2462,5,0.000479416,0,0,5,TRUE
12,SLCO1C1,ENST00000266509,1219,5,0.000250617,0,0,5,TRUE
3,SLCO2A1,ENST00000310926,495,1,4.07E-06,0,0,1,FALSE
8,SLCO5A1,ENST00000260126,839,1,3.61E-05,0,0,1,FALSE
5,SLCO6A1,ENST00000506729,721,1,7.22E-05,0,0,1,FALSE
5,SLF1,ENST00000265140,980,1,3.46E-05,0,0,1,FALSE
17,SLFN11,ENST00000394566,766,2,8.29E-05,0,0,2,FALSE
17,SLFN12,ENST00000304905,1425,4,0.000349236,0,0,4,TRUE
17,SLFN12L,ENST00000628453,27089,2,0.000151996,0,0,2,TRUE
17,SLFN14,ENST00000674182,806,1,0.00010777,0,0,1,TRUE
17,SLFN5,ENST00000299977,666,0,NA,3,3.14E-06,3,TRUE
1,SLFNL1,ENST00000359345,10099,33,0.004484663,9,9.42E-06,42,TRUE
13,SLITRK6,ENST00000647374,832,11,0.000259766,0,0,11,TRUE
13,SMAD9,ENST00000379826,655,1,3.05E-06,0,0,1,FALSE
1,SMAP2,ENST00000372718,738,1,0.000341634,0,0,1,TRUE
17,SMARCE1,ENST00000348513,2212,12,0.00113226,0,0,12,TRUE
3,SMCO1,ENST00000397537,1420,1,1.12E-05,0,0,1,TRUE
12,SMCO2,ENST00000416383,841,4,0.00024655,0,0,4,FALSE
1,SMIM1,ENST00000642557,23235,1,5.74E-05,0,0,1,TRUE
16,SMIM22,ENST00000586005,3432,9,0.001466613,0,0,9,TRUE
6,SMIM8,ENST00000392863,1172,35,0.000567825,0,0,35,TRUE
6,SMLR1,ENST00000541421,4379,5,0.002207297,0,0,5,TRUE
14,SMOC1,ENST00000361956,339,1,0.000103708,0,0,1,FALSE
6,SMPDL3A,ENST00000368440,1232,3,7.48E-05,0,0,3,FALSE
11,SMTNL1,ENST00000527972,5090,13,0.002378593,5,5.24E-06,18,TRUE
12,SMUG1,ENST00000508394,6859,125,0.003483208,0,0,125,TRUE
2,SMYD1,ENST00000419482,715,1,0.000168264,0,0,1,FALSE
17,SMYD4,ENST00000305513,2621,1,0.000213512,3,3.14E-06,4,TRUE
16,SNAI3,ENST00000332281,267,4,6.56E-05,0,0,4,FALSE
22,SNAP29,ENST00000215730,257,1,2.03E-05,0,0,1,FALSE
14,SNAPC1,ENST00000216294,9602,40,0.003991738,8,8.38E-06,48,TRUE
2,SNTG2,ENST00000308624,1530,2,0.00016369,0,0,2,TRUE
11,SNX15,ENST00000377244,345,1,3.56E-06,0,0,1,FALSE
16,SNX29,ENST00000566228,484,1,1.02E-06,0,0,1,FALSE
8,SNX31,ENST00000311812,10241,278,0.005306472,37,3.87E-05,315,TRUE
11,SNX32,ENST00000308342,1665,3,9.46E-05,2,2.09E-06,5,TRUE
12,SOAT2,ENST00000301466,5508,8,0.002252728,5,5.24E-06,13,TRUE
14,SOCS4,ENST00000555846,282,2,2.19E-05,0,0,2,FALSE
9,SOHLH1,ENST00000425225,672,2,0.000263833,0,0,2,TRUE
10,SORBS1,ENST00000371241,113,1,3.05E-06,0,0,1,FALSE
10,SORCS3,ENST00000369701,259,1,1.68E-05,0,0,1,FALSE
7,SOSTDC1,ENST00000307068,5148,16,0.002611403,0,0,16,TRUE
4,SOWAHB,ENST00000334306,167,1,1.47E-05,0,0,1,FALSE
1,SOX13,ENST00000367204,181,2,6.20E-05,0,0,2,FALSE
3,SOX14,ENST00000306087,21,1,2.03E-06,0,0,1,FALSE
5,SOX30,ENST00000265007,440,2,2.49E-05,0,0,2,FALSE
2,SP100,ENST00000340126,6804,9,0.002916655,5,5.24E-06,14,TRUE
2,SP110,ENST00000258381,917,1,6.05E-05,0,0,1,TRUE
2,SP140,ENST00000392045,1552,6,0.000541909,0,0,6,FALSE
2,SP140L,ENST00000415673,1399,2,0.000187583,0,0,2,TRUE
2,SPAG16,ENST00000331683,6479,23,0.00289108,3,3.14E-06,26,TRUE
1,SPAG17,ENST00000336338,2276,3,0.000324332,0,0,3,TRUE
20,SPAG4,ENST00000374273,1087,2,8.08E-05,0,0,2,TRUE
17,SPAG5,ENST00000321765,2040,9,0.000616683,0,0,9,TRUE
10,SPAG6,ENST00000376624,413,1,1.53E-06,0,0,1,FALSE
9,SPAG8,ENST00000396638,6329,54,0.002904865,4,4.19E-06,58,TRUE
7,SPAM1,ENST00000340011,976,1,0.000251634,0,0,1,TRUE
1,SPATA1,ENST00000490879,908,3,0.000226727,0,0,3,FALSE
4,SPATA18,ENST00000295213,740,2,1.02E-05,0,0,2,FALSE
17,SPATA20,ENST00000006658,2190,1,0.00037567,0,0,1,TRUE
1,SPATA21,ENST00000335496,1794,18,0.00066543,0,0,18,TRUE
17,SPATA22,ENST00000572969,684,1,2.14E-05,0,0,1,FALSE
5,SPATA24,ENST00000450845,1065,2,0.000375163,0,0,2,TRUE
20,SPATA25,ENST00000372519,209,1,1.53E-06,0,0,1,TRUE
9,SPATA31A6,ENST00000332857,8,3,3.56E-06,0,0,3,TRUE
9,SPATA31A7,ENST00000619167,1,1,1.53E-06,0,0,1,TRUE
9,SPATA31E1,ENST00000325643,482,0,NA,6,6.28E-06,6,FALSE
17,SPATA32,ENST00000331780,688,1,8.08E-05,0,0,1,FALSE
16,SPATA33,ENST00000301031,10856,40,0.005477498,4,4.19E-06,44,TRUE
4,SPATA4,ENST00000280191,4374,5,0.001898138,4,4.19E-06,9,TRUE
1,SPATA45,ENST00000332912,1789,130,0.001027945,0,0,130,TRUE
7,SPATA48,ENST00000297001,1814,6,0.000663097,0,0,6,FALSE
9,SPATA6L,ENST00000381890,702,1,1.53E-06,0,0,1,FALSE
5,SPATA9,ENST00000274432,619,1,0.000143369,0,0,1,FALSE
8,SPATC1,ENST00000377470,1120,2,0.000130645,0,0,2,TRUE
21,SPATC1L,ENST00000291672,811,3,0.000141834,0,0,3,FALSE
12,SPATS2,ENST00000552918,3734,26,0.001850895,0,0,26,TRUE
5,SPDL1,ENST00000265295,2053,1,0.000475907,0,0,1,FALSE
2,SPDYA,ENST00000334056,580,1,0.000202847,0,0,1,FALSE
5,SPEF2,ENST00000356031,1554,1,1.53E-06,3,3.14E-06,4,TRUE
15,SPG11,ENST00000261866,3236,1,1.32E-05,0,0,1,FALSE
16,SPG7,ENST00000645818,2686,3,0.000193695,4,4.19E-06,7,TRUE
19,SPHK2,ENST00000245222,226,1,4.27E-05,0,0,1,TRUE
5,SPINK1,ENST00000296695,160,1,1.88E-05,0,0,1,TRUE
5,SPINK14,ENST00000356972,20,20,2.59E-05,0,0,20,TRUE
3,SPINK8,ENST00000434006,147,1,1.53E-06,0,0,1,FALSE
15,SPINT1,ENST00000344051,1170,2,0.000361945,0,0,2,FALSE
20,SPINT4,ENST00000279058,367,1,4.52E-05,0,0,1,FALSE
16,SPIRE2,ENST00000378247,1429,1,0.000206391,0,0,1,FALSE
17,SPNS3,ENST00000355530,7285,21,0.003454762,0,0,21,TRUE
1,SPOCD1,ENST00000360482,1769,1,0.000395026,0,0,1,TRUE
4,SPP1,ENST00000395080,2841,2,0.001285635,0,0,2,TRUE
12,SPSB2,ENST00000524270,948,3,0.000178944,0,0,3,FALSE
15,SPTBN5,ENST00000320955,77951,24,0.003237426,54,5.65E-05,78,TRUE
4,SRD5A3,ENST00000264228,1913,1,0.000806243,0,0,1,FALSE
6,SRF,ENST00000265354,14,1,4.58E-06,0,0,1,FALSE
16,SRRM2,ENST00000301740,323,1,1.12E-05,0,0,1,FALSE
11,SRSF8,ENST00000587424,207,2,5.95E-05,0,0,2,TRUE
7,SSC4D,ENST00000275560,614,2,3.00E-05,0,0,2,TRUE
19,SSC5D,ENST00000389623,2010,3,0.000247059,0,0,3,FALSE
11,SSH3,ENST00000308127,980,2,0.000192156,0,0,2,TRUE
9,SSNA1,ENST00000322310,991,2,0.000207928,0,0,2,TRUE
23,SSX1,ENST00000376919,1243,4,8.49E-05,0,0,4,TRUE
23,SSX5,ENST00000311798,926,2,0.000366147,0,0,2,TRUE
15,ST20,ENST00000478497,4206,3,0.002120329,0,0,3,FALSE
3,ST3GAL6,ENST00000394162,580,1,6.25E-05,0,0,1,FALSE
2,ST6GAL2,ENST00000409382,135,1,1.02E-06,0,0,1,FALSE
17,ST6GALNAC1,ENST00000156626,1448,1,8.03E-05,0,0,1,FALSE
17,ST6GALNAC2,ENST00000225276,1207,2,0.000382356,0,0,2,TRUE
9,ST6GALNAC6,ENST00000291839,948,6,0.000346585,0,0,6,TRUE
1,ST7L,ENST00000358039,758,3,8.34E-05,0,0,3,TRUE
3,STAB1,ENST00000321725,3214,2,0.000210992,3,3.14E-06,5,TRUE
12,STAB2,ENST00000388887,2949,5,0.000107263,4,4.19E-06,9,TRUE
17,STAC2,ENST00000333461,573,1,4.32E-05,0,0,1,FALSE
7,STAG3,ENST00000317296,1198,1,6.10E-06,0,0,1,TRUE
19,STAP2,ENST00000594605,25503,2,1.53E-05,0,0,2,TRUE
15,STARD5,ENST00000302824,933,6,0.000394479,2,2.09E-06,8,TRUE
18,STARD6,ENST00000581310,57935,8,0.000878433,0,0,8,TRUE
15,STARD9,ENST00000290607,6252,5,0.000838776,11,1.15E-05,16,TRUE
4,STATH,ENST00000246895,318,1,8.95E-05,0,0,1,TRUE
4,STBD1,ENST00000237642,571,2,0.000118953,0,0,2,TRUE
7,STEAP1B,ENST00000406890,1837,9,0.000733039,0,0,9,TRUE
7,STEAP2,ENST00000394621,1425,1,0.000417869,0,0,1,FALSE
7,STEAP4,ENST00000380079,2422,8,0.000940953,0,0,8,TRUE
5,STK10,ENST00000176763,751,3,1.47E-05,0,0,3,TRUE
2,STK11IP,ENST00000456909,1972,3,0.000254691,0,0,3,TRUE
2,STK16,ENST00000396738,271,1,1.07E-05,0,0,1,TRUE
6,STK19,ENST00000375333,4868,64,0.002143198,0,0,64,TRUE
7,STK31,ENST00000355870,4181,9,0.001914986,0,0,9,TRUE
2,STK36,ENST00000295709,1995,1,0.000126579,0,0,1,FALSE
9,STKLD1,ENST00000371957,1854,5,0.000205898,0,0,5,TRUE
6,STMND1,ENST00000536551,995,4,0.000327885,0,0,4,FALSE
13,STOML3,ENST00000379631,2568,5,0.00113311,0,0,5,TRUE
2,STON1,ENST00000404752,1303,1,2.03E-05,0,0,1,FALSE
2,STON1-GTF2A1L,ENST00000394754,1833,2,6.10E-05,0,0,2,TRUE
14,STON2,ENST00000555447,897,1,3.56E-06,0,0,1,FALSE
10,STOX1,ENST00000298596,2095,3,0.000372111,4,4.19E-06,7,FALSE
4,STPG2,ENST00000295268,1930,3,0.000550118,0,0,3,FALSE
15,STRC,ENST00000450892,768,6,0.000214526,0,0,6,TRUE
7,STRIP2,ENST00000249344,2215,9,0.00052818,0,0,9,TRUE
19,STX10,ENST00000587230,2528,3,0.001041606,0,0,3,TRUE
20,STX16,ENST00000371141,470,2,0.000180978,0,0,2,TRUE
3,STX19,ENST00000315099,351,1,4.07E-06,0,0,1,TRUE
6,STX7,ENST00000367941,172,1,1.02E-06,0,0,1,FALSE
17,STXBP4,ENST00000376352,631,3,2.44E-05,0,0,3,FALSE
7,SUGCT,ENST00000335693,1195,1,0.000178446,0,0,1,TRUE
16,SULT1A1,ENST00000395609,38,2,1.63E-05,0,0,2,TRUE
16,SULT1A2,ENST00000335715,3683,46,0.001626215,0,0,46,TRUE
4,SULT1B1,ENST00000310613,576,2,0.000107265,0,0,2,TRUE
2,SULT1C2,ENST00000251481,6176,108,0.003048061,3,3.14E-06,111,TRUE
2,SULT1C3,ENST00000329106,31784,1,1.53E-06,0,0,1,FALSE
2,SULT1C4,ENST00000272452,12656,65,0.006365555,0,0,65,TRUE
19,SULT2B1,ENST00000201586,101,1,1.07E-05,0,0,1,FALSE
2,SULT6B1,ENST00000535679,601,3,1.32E-05,0,0,3,TRUE
7,SUMF2,ENST00000434526,4757,74,0.002324177,3,3.14E-06,77,TRUE
9,SURF2,ENST00000371964,759,2,5.59E-06,0,0,2,FALSE
9,SUSD1,ENST00000374270,1213,3,0.000123529,0,0,3,TRUE
22,SUSD2,ENST00000358321,2826,4,0.000353816,2,2.09E-06,6,TRUE
9,SUSD3,ENST00000375472,686,4,0.000279607,0,0,4,TRUE
17,SUZ12,ENST00000322652,323,2,0.000141321,0,0,2,FALSE
5,SV2C,ENST00000502798,680,6,0.000175889,0,0,6,TRUE
9,SVEP1,ENST00000374469,557,1,2.95E-05,0,0,1,FALSE
11,SVIP,ENST00000354193,597,1,0.000160764,0,0,1,TRUE
7,SVOPL,ENST00000674285,8581,34,0.003962574,2,2.09E-06,36,TRUE
16,SYCE1L,ENST00000378644,5972,33,0.00262664,0,0,33,TRUE
12,SYCP3,ENST00000392924,432,1,6.20E-05,0,0,1,FALSE
3,SYN2,ENST00000621198,250,2,5.44E-05,0,0,2,TRUE
6,SYNE1,ENST00000367255,3364,1,1.58E-05,3,3.14E-06,4,TRUE
14,SYNE3,ENST00000334258,1221,3,0.000243502,0,0,3,FALSE
6,SYNJ2,ENST00000355585,2194,0,NA,2,2.09E-06,2,TRUE
15,SYNM,ENST00000336292,5991,13,0.001454404,16,1.68E-05,29,TRUE
5,SYNPO,ENST00000307662,178,1,7.12E-06,0,0,1,FALSE
10,SYNPO2L,ENST00000394810,1171,2,1.63E-05,0,0,2,TRUE
17,SYNRG,ENST00000612223,350,2,5.08E-05,0,0,2,FALSE
14,SYT16,ENST00000568344,198,1,1.53E-06,0,0,1,FALSE
11,SYT8,ENST00000381968,6658,11,0.003154351,3,3.14E-06,14,TRUE
11,SYT9,ENST00000318881,123,1,2.24E-05,0,0,1,FALSE
1,SYTL1,ENST00000616558,2170,2,0.000112346,0,0,2,TRUE
11,SYTL2,ENST00000524452,831,2,2.09E-05,0,0,2,TRUE
6,SYTL3,ENST00000611299,17767,93,0.008162012,8,8.38E-06,101,TRUE
6,TAAR2,ENST00000367931,42538,11,0.000976539,0,0,11,TRUE
6,TAAR6,ENST00000275198,220,1,2.03E-06,0,0,1,FALSE
8,TACC1,ENST00000317827,327,1,2.03E-06,0,0,1,FALSE
10,TACC2,ENST00000369005,3223,9,0.000625827,2,2.09E-06,11,TRUE
10,TACR2,ENST00000373306,909,1,0.000134204,0,0,1,FALSE
4,TACR3,ENST00000304883,1102,1,0.000448402,0,0,1,TRUE
10,TAF3,ENST00000344293,21,1,2.03E-06,0,0,1,TRUE
1,TAFA3,ENST00000361886,426,1,2.14E-05,0,0,1,TRUE
2,TANC1,ENST00000263635,434,1,2.54E-06,0,0,1,FALSE
6,TAP1,ENST00000354258,348,1,1.53E-06,0,0,1,FALSE
6,TAPBP,ENST00000434618,1114,3,0.00038177,0,0,3,TRUE
12,TAPBPL,ENST00000266556,617,1,2.64E-05,0,0,1,FALSE
1,TARBP1,ENST00000040877,1569,1,6.61E-06,0,0,1,TRUE
19,TARM1,ENST00000432826,626,3,0.000125054,0,0,3,TRUE
1,TAS1R1,ENST00000333172,4970,9,0.002106086,7,7.33E-06,16,TRUE
1,TAS1R2,ENST00000375371,1673,6,0.000535292,0,0,6,FALSE
1,TAS1R3,ENST00000339381,735,1,5.39E-05,2,2.09E-06,3,TRUE
12,TAS2R10,ENST00000240619,2178,4,0.00110685,0,0,4,TRUE
7,TAS2R3,ENST00000247879,5336,7,0.00252649,0,0,7,TRUE
7,TAS2R39,ENST00000446620,580,9,0.000163692,0,0,9,FALSE
7,TAS2R40,ENST00000408947,754,3,0.000268408,0,0,3,FALSE
7,TAS2R41,ENST00000408916,841,3,0.000185547,0,0,3,TRUE
7,TAS2R60,ENST00000332690,901,2,0.000223673,0,0,2,FALSE
10,TASOR2,ENST00000645567,7739,12,0.003342869,11,1.15E-05,23,TRUE
8,TATDN1,ENST00000276692,607,1,6.63E-06,0,0,1,FALSE
7,TAX1BP1,ENST00000396319,349,1,1.02E-06,0,0,1,FALSE
10,TBATA,ENST00000299290,580,2,0.000139797,0,0,2,FALSE
11,TBC1D10C,ENST00000542590,540,1,1.53E-06,0,0,1,TRUE
19,TBC1D17,ENST00000221543,924,2,0.000122004,0,0,2,FALSE
9,TBC1D2,ENST00000465784,815,3,9.61E-05,0,0,3,TRUE
17,TBC1D28,ENST00000405044,932,3,0.000395496,0,0,3,TRUE
8,TBC1D31,ENST00000287380,301249,4,0.000147425,0,0,4,TRUE
6,TBC1D32,ENST00000398212,1906,1,5.90E-05,0,0,1,FALSE
17,TBC1D3F,ENST00000620210,15,5,1.27E-05,0,0,5,TRUE
13,TBC1D4,ENST00000377636,1491,1,0.000377704,0,0,1,TRUE
2,TBC1D8,ENST00000409318,1326,4,2.03E-05,0,0,4,TRUE
23,TBC1D8B,ENST00000357242,597,2,2.85E-05,0,0,2,TRUE
17,TBCD,ENST00000355528,911,1,7.63E-06,0,0,1,FALSE
1,TBCE,ENST00000642610,824,3,9.87E-05,0,0,3,TRUE
14,TBPL2,ENST00000247219,716,1,2.54E-06,0,0,1,TRUE
11,TBX10,ENST00000335385,881,2,0.000366011,0,0,2,FALSE
17,TBX4,ENST00000644296,291,1,9.51E-05,0,0,1,FALSE
7,TBXAS1,ENST00000448866,1227,1,4.98E-05,0,0,1,TRUE
14,TC2N,ENST00000435962,1174,2,2.19E-05,0,0,2,TRUE
7,TCAF2,ENST00000425618,700,7,0.000355336,0,0,7,TRUE
3,TCAIM,ENST00000342649,358,2,1.17E-05,0,0,2,FALSE
6,TCF19,ENST00000376257,578,1,1.32E-05,0,0,1,FALSE
2,TCF23,ENST00000296096,96,1,1.07E-05,0,0,1,FALSE
1,TCHH,ENST00000614923,5960,9,0.002995684,20,2.09E-05,29,TRUE
12,TCHP,ENST00000405876,2928,3,0.000677155,3,3.14E-06,6,TRUE
11,TCN1,ENST00000257264,5499,82,0.00232216,3,3.14E-06,85,TRUE
6,TCP10,ENST00000617120,48,1,2.08E-05,0,0,1,TRUE
6,TCP10L2,ENST00000366832,130,1,2.64E-05,0,0,1,TRUE
6,TCP11,ENST00000311875,653,2,4.22E-05,0,0,2,FALSE
6,TCTE1,ENST00000371505,960,2,0.00019775,0,0,2,FALSE
1,TCTEX1D1,ENST00000282670,212409,1,8.90E-05,0,0,1,TRUE
3,TCTEX1D2,ENST00000325318,856,3,0.000351777,0,0,3,TRUE
12,TCTN2,ENST00000303372,726,2,4.07E-06,0,0,2,FALSE
4,TDO2,ENST00000536354,1168,3,8.39E-05,3,3.14E-06,6,TRUE
10,TDRD1,ENST00000251864,534,2,0.00017081,0,0,2,FALSE
1,TDRD10,ENST00000368482,1482,0,NA,2,2.09E-06,2,FALSE
19,TDRD12,ENST00000647536,1840,4,7.32E-05,0,0,4,TRUE
6,TDRD6,ENST00000316081,3697,6,0.000128613,0,0,6,TRUE
14,TDRD9,ENST00000409874,1340,1,9.35E-05,0,0,1,TRUE
8,TDRP,ENST00000613071,159,1,7.12E-06,0,0,1,FALSE
11,TECTA,ENST00000392793,1595,2,6.81E-05,0,0,2,TRUE
17,TEKT1,ENST00000338694,2295,3,0.000953693,0,0,3,FALSE
1,TEKT2,ENST00000207457,922,2,2.14E-05,0,0,2,FALSE
17,TEKT3,ENST00000395930,5391,39,0.002377805,0,0,39,TRUE
2,TEKT4,ENST00000295201,957,1,1.63E-05,0,0,1,TRUE
16,TEKT5,ENST00000283025,622,1,2.90E-05,0,0,1,TRUE
14,TEP1,ENST00000262715,3503,6,9.86E-05,5,5.24E-06,11,TRUE
7,TES,ENST00000358204,543,2,4.88E-05,0,0,2,TRUE
11,TESMIN,ENST00000255087,340,1,2.39E-05,0,0,1,FALSE
12,TESPA1,ENST00000449076,586,1,4.83E-05,0,0,1,TRUE
4,TET2,ENST00000380013,527,1,1.02E-06,0,0,1,FALSE
9,TEX10,ENST00000374902,317,1,9.97E-05,0,0,1,FALSE
23,TEX13A,ENST00000600991,50,1,2.54E-06,0,0,1,FALSE
23,TEX13B,ENST00000302917,3292,47,0.001711291,0,0,47,TRUE
17,TEX14,ENST00000349033,6061,10,0.001171273,7,7.33E-06,17,TRUE
8,TEX15,ENST00000643185,9398,16,0.001983139,23,2.41E-05,39,TRUE
14,TEX22,ENST00000451127,6613,136,0.003346469,0,0,136,TRUE
13,TEX29,ENST00000283547,387,1,3.05E-06,0,0,1,FALSE
22,TEX33,ENST00000381821,3382,17,0.001523022,0,0,17,TRUE
1,TEX35,ENST00000319416,599,4,0.000207406,0,0,4,TRUE
1,TEX38,ENST00000334122,536,4,9.81E-05,0,0,4,TRUE
5,TEX43,ENST00000357147,152,1,3.56E-06,0,0,1,FALSE
12,TEX52,ENST00000637658,2286,4,0.000995354,2,2.09E-06,6,TRUE
15,TEX9,ENST00000352903,1176,1,1.27E-05,0,0,1,FALSE
3,TFG,ENST00000240851,58,1,2.03E-06,0,0,1,FALSE
7,TFR2,ENST00000223051,1112,1,7.78E-05,0,0,1,FALSE
8,TG,ENST00000220616,3874,3,0.000603918,5,5.24E-06,8,TRUE
19,TGFBR3L,ENST00000565886,3216,3,0.001501153,0,0,3,FALSE
20,TGM2,ENST00000361475,759,3,0.000161146,0,0,3,FALSE
3,TGM4,ENST00000296125,17034,115,0.007979552,39,4.08E-05,154,TRUE
15,TGM5,ENST00000220420,1155,1,3.51E-05,0,0,1,TRUE
20,TGM6,ENST00000202625,1780,2,2.34E-05,0,0,2,TRUE
15,TGM7,ENST00000452443,1583,3,0.000216556,0,0,3,TRUE
2,THADA,ENST00000405006,2134,1,2.69E-05,2,2.09E-06,3,TRUE
1,THAP3,ENST00000377627,162,1,1.32E-05,0,0,1,TRUE
19,THAP8,ENST00000292894,6862,13,0.003244321,0,0,13,TRUE
1,THBS3,ENST00000368378,1675,1,0.000126071,2,2.09E-06,3,TRUE
5,THBS4,ENST00000350881,1540,2,1.53E-05,0,0,2,TRUE
19,THEG,ENST00000342640,15555,882,0.008348373,22,2.30E-05,904,TRUE
1,THEM5,ENST00000368817,978,1,3.05E-06,0,0,1,TRUE
6,THEMIS,ENST00000368248,710,1,1.53E-05,0,0,1,TRUE
1,THEMIS2,ENST00000373921,325,1,7.52E-05,0,0,1,FALSE
10,THNSL1,ENST00000376356,4079,4,0.000658311,4,4.19E-06,8,TRUE
2,THNSL2,ENST00000674334,2502,28,0.000695434,0,0,28,TRUE
14,THTPA,ENST00000288014,156,1,1.88E-05,0,0,1,TRUE
3,THUMPD3,ENST00000452837,1514,3,3.86E-05,0,0,3,TRUE
11,THYN1,ENST00000341541,454,1,9.66E-06,0,0,1,TRUE
21,TIAM1,ENST00000286827,254,1,1.02E-06,0,0,1,FALSE
6,TIAM2,ENST00000461783,1097,1,3.56E-06,0,0,1,FALSE
15,TICRR,ENST00000268138,992,2,1.47E-05,0,0,2,TRUE
4,TIGD2,ENST00000603357,270,1,2.03E-06,0,0,1,FALSE
4,TIGD4,ENST00000304337,6922,22,0.003259528,0,0,22,TRUE
5,TIGD6,ENST00000296736,320,1,4.32E-05,0,0,1,TRUE
16,TIGD7,ENST00000396862,1107,1,9.66E-06,0,0,1,FALSE
5,TIMD4,ENST00000274532,1022,2,0.000104212,0,0,2,TRUE
11,TIMM10B,ENST00000254616,212,1,1.68E-05,0,0,1,FALSE
14,TIMM9,ENST00000395159,65,1,1.02E-05,0,0,1,FALSE
3,TIMMDC1,ENST00000494664,1029,1,0.000360421,0,0,1,TRUE
3,TIMP4,ENST00000287814,1004,12,0.00043108,0,0,12,TRUE
6,TINAG,ENST00000259782,1437,3,0.000300947,0,0,3,TRUE
11,TIRAP,ENST00000392680,629,2,3.97E-05,0,0,2,TRUE
9,TJP2,ENST00000377245,661,1,2.54E-06,0,0,1,FALSE
19,TJP3,ENST00000541714,1369,1,8.24E-05,0,0,1,TRUE
11,TKFC,ENST00000394900,1107,2,0.000110869,0,0,2,FALSE
4,TKTL2,ENST00000280605,135,0,NA,3,3.14E-06,3,FALSE
17,TLCD1,ENST00000292090,1280,1,0.000414812,0,0,1,FALSE
17,TLCD2,ENST00000330676,13996,82,0.007187754,11,1.15E-05,93,TRUE
10,TLL2,ENST00000357947,1781,1,1.02E-05,0,0,1,TRUE
15,TLN2,ENST00000561311,461,1,1.53E-06,0,0,1,TRUE
4,TLR1,ENST00000308979,1073,2,0.000283151,3,3.14E-06,5,TRUE
4,TLR10,ENST00000308973,91,0,NA,8,8.38E-06,8,FALSE
4,TLR3,ENST00000296795,479,2,3.05E-05,0,0,2,FALSE
9,TLR4,ENST00000355622,520,3,8.59E-05,0,0,3,TRUE
4,TLR6,ENST00000436693,264,2,6.86E-05,0,0,2,FALSE
3,TM4SF4,ENST00000305354,621,1,3.05E-06,0,0,1,FALSE
17,TM4SF5,ENST00000270560,738,1,1.53E-06,0,0,1,FALSE
15,TM6SF1,ENST00000322019,603,1,5.19E-05,0,0,1,FALSE
19,TM6SF2,ENST00000389363,340,1,1.02E-06,0,0,1,TRUE
12,TM7SF3,ENST00000343028,691,2,0.000123532,0,0,2,FALSE
2,TMBIM1,ENST00000258412,528,2,4.58E-06,0,0,2,FALSE
20,TMC2,ENST00000358864,12065,43,0.005662071,8,8.38E-06,51,TRUE
15,TMC3,ENST00000359440,1902,1,1.88E-05,0,0,1,TRUE
19,TMC4,ENST00000619895,839,1,1.17E-05,0,0,1,FALSE
16,TMC5,ENST00000542583,514,1,6.25E-05,0,0,1,TRUE
16,TMC7,ENST00000304381,7553,17,0.00348375,3,3.14E-06,20,TRUE
1,TMCO2,ENST00000372766,615,1,0.000157094,0,0,1,FALSE
13,TMCO3,ENST00000434316,642,1,1.22E-05,0,0,1,FALSE
1,TMCO4,ENST00000294543,5207,2,0.001594199,4,4.19E-06,6,TRUE
5,TMCO6,ENST00000394671,669,2,3.97E-05,0,0,2,FALSE
15,TMED3,ENST00000299705,8013,34,0.003647412,3,3.14E-06,37,TRUE
7,TMED4,ENST00000457408,875,3,0.000356362,0,0,3,FALSE
1,TMED5,ENST00000370282,206,2,2.69E-05,0,0,2,FALSE
17,TMEM104,ENST00000335464,1761,7,0.0007051,0,0,7,TRUE
12,TMEM116,ENST00000552374,467,1,1.02E-06,0,0,1,FALSE
12,TMEM117,ENST00000266534,208,1,2.03E-06,0,0,1,FALSE
7,TMEM120A,ENST00000493111,578,1,1.02E-06,0,0,1,TRUE
11,TMEM134,ENST00000308022,10572,31,0.005034238,0,0,31,TRUE
19,TMEM143,ENST00000293261,1234,5,0.000203848,0,0,5,TRUE
4,TMEM144,ENST00000296529,4775,7,0.002177255,0,0,7,TRUE
19,TMEM145,ENST00000301204,384,1,8.14E-06,0,0,1,FALSE
6,TMEM14B,ENST00000379542,459,6,0.000195714,0,0,6,TRUE
19,TMEM161A,ENST00000162044,611,1,6.25E-05,0,0,1,TRUE
16,TMEM170A,ENST00000561878,1173,4,0.000425492,0,0,4,FALSE
4,TMEM175,ENST00000264771,960,3,0.000364491,0,0,3,TRUE
7,TMEM176A,ENST00000004103,551,2,0.000101674,0,0,2,FALSE
2,TMEM177,ENST00000272521,19047,121,0.009755247,11,1.15E-05,132,TRUE
2,TMEM182,ENST00000412401,375,1,4.27E-05,0,0,1,TRUE
1,TMEM183A,ENST00000367242,652,1,0.000285186,0,0,1,FALSE
7,TMEM184A,ENST00000297477,693,1,5.08E-06,0,0,1,FALSE
12,TMEM19,ENST00000266673,779,1,0.000125054,0,0,1,FALSE
22,TMEM191C,ENST00000621561,522,1,5.08E-06,0,0,1,TRUE
4,TMEM192,ENST00000306480,144,1,1.02E-05,0,0,1,FALSE
3,TMEM207,ENST00000354905,478,1,0.00019521,0,0,1,TRUE
7,TMEM209,ENST00000397622,9983,40,0.004915757,5,5.24E-06,45,TRUE
3,TMEM212,ENST00000334567,1123,2,0.000243503,0,0,2,TRUE
19,TMEM221,ENST00000341130,512,1,0.00014337,0,0,1,FALSE
11,TMEM225,ENST00000375026,159,2,1.27E-05,0,0,2,FALSE
7,TMEM225B,ENST00000431679,6429,15,0.003199611,0,0,15,TRUE
20,TMEM230,ENST00000342308,180,4,2.14E-05,0,0,4,TRUE
5,TMEM232,ENST00000455884,2228,1,2.95E-05,2,2.09E-06,3,TRUE
17,TMEM235,ENST00000421688,441,2,8.34E-05,0,0,2,FALSE
20,TMEM239,ENST00000380585,161,1,1.83E-05,0,0,1,FALSE
2,TMEM247,ENST00000434431,1066,17,0.000469714,2,2.09E-06,19,TRUE
9,TMEM250,ENST00000418388,181,1,5.08E-06,0,0,1,FALSE
14,TMEM253,ENST00000418511,360,1,3.05E-06,0,0,1,FALSE
13,TMEM255B,ENST00000375353,673,1,6.61E-06,0,0,1,TRUE
10,TMEM26,ENST00000399298,200,1,3.05E-06,0,0,1,FALSE
14,TMEM260,ENST00000261556,1302,2,0.000173568,0,0,2,TRUE
16,TMEM265,ENST00000615541,758,5,0.000336056,0,0,5,FALSE
15,TMEM266,ENST00000388942,386,2,1.17E-05,0,0,2,FALSE
1,TMEM269,ENST00000536543,2118,11,0.000994842,0,0,11,TRUE
7,TMEM270,ENST00000320531,3227,21,0.001265804,6,6.28E-06,27,TRUE
3,TMEM43,ENST00000306077,909,2,0.000282648,0,0,2,TRUE
3,TMEM44,ENST00000347147,1847,2,0.000447908,0,0,2,TRUE
11,TMEM45B,ENST00000281441,981,1,1.98E-05,0,0,1,FALSE
1,TMEM52,ENST00000310991,220,3,5.08E-05,0,0,3,TRUE
1,TMEM53,ENST00000372237,83,1,2.54E-06,0,0,1,FALSE
1,TMEM54,ENST00000373463,6015,18,0.002689976,2,2.09E-06,20,TRUE
15,TMEM62,ENST00000260403,971,2,0.000199789,0,0,2,FALSE
1,TMEM63A,ENST00000366835,1657,2,0.000106753,0,0,2,FALSE
1,TMEM69,ENST00000372025,477,1,1.02E-06,0,0,1,TRUE
8,TMEM70,ENST00000312184,929,1,0.000156084,0,0,1,FALSE
8,TMEM71,ENST00000377901,1074,9,0.000294338,2,2.09E-06,11,TRUE
1,TMEM79,ENST00000405535,767,1,4.42E-05,0,0,1,FALSE
19,TMEM86B,ENST00000327042,634,2,0.00021859,0,0,2,FALSE
2,TMEM87B,ENST00000283206,775,1,4.02E-05,0,0,1,TRUE
17,TMIGD1,ENST00000328886,526,1,6.96E-05,0,0,1,FALSE
15,TMOD2,ENST00000249700,169,1,1.93E-05,0,0,1,FALSE
1,TMOD4,ENST00000295314,572,2,2.49E-05,0,0,2,TRUE
12,TMPO,ENST00000556029,90,1,1.02E-06,0,0,1,FALSE
4,TMPRSS11A,ENST00000508048,913,1,0.000144937,0,0,1,FALSE
4,TMPRSS11B,ENST00000332644,1391,8,0.000276542,0,0,8,TRUE
4,TMPRSS11D,ENST00000283916,977,2,0.000386345,0,0,2,TRUE
4,TMPRSS11E,ENST00000305363,1605,2,0.000196731,0,0,2,TRUE
12,TMPRSS12,ENST00000398458,1500,5,0.000677122,0,0,5,TRUE
11,TMPRSS13,ENST00000524993,424,2,2.54E-06,0,0,2,TRUE
21,TMPRSS15,ENST00000284885,5048,7,0.001317141,4,4.19E-06,11,TRUE
21,TMPRSS3,ENST00000644384,164349,1,0.00077119,0,0,1,TRUE
11,TMPRSS4,ENST00000437212,446149,1,2.14E-05,0,0,1,TRUE
11,TMPRSS5,ENST00000299882,1585,6,0.000246549,0,0,6,TRUE
3,TMPRSS7,ENST00000419127,9084,100,0.004087994,82,8.59E-05,182,TRUE
19,TMPRSS9,ENST00000649857,4948,14,0.001799048,2,2.09E-06,16,TRUE
12,TMTC1,ENST00000539277,4100,8,0.001588599,4,4.19E-06,12,TRUE
13,TMTC4,ENST00000342624,472,1,5.08E-06,0,0,1,FALSE
7,TMUB1,ENST00000297533,57,1,3.56E-06,0,0,1,FALSE
8,TNFRSF10A,ENST00000221132,1744,1,3.97E-05,0,0,1,TRUE
8,TNFRSF10C,ENST00000356864,10091,37,0.005061007,0,0,37,TRUE
17,TNFRSF13B,ENST00000261652,1445,1,0.000324326,0,0,1,TRUE
1,TNFRSF18,ENST00000379268,1428,1,2.14E-05,2,2.09E-06,3,FALSE
20,TNFRSF6B,ENST00000369996,1269,2,0.000563626,0,0,2,FALSE
1,TNFSF18,ENST00000404377,7135,20,0.003635223,0,0,20,TRUE
17,TNK1,ENST00000570896,128548,1,3.97E-05,0,0,1,FALSE
10,TNKS2,ENST00000371627,285,2,3.76E-05,0,0,2,FALSE
1,TNN,ENST00000239462,2150,1,9.66E-06,0,0,1,TRUE
1,TNNI3K,ENST00000326637,7113,32,0.001690258,10,1.05E-05,42,TRUE
7,TNRC18,ENST00000430969,299,1,3.56E-05,0,0,1,TRUE
16,TNRC6A,ENST00000395799,229,1,5.09E-06,0,0,1,FALSE
6,TNXB,ENST00000644971,2049,1,1.42E-05,3,3.14E-06,4,TRUE
2,TOGARAM2,ENST00000379558,13221,29,0.005790968,32,3.35E-05,61,TRUE
14,TOMM20L,ENST00000360945,7490,0,NA,5,5.24E-06,5,FALSE
8,TOP1MT,ENST00000329245,2892,5,0.000814385,4,4.19E-06,9,TRUE
22,TOP3B,ENST00000357179,309,1,4.07E-06,0,0,1,TRUE
1,TOR1AIP1,ENST00000606911,2524,24,0.001142298,0,0,24,TRUE
1,TOR3A,ENST00000367627,1854,4,0.000457005,0,0,4,TRUE
8,TOX,ENST00000361421,117,1,4.58E-05,0,0,1,FALSE
11,TP53AIP1,ENST00000531399,11243,31,0.005573529,15,1.57E-05,46,TRUE
2,TP53I3,ENST00000238721,4121,7,0.000930277,2,2.09E-06,9,TRUE
8,TP53INP1,ENST00000342697,229,2,2.59E-05,0,0,2,TRUE
16,TP53TG3D,ENST00000398664,0,1,1.02E-06,0,0,1,TRUE
11,TPCN2,ENST00000294309,834,1,2.03E-06,0,0,1,FALSE
18,TPGS2,ENST00000334295,350,1,1.07E-05,0,0,1,TRUE
11,TPH1,ENST00000250018,1312,1,0.00023391,0,0,1,TRUE
6,TPMT,ENST00000309983,1203,4,0.00039804,0,0,4,FALSE
2,TPO,ENST00000329066,1186,1,6.61E-06,0,0,1,TRUE
14,TPPP2,ENST00000321760,13934,376,0.006152079,4,4.19E-06,380,TRUE
3,TPRA1,ENST00000355552,162,1,3.05E-06,0,0,1,FALSE
1,TPRG1L,ENST00000378344,3442,6,0.001596725,0,0,6,TRUE
16,TPSD1,ENST00000211076,354959,1,0.000179955,0,0,1,TRUE
16,TPSG1,ENST00000234798,2220,2,0.000163245,7,7.33E-06,9,TRUE
13,TPTE2,ENST00000390680,3893,5,0.001628274,0,0,5,TRUE
2,TRABD2A,ENST00000409520,813,2,0.000190123,0,0,2,TRUE
1,TRAF3IP3,ENST00000367025,448,1,1.02E-06,0,0,1,TRUE
1,TRAF5,ENST00000261464,576,2,5.54E-05,0,0,2,TRUE
16,TRAF7,ENST00000326181,158,2,5.59E-06,0,0,2,FALSE
12,TRAFD1,ENST00000412615,224,1,4.58E-06,0,0,1,FALSE
2,TRAK2,ENST00000332624,1453,8,0.000477346,0,0,8,TRUE
3,TRANK1,ENST00000645898,2279,2,2.24E-05,0,0,2,TRUE
16,TRAP1,ENST00000246957,2281,9,0.000613087,0,0,9,FALSE
4,TRAPPC11,ENST00000334690,742,1,2.54E-06,0,0,1,FALSE
6,TRAPPC3L,ENST00000368602,759,3,0.000234349,0,0,3,FALSE
3,TRAT1,ENST00000295756,806,5,0.000322828,0,0,5,TRUE
6,TRDN,ENST00000334268,2388,8,0.000601009,0,0,8,TRUE
11,TREH,ENST00000264029,3483,3,0.001256662,0,0,3,TRUE
6,TREML1,ENST00000426005,525,2,0.000149455,0,0,2,FALSE
6,TREML4,ENST00000341495,422,2,0.000130646,0,0,2,FALSE
3,TREX1,ENST00000625293,412,1,5.24E-05,0,0,1,FALSE
6,TRIM15,ENST00000376694,2442,2,0.000659848,4,4.19E-06,6,TRUE
17,TRIM16,ENST00000649191,735,2,0.000135729,0,0,2,TRUE
17,TRIM16L,ENST00000395671,920,1,0.000402104,0,0,1,TRUE
11,TRIM21,ENST00000254436,533,1,2.54E-06,0,0,1,FALSE
11,TRIM22,ENST00000379965,3930,35,0.00159783,8,8.38E-06,43,TRUE
6,TRIM31,ENST00000376734,480,2,3.56E-05,4,4.19E-06,6,TRUE
11,TRIM34,ENST00000429814,667,1,1.68E-05,0,0,1,TRUE
5,TRIM36,ENST00000513154,178,2,2.03E-06,0,0,2,FALSE
6,TRIM38,ENST00000357085,8380,39,0.004191941,2,2.09E-06,41,TRUE
7,TRIM4,ENST00000349062,734,1,2.85E-05,0,0,1,TRUE
6,TRIM40,ENST00000396581,18802,150,0.009510253,2,2.09E-06,152,TRUE
2,TRIM43,ENST00000272395,50,1,1.22E-05,0,0,1,TRUE
1,TRIM45,ENST00000256649,4320,12,0.001563689,3,3.14E-06,15,TRUE
17,TRIM47,ENST00000254816,692,1,2.34E-05,0,0,1,TRUE
11,TRIM48,ENST00000417545,304,34,0.000173366,0,0,34,TRUE
11,TRIM5,ENST00000380034,506,1,0.000183005,0,0,1,FALSE
7,TRIM50,ENST00000333149,6777,23,0.00312861,2,2.09E-06,25,TRUE
11,TRIM51,ENST00000449290,5468,99,0.00265515,3,3.14E-06,102,TRUE
2,TRIM54,ENST00000380075,1096,2,0.000205881,0,0,2,FALSE
8,TRIM55,ENST00000315962,1341,3,0.000252142,0,0,3,TRUE
1,TRIM58,ENST00000366481,2974,1,0.001168693,0,0,1,FALSE
3,TRIM59,ENST00000309784,6009,8,0.002562797,4,4.19E-06,12,TRUE
11,TRIM6,ENST00000380097,5335,4,0.000554101,0,0,4,TRUE
11,TRIM6-TRIM34,ENST00000354852,5894,5,0.000570876,2,2.09E-06,7,TRUE
1,TRIM62,ENST00000291416,620,1,3.05E-06,0,0,1,TRUE
1,TRIM63,ENST00000374272,1848,2,0.000559691,0,0,2,TRUE
11,TRIM64C,ENST00000617704,878,8,0.00031471,0,0,8,TRUE
17,TRIM65,ENST00000269383,1988,1,1.53E-06,0,0,1,FALSE
11,TRIM66,ENST00000646038,1262,3,0.000116921,0,0,3,FALSE
11,TRIM68,ENST00000300747,1502,3,0.000413305,4,4.19E-06,7,FALSE
15,TRIM69,ENST00000329464,1131,12,0.000336024,0,0,12,TRUE
11,TRIM77,ENST00000398290,198,1,8.64E-06,0,0,1,TRUE
4,TRIML1,ENST00000332517,330,3,7.78E-05,0,0,3,TRUE
22,TRIOBP,ENST00000644935,2865,0,NA,2,2.09E-06,2,TRUE
14,TRIP11,ENST00000267622,2044,1,0.000254689,0,0,1,FALSE
15,TRIP4,ENST00000261884,531,1,1.07E-05,0,0,1,FALSE
7,TRIP6,ENST00000200457,591,1,2.29E-05,0,0,1,FALSE
8,TRIQK,ENST00000521988,68,1,2.03E-05,0,0,1,FALSE
1,TRIT1,ENST00000316891,3359,1,0.000122004,0,0,1,FALSE
9,TRMO,ENST00000375119,1520,7,0.000521566,0,0,7,FALSE
9,TRMT10B,ENST00000297994,8532,61,0.004082185,5,5.24E-06,66,TRUE
6,TRMT11,ENST00000334379,907,1,7.32E-05,0,0,1,FALSE
1,TRMT13,ENST00000370141,649,1,2.03E-06,0,0,1,FALSE
22,TRMT2A,ENST00000252136,611,0,NA,2,2.09E-06,2,TRUE
4,TRMT44,ENST00000389737,3136,5,0.000728495,0,0,5,TRUE
2,TRMT61B,ENST00000306108,1185,3,0.000174364,0,0,3,TRUE
12,TROAP,ENST00000257909,1018,1,1.53E-06,0,0,1,TRUE
8,TRPA1,ENST00000262209,2855,6,0.000123541,4,4.19E-06,10,TRUE
5,TRPC7,ENST00000513104,290,1,1.02E-06,0,0,1,FALSE
15,TRPM1,ENST00000256552,1472,1,7.12E-05,0,0,1,TRUE
21,TRPM2,ENST00000397928,8608,17,0.002747133,12,1.26E-05,29,TRUE
19,TRPM4,ENST00000252826,7628,8,0.002986045,16,1.68E-05,24,TRUE
2,TRPM8,ENST00000324695,1063,2,2.95E-05,0,0,2,FALSE
11,TRPT1,ENST00000317459,499,1,2.54E-06,0,0,1,FALSE
12,TRPV4,ENST00000261740,1949,4,0.000557222,0,0,4,TRUE
13,TSC22D1,ENST00000458659,68,1,1.07E-05,0,0,1,FALSE
2,TSGA10,ENST00000393483,407,1,2.90E-05,0,0,1,FALSE
11,TSGA10IP,ENST00000532620,7862,44,0.003343915,18,1.89E-05,62,TRUE
7,TSGA13,ENST00000356588,1591,5,0.000627306,0,0,5,TRUE
1,TSHB,ENST00000256592,816,1,0.000349237,0,0,1,FALSE
19,TSKS,ENST00000246801,136,1,1.02E-06,0,0,1,FALSE
16,TSNAXIP1,ENST00000561639,9777,13,0.004390227,17,1.78E-05,30,TRUE
17,TSPAN10,ENST00000574882,295,1,5.44E-05,0,0,1,TRUE
12,TSPAN11,ENST00000546076,476,1,0.000162673,0,0,1,FALSE
5,TSPAN17,ENST00000508164,331,2,7.57E-05,0,0,2,TRUE
12,TSPAN19,ENST00000532498,7992,187,0.00397118,25,2.62E-05,212,TRUE
1,TSPAN2,ENST00000369516,180,1,1.02E-05,0,0,1,FALSE
21,TSPEAR,ENST00000323084,3210,2,0.000605445,0,0,2,TRUE
6,TSPO2,ENST00000373161,185,1,2.85E-05,0,0,1,TRUE
6,TSPYL4,ENST00000420283,368,1,8.64E-06,0,0,1,FALSE
5,TSSK1B,ENST00000390666,275,2,4.12E-05,0,0,2,TRUE
22,TSSK2,ENST00000399635,180,1,8.13E-06,0,0,1,TRUE
14,TSSK4,ENST00000339917,1174,1,1.73E-05,0,0,1,TRUE
9,TSTD2,ENST00000341170,2417,3,0.000651194,0,0,3,FALSE
11,TTC12,ENST00000529221,8288,111,0.003820244,0,0,111,TRUE
1,TTC13,ENST00000366661,317,1,1.92E-05,0,0,1,FALSE
3,TTC14,ENST00000296015,1356,1,1.02E-05,0,0,1,FALSE
9,TTC16,ENST00000373289,3057,9,0.00078642,2,2.09E-06,11,TRUE
17,TTC19,ENST00000261647,829,2,7.73E-05,0,0,2,TRUE
3,TTC21A,ENST00000440121,2135,3,0.000536025,0,0,3,FALSE
1,TTC22,ENST00000371276,1723,5,0.000649681,2,2.09E-06,7,TRUE
15,TTC23,ENST00000394132,1745,1,0.000140366,0,0,1,TRUE
5,TTC23L,ENST00000505624,1821,1,3.41E-05,0,0,1,TRUE
4,TTC29,ENST00000325106,2067,1,0.000350737,0,0,1,FALSE
21,TTC3,ENST00000399017,2016,3,3.00E-05,0,0,3,TRUE
2,TTC31,ENST00000233623,567,1,2.03E-05,0,0,1,FALSE
5,TTC33,ENST00000337702,3150,16,0.001472684,0,0,16,TRUE
1,TTC34,ENST00000637179,1004,1,9.10E-05,0,0,1,TRUE
22,TTC38,ENST00000381031,2287,37,0.000808318,0,0,37,TRUE
1,TTC4,ENST00000371281,1416,4,0.000473302,0,0,4,TRUE
14,TTC6,ENST00000553443,7481,29,0.001646052,25,2.62E-05,54,TRUE
1,TTLL10,ENST00000379289,11868,49,0.005156682,13,1.36E-05,62,TRUE
15,TTLL13P,ENST00000438251,22225,115,0.009910617,32,3.35E-05,147,TRUE
3,TTLL3,ENST00000426895,72156,2,0.000118954,10,1.05E-05,12,TRUE
14,TTLL5,ENST00000298832,1375,1,1.73E-05,0,0,1,TRUE
17,TTLL6,ENST00000393382,59843,26,0.003403482,20,2.09E-05,46,TRUE
1,TTLL7,ENST00000260505,236,1,4.07E-06,0,0,1,FALSE
22,TTLL8,ENST00000266182,2819,24,0.000936378,0,0,24,TRUE
20,TTLL9,ENST00000535842,1401,3,0.000285695,0,0,3,FALSE
2,TTN,ENST00000589042,11832,12,0.00095186,33,3.46E-05,45,TRUE
12,TUBA1C,ENST00000301072,95,1,2.03E-06,0,0,1,FALSE
13,TUBA3C,ENST00000400113,1027,2,6.41E-05,3,3.14E-06,5,TRUE
20,TUBB1,ENST00000217133,809,2,0.000192664,0,0,2,TRUE
10,TUBB8,ENST00000568584,371,1,0.00010777,0,0,1,FALSE
17,TUBG2,ENST00000251412,513,1,1.32E-05,0,0,1,FALSE
1,TUFT1,ENST00000368849,1119,1,0.000429047,0,0,1,FALSE
19,TULP2,ENST00000221399,3876,33,0.001732554,0,0,33,TRUE
16,TVP23A,ENST00000299866,424,2,2.03E-05,0,0,2,TRUE
12,TWF1,ENST00000395510,114,1,6.10E-06,0,0,1,FALSE
4,TXK,ENST00000264316,562,1,2.08E-05,0,0,1,FALSE
6,TXLNB,ENST00000358430,1045,1,3.81E-05,0,0,1,TRUE
16,TXNDC11,ENST00000283033,684,1,1.53E-06,0,0,1,FALSE
6,TXNDC5,ENST00000379757,493,3,2.39E-05,0,0,3,FALSE
1,TXNIP,ENST00000582401,329,1,4.52E-05,0,0,1,TRUE
22,TXNRD2,ENST00000400521,1545,6,0.000530723,0,0,6,FALSE
11,TYR,ENST00000263321,1390,1,3.56E-05,0,0,1,FALSE
9,TYRP1,ENST00000388918,6891,105,0.002865056,32,3.35E-05,137,TRUE
7,TYW1B,ENST00000620995,1564,6,0.000478866,0,0,6,FALSE
19,U2AF1L4,ENST00000378975,476,6,0.000126679,0,0,6,TRUE
15,UACA,ENST00000322954,1491,2,1.42E-05,0,0,2,TRUE
3,UBA7,ENST00000333486,4890,5,0.001993236,2,2.09E-06,7,TRUE
15,UBE2Q2,ENST00000267938,379,1,4.58E-06,0,0,1,TRUE
1,UBE2U,ENST00000371076,2358,15,0.000995377,0,0,15,TRUE
1,UBE4B,ENST00000343090,1719,1,0.00081641,0,0,1,FALSE
1,UBL4B,ENST00000334179,9,1,5.59E-06,0,0,1,FALSE
16,UBN1,ENST00000262376,54,1,3.05E-06,0,0,1,FALSE
1,UBXN10,ENST00000375099,6144,13,0.002957569,0,0,13,TRUE
1,UBXN11,ENST00000374221,2490,11,0.00079917,0,0,11,TRUE
19,UBXN6,ENST00000301281,331,1,1.53E-06,0,0,1,FALSE
8,UBXN8,ENST00000265616,9869,33,0.004880926,3,3.14E-06,36,TRUE
2,UCN,ENST00000296099,988,1,0.000433113,0,0,1,TRUE
11,UCP3,ENST00000314032,13182,479,0.006961841,74,7.75E-05,553,TRUE
11,UEVLD,ENST00000396197,4339,26,0.002024763,0,0,26,TRUE
13,UGGT2,ENST00000376747,6685,13,0.002388749,4,4.19E-06,17,TRUE
2,UGT1A10,ENST00000344644,2108,2,0.000597309,0,0,2,TRUE
2,UGT1A3,ENST00000482026,3085,11,0.000899288,0,0,11,TRUE
2,UGT1A4,ENST00000373409,925,4,5.59E-05,0,0,4,TRUE
2,UGT1A5,ENST00000373414,608,1,5.19E-05,0,0,1,TRUE
2,UGT1A7,ENST00000373426,1246,2,0.000304501,0,0,2,TRUE
4,UGT2A1,ENST00000503640,66467,3,0.000342628,2,2.09E-06,5,TRUE
4,UGT2A2,ENST00000604629,2398,4,0.00052055,2,2.09E-06,6,TRUE
4,UGT2A3,ENST00000251566,916,2,8.03E-05,0,0,2,TRUE
4,UGT2B10,ENST00000265403,3928,39,0.001715684,2,2.09E-06,41,TRUE
4,UGT2B11,ENST00000446444,3336,33,0.001533178,0,0,33,TRUE
4,UGT2B15,ENST00000338206,505,0,NA,2,2.09E-06,2,FALSE
4,UGT2B17,ENST00000317746,39,22,3.46E-05,0,0,22,TRUE
4,UGT2B28,ENST00000335568,3,3,3.05E-06,0,0,3,TRUE
4,UGT2B4,ENST00000305107,1087,1,0.000280608,0,0,1,TRUE
5,UGT3A1,ENST00000274278,1469,2,0.000406171,0,0,2,TRUE
6,ULBP1,ENST00000229708,2232,13,0.001012629,0,0,13,TRUE
6,ULBP3,ENST00000367339,70306,188,0.003767887,0,0,188,TRUE
3,ULK4,ENST00000301831,8359,27,0.003326637,6,6.28E-06,33,TRUE
16,UMOD,ENST00000570689,850,3,8.03E-05,0,0,3,TRUE
21,UMODL1,ENST00000408989,36176,94,0.00377704,59,6.18E-05,153,TRUE
17,UNC119,ENST00000335765,590,1,0.000186061,0,0,1,FALSE
9,UNC13B,ENST00000378495,1153,1,3.05E-06,0,0,1,FALSE
15,UNC13C,ENST00000260323,995,1,2.03E-06,0,0,1,FALSE
17,UNC13D,ENST00000207549,2056,1,2.08E-05,0,0,1,TRUE
15,UNC45A,ENST00000418476,3799,2,0.001371019,0,0,2,TRUE
6,UNC5CL,ENST00000244565,1185,2,0.000324837,0,0,2,TRUE
2,UNC80,ENST00000673920,893,1,1.53E-06,0,0,1,TRUE
6,UNC93A,ENST00000230256,231637,20,0.003871587,3,3.14E-06,23,TRUE
22,UPB1,ENST00000326010,5005,9,0.001787354,3,3.14E-06,12,TRUE
19,UPK1A,ENST00000617999,486,1,1.53E-05,0,0,1,TRUE
11,UPK2,ENST00000264031,4371,8,0.00125868,0,0,8,TRUE
22,UPK3A,ENST00000216211,9227,58,0.004171526,28,2.93E-05,86,TRUE
7,UPP1,ENST00000395564,526,1,7.37E-05,0,0,1,TRUE
2,UPP2,ENST00000005756,387,1,9.66E-06,2,2.09E-06,3,TRUE
22,UQCR10,ENST00000330029,353,1,0.000171825,0,0,1,FALSE
1,UQCRH,ENST00000311672,89,1,5.08E-06,0,0,1,FALSE
3,UROC1,ENST00000290868,921,5,0.000134713,0,0,5,TRUE
11,USH1C,ENST00000005226,3242,4,0.000547999,2,2.09E-06,6,TRUE
1,USH2A,ENST00000307340,5864,7,0.00119157,6,6.28E-06,13,TRUE
19,USHBP1,ENST00000252597,1677,1,3.97E-05,0,0,1,TRUE
16,USP10,ENST00000219473,419,2,0.000191648,0,0,2,FALSE
3,USP13,ENST00000263966,835,2,0.000207919,0,0,2,FALSE
21,USP25,ENST00000285679,317,1,2.54E-06,0,0,1,FALSE
17,USP36,ENST00000542802,345,1,4.63E-05,0,0,1,FALSE
3,USP4,ENST00000265560,1257,1,8.13E-06,0,0,1,FALSE
2,USP40,ENST00000450966,8668,156,0.003470902,27,2.83E-05,183,TRUE
22,USP41,ENST00000454608,3011,21,0.001253586,0,0,21,TRUE
6,USP45,ENST00000500704,42119,56,0.007884701,59,6.18E-05,115,TRUE
15,USP50,ENST00000532404,8703,238,0.004316905,7,7.33E-06,245,TRUE
10,USP54,ENST00000339859,5529,14,0.002353158,2,2.09E-06,16,TRUE
17,USP6,ENST00000574788,13803,59,0.005768529,55,5.76E-05,114,TRUE
13,UTP14C,ENST00000521776,4416,12,0.002215381,0,0,12,TRUE
6,UTRN,ENST00000367545,2134,1,2.90E-05,0,0,1,TRUE
3,UTS2B,ENST00000340524,4232,26,0.002068621,23,2.41E-05,49,TRUE
2,VAMP5,ENST00000306384,645,3,0.000217702,0,0,3,TRUE
16,VAT1L,ENST00000302536,511,1,0.000130137,0,0,1,TRUE
1,VAV3,ENST00000370056,514,1,1.53E-06,0,0,1,FALSE
2,VAX2,ENST00000234392,156,1,2.03E-06,0,0,1,FALSE
9,VCP,ENST00000358901,108,2,5.64E-05,0,0,2,TRUE
14,VCPKMT,ENST00000395860,449,1,5.08E-06,0,0,1,TRUE
2,VIL1,ENST00000248444,1094,2,9.05E-05,0,0,2,FALSE
3,VILL,ENST00000283713,4056,8,0.000771681,4,4.19E-06,12,TRUE
6,VIP,ENST00000367244,144,1,3.05E-06,0,0,1,FALSE
6,VNN2,ENST00000326499,2744,3,0.000582568,0,0,3,FALSE
6,VNN3,ENST00000367927,348,2,7.78E-05,0,0,2,FALSE
9,VPS13A,ENST00000360280,1851,1,4.58E-05,0,0,1,FALSE
8,VPS13B,ENST00000358544,2893,1,1.12E-05,0,0,1,FALSE
15,VPS13C,ENST00000644861,5143,6,0.000995918,9,9.42E-06,15,TRUE
10,VPS26A,ENST00000263559,100,1,1.47E-05,0,0,1,FALSE
16,VPS35,ENST00000299138,197,1,7.98E-05,0,0,1,FALSE
3,VPS8,ENST00000625842,3609,3,0.001389324,3,3.14E-06,6,TRUE
12,VSIG10,ENST00000359236,602,2,5.44E-05,0,0,2,TRUE
19,VSIG10L,ENST00000335624,3756,4,0.001343564,2,2.09E-06,6,TRUE
11,VSIG10L2,ENST00000638636,189381,53,0.001661353,0,0,53,TRUE
11,VSTM5,ENST00000409977,1183,2,0.000310115,0,0,2,FALSE
1,VTCN1,ENST00000369458,367,3,9.25E-05,0,0,3,TRUE
17,VTN,ENST00000226218,2164,3,0.000818442,0,0,3,FALSE
10,VWA2,ENST00000392982,3188,13,0.001056351,4,4.19E-06,17,TRUE
16,VWA3A,ENST00000389398,2992,8,0.000752866,0,0,8,TRUE
2,VWA3B,ENST00000477737,78454,34,0.001901732,4,4.19E-06,38,TRUE
11,VWA5A,ENST00000456829,1548,1,6.61E-06,0,0,1,TRUE
1,VWA5B1,ENST00000375079,4836,22,0.001482343,8,8.38E-06,30,TRUE
3,VWA5B2,ENST00000426955,1700,2,3.41E-05,0,0,2,FALSE
6,VWA7,ENST00000375688,108890,2,6.86E-05,0,0,2,TRUE
13,VWA8,ENST00000379310,7083,9,0.001211525,14,1.47E-05,23,TRUE
7,VWDE,ENST00000275358,403609,588,0.013456345,308,0.0003225,896,TRUE
10,WASHC2C,ENST00000623400,707,1,2.24E-05,0,0,1,TRUE
12,WASHC3,ENST00000240079,356,1,2.54E-06,0,0,1,FALSE
22,WBP2NL,ENST00000328823,486,1,6.61E-06,0,0,1,TRUE
13,WDFY2,ENST00000298125,205,1,1.22E-05,0,0,1,FALSE
2,WDPCP,ENST00000272321,978,2,0.000164229,0,0,2,TRUE
4,WDR17,ENST00000508596,2575,2,0.000175382,0,0,2,FALSE
6,WDR27,ENST00000448612,40571,648,0.020372469,189,0.0001979,837,TRUE
9,WDR31,ENST00000374193,2537,8,0.001055842,0,0,8,TRUE
9,WDR38,ENST00000373574,933,3,0.000279593,0,0,3,FALSE
5,WDR41,ENST00000296679,1660,1,0.00014757,2,2.09E-06,3,TRUE
3,WDR49,ENST00000647816,2378,3,0.00018758,2,2.09E-06,5,TRUE
3,WDR53,ENST00000332629,418,3,6.35E-05,0,0,3,TRUE
3,WDR5B,ENST00000330689,4327,7,0.001201227,2,2.09E-06,9,TRUE
7,WDR60,ENST00000407559,1456,3,0.000132173,0,0,3,FALSE
1,WDR63,ENST00000294664,111085,83,0.002386234,6,6.28E-06,89,TRUE
1,WDR64,ENST00000366552,5580,10,0.001088386,5,5.24E-06,15,TRUE
12,WDR66,ENST00000288912,5160,8,0.0019485,3,3.14E-06,11,TRUE
15,WDR72,ENST00000360509,961,1,1.02E-06,0,0,1,FALSE
15,WDR73,ENST00000434634,2756,3,0.001039592,0,0,3,FALSE
1,WDR78,ENST00000371026,2150,3,0.000372246,0,0,3,TRUE
19,WDR87,ENST00000447313,3273,8,0.000796583,43,4.50E-05,51,TRUE
19,WDR88,ENST00000355868,388,1,3.56E-06,0,0,1,FALSE
16,WDR90,ENST00000293879,7772,18,0.002372989,14,1.47E-05,32,TRUE
7,WEE2,ENST00000397541,531,1,8.13E-06,0,0,1,FALSE
16,WFDC1,ENST00000219454,1348,5,0.000404647,0,0,5,TRUE
20,WFDC10B,ENST00000335769,7210,176,0.003793405,4,4.19E-06,180,TRUE
20,WFDC11,ENST00000324384,122,1,1.17E-05,0,0,1,FALSE
20,WFDC3,ENST00000243938,135,2,4.42E-05,0,0,2,TRUE
4,WFS1,ENST00000226760,1476,1,0.000117429,0,0,1,TRUE
7,WIPF3,ENST00000242140,363,1,1.98E-05,0,0,1,FALSE
17,WNK4,ENST00000246914,2285,2,3.86E-05,0,0,2,TRUE
2,WNT10A,ENST00000258411,2805,1,0.001277481,2,2.09E-06,3,FALSE
10,WNT8B,ENST00000343737,122,1,2.69E-05,0,0,1,FALSE
8,WRN,ENST00000298139,5727,22,0.001920547,3,3.14E-06,25,TRUE
19,WTIP,ENST00000590071,172,1,1.98E-05,0,0,1,FALSE
17,XAF1,ENST00000361842,10878,72,0.005258866,3,3.14E-06,75,TRUE
2,XDH,ENST00000379416,3834,4,0.000904861,2,2.09E-06,6,TRUE
3,XIRP1,ENST00000340369,9,0,NA,2,2.09E-06,2,FALSE
2,XIRP2,ENST00000409195,12365,17,0.003489836,20,2.09E-05,37,TRUE
8,XKR9,ENST00000408926,2953,45,0.000975019,2,2.09E-06,47,TRUE
3,XPC,ENST00000285021,786,0,NA,2,2.09E-06,2,TRUE
23,XPNPEP2,ENST00000371106,698,1,3.76E-05,0,0,1,TRUE
3,XYLB,ENST00000207870,1143,1,3.51E-05,0,0,1,FALSE
12,YARS2,ENST00000324868,2659,8,0.000808788,0,0,8,TRUE
19,YIF1B,ENST00000339413,266,2,3.61E-05,0,0,2,FALSE
1,YIPF1,ENST00000072644,3753,8,0.001726434,0,0,8,TRUE
4,YIPF7,ENST00000415895,1575,6,0.00061256,0,0,6,TRUE
1,YY1AP1,ENST00000295566,481,1,5.19E-05,0,0,1,FALSE
17,ZACN,ENST00000334586,304993,10,0.000593824,0,0,10,TRUE
7,ZAN,ENST00000613979,1053985,65,0.001978722,7,7.33E-06,72,TRUE
13,ZAR1L,ENST00000533490,97,1,7.12E-06,0,0,1,FALSE
3,ZBBX,ENST00000392766,9588,14,0.00327758,9,9.42E-06,23,TRUE
11,ZBED5,ENST00000413761,434,1,1.93E-05,0,0,1,TRUE
7,ZBED6CL,ENST00000343855,36206,20,0.003906147,0,0,20,TRUE
5,ZBED8,ENST00000408953,1333,1,2.24E-05,0,0,1,TRUE
6,ZBED9,ENST00000452236,997,1,1.02E-06,0,0,1,TRUE
20,ZBP1,ENST00000371173,1166,2,0.000319752,0,0,2,TRUE
14,ZBTB25,ENST00000608382,401,1,3.66E-05,0,0,1,FALSE
19,ZBTB32,ENST00000392197,148,1,1.53E-06,0,0,1,FALSE
9,ZBTB5,ENST00000307750,84,1,1.02E-06,0,0,1,FALSE
1,ZBTB8B,ENST00000609129,440,1,5.90E-05,0,0,1,TRUE
8,ZC2HC1A,ENST00000263849,114,1,5.08E-06,0,0,1,FALSE
14,ZC2HC1C,ENST00000524913,9616,67,0.004662332,0,0,67,TRUE
11,ZC3H12C,ENST00000278590,443,3,2.29E-05,0,0,3,TRUE
4,ZCCHC4,ENST00000302874,6035,11,0.002127543,3,3.14E-06,14,TRUE
7,ZCWPW1,ENST00000398027,745,2,5.64E-05,0,0,2,TRUE
5,ZDHHC11,ENST00000283441,1111,25,0.000523611,0,0,25,TRUE
5,ZDHHC11B,ENST00000508859,36,1,1.02E-06,0,0,1,TRUE
9,ZDHHC12,ENST00000372663,898,7,0.000315191,0,0,7,FALSE
11,ZDHHC13,ENST00000446113,887,1,1.53E-06,0,0,1,FALSE
1,ZDHHC18,ENST00000374142,195,1,1.88E-05,0,0,1,TRUE
8,ZDHHC2,ENST00000262096,281,1,2.03E-06,0,0,1,FALSE
10,ZFAND4,ENST00000344646,5522,8,0.00237959,2,2.09E-06,10,TRUE
14,ZFHX2,ENST00000419474,388,1,8.13E-06,0,0,1,TRUE
5,ZFP2,ENST00000361362,2077,2,0.000508362,0,0,2,TRUE
9,ZFP37,ENST00000374227,900,2,7.52E-05,0,0,2,FALSE
5,ZFP62,ENST00000502412,920,1,3.57E-06,0,0,1,TRUE
1,ZFP69,ENST00000372706,2518,2,0.001086403,0,0,2,TRUE
23,ZFP92,ENST00000338647,379,2,0.000192156,0,0,2,TRUE
19,ZFR2,ENST00000262961,2950,4,0.000597825,0,0,4,TRUE
15,ZFYVE19,ENST00000355341,435723,1,1.53E-06,0,0,1,FALSE
10,ZFYVE27,ENST00000393677,291,1,6.10E-06,0,0,1,FALSE
16,ZG16B,ENST00000382280,617,1,5.95E-05,0,0,1,TRUE
4,ZGRF1,ENST00000505019,6718,9,0.001389396,3,3.14E-06,12,TRUE
13,ZIC5,ENST00000267294,411,2,9.30E-05,0,0,2,TRUE
19,ZIK1,ENST00000597850,511,3,5.39E-05,2,2.09E-06,5,TRUE
19,ZIM3,ENST00000269834,82,1,1.02E-06,0,0,1,FALSE
6,ZKSCAN4,ENST00000377294,620,1,4.07E-06,0,0,1,TRUE
6,ZKSCAN8,ENST00000330236,374,1,4.12E-05,0,0,1,FALSE
1,ZMYM1,ENST00000359858,279,1,6.10E-06,0,0,1,FALSE
13,ZMYM5,ENST00000337963,3473,5,0.001531653,0,0,5,TRUE
1,ZMYM6,ENST00000357182,980,1,6.61E-06,0,0,1,FALSE
1,ZMYND12,ENST00000372565,784,1,0.000263833,0,0,1,FALSE
17,ZMYND15,ENST00000433935,5772,2,5.59E-05,4,4.19E-06,6,TRUE
19,ZNF100,ENST00000358296,160,0,NA,27,2.83E-05,27,TRUE
19,ZNF101,ENST00000592502,53633,3,5.49E-05,0,0,3,TRUE
15,ZNF106,ENST00000564754,4624,75,0.00222149,0,0,75,TRUE
7,ZNF117,ENST00000282869,1595,3,0.000400073,0,0,3,TRUE
1,ZNF124,ENST00000543802,11462,40,0.005449526,9,9.42E-06,49,TRUE
19,ZNF135,ENST00000313434,88,0,NA,12,1.26E-05,12,FALSE
7,ZNF138,ENST00000307355,3616,3,0.001170218,0,0,3,TRUE
12,ZNF140,ENST00000355557,440,1,0.000198767,0,0,1,TRUE
2,ZNF142,ENST00000411696,1757,4,0.000403121,0,0,4,TRUE
19,ZNF154,ENST00000512439,20198,120,0.009941774,9,9.42E-06,129,TRUE
19,ZNF155,ENST00000270014,148,0,NA,2,2.09E-06,2,FALSE
9,ZNF169,ENST00000395395,97,0,NA,3,3.14E-06,3,TRUE
19,ZNF175,ENST00000262259,649,20,0.000328902,0,0,20,TRUE
19,ZNF181,ENST00000492450,522,0,NA,2,2.09E-06,2,TRUE
23,ZNF185,ENST00000370268,910,1,0.000114079,0,0,1,TRUE
9,ZNF189,ENST00000339664,643,1,5.08E-06,0,0,1,TRUE
19,ZNF208,ENST00000397126,73,0,NA,2,2.09E-06,2,FALSE
19,ZNF211,ENST00000240731,354,1,4.73E-05,2,2.09E-06,3,FALSE
7,ZNF212,ENST00000335870,1534,2,0.000494116,0,0,2,TRUE
11,ZNF214,ENST00000278314,884,2,0.00016369,0,0,2,TRUE
11,ZNF215,ENST00000278319,3255,6,0.001498173,3,3.14E-06,9,TRUE
19,ZNF221,ENST00000587682,112,0,NA,3,3.14E-06,3,FALSE
19,ZNF223,ENST00000434772,243,0,NA,14,1.47E-05,14,FALSE
19,ZNF224,ENST00000336976,150,2,2.44E-05,0,0,2,FALSE
19,ZNF226,ENST00000590089,475,1,0.000146405,0,0,1,FALSE
19,ZNF229,ENST00000614049,857,2,0.00041939,10,1.05E-05,12,TRUE
17,ZNF232,ENST00000250076,292,1,3.05E-05,0,0,1,FALSE
19,ZNF233,ENST00000391958,109,0,NA,9,9.42E-06,9,FALSE
10,ZNF239,ENST00000374446,641,4,0.000132178,0,0,4,TRUE
10,ZNF25,ENST00000302609,816,3,0.000280612,2,2.09E-06,5,TRUE
19,ZNF254,ENST00000357002,63,0,NA,3,3.14E-06,3,FALSE
19,ZNF257,ENST00000594947,940,9,0.000417356,7,7.33E-06,16,TRUE
19,ZNF266,ENST00000592904,223,0,NA,4,4.19E-06,4,FALSE
12,ZNF268,ENST00000536435,559,0,NA,11,1.15E-05,11,TRUE
7,ZNF277,ENST00000361822,9278,182,0.004609717,2,2.09E-06,184,TRUE
19,ZNF28,ENST00000457749,286,2,0.000144371,35,3.67E-05,37,FALSE
22,ZNF280A,ENST00000302097,3087,3,0.001193604,0,0,3,TRUE
17,ZNF286A,ENST00000583566,295,1,1.02E-06,0,0,1,FALSE
7,ZNF3,ENST00000299667,237,1,3.00E-05,0,0,1,FALSE
19,ZNF30,ENST00000601142,2911,18,0.001254047,0,0,18,TRUE
19,ZNF333,ENST00000292530,1644,1,0.000406197,0,0,1,TRUE
20,ZNF334,ENST00000347606,143,0,NA,2,2.09E-06,2,FALSE
20,ZNF335,ENST00000322927,820,1,2.08E-05,0,0,1,TRUE
10,ZNF33A,ENST00000432900,317,1,0.000132683,0,0,1,FALSE
20,ZNF343,ENST00000278772,6932,16,0.003510688,6,6.28E-06,22,TRUE
19,ZNF345,ENST00000420450,533,1,0.000203849,0,0,1,FALSE
17,ZNF385C,ENST00000436535,361,1,2.03E-06,0,0,1,TRUE
6,ZNF391,ENST00000244576,120,1,4.98E-05,0,0,1,FALSE
18,ZNF396,ENST00000589332,420,2,0.000146913,0,0,2,TRUE
19,ZNF414,ENST00000393927,306,1,1.02E-05,0,0,1,FALSE
19,ZNF417,ENST00000312026,7097,18,0.003613346,0,0,18,TRUE
19,ZNF418,ENST00000396147,1245,6,0.000441754,14,1.47E-05,20,TRUE
7,ZNF425,ENST00000378061,163,1,1.02E-06,2,2.09E-06,3,TRUE
19,ZNF426,ENST00000253115,236,1,6.51E-05,0,0,1,FALSE
19,ZNF429,ENST00000358491,34689,8,0.001054831,0,0,8,TRUE
19,ZNF43,ENST00000354959,2023,3,0.000624762,0,0,3,TRUE
19,ZNF433,ENST00000344980,30,0,NA,8,8.38E-06,8,FALSE
1,ZNF436,ENST00000314011,247,1,7.32E-05,0,0,1,FALSE
10,ZNF438,ENST00000413025,1473,0,NA,9,9.42E-06,9,FALSE
19,ZNF439,ENST00000304030,13672,291,0.006654339,59,6.18E-05,350,TRUE
19,ZNF440,ENST00000304060,10456,35,0.004274711,13,1.36E-05,48,TRUE
19,ZNF442,ENST00000242804,5035,37,0.001965277,26,2.72E-05,63,TRUE
7,ZNF467,ENST00000302017,1434,2,0.000391433,0,0,2,TRUE
19,ZNF486,ENST00000335117,478,3,0.000135729,4,4.19E-06,7,TRUE
10,ZNF488,ENST00000585316,13,0,NA,6,6.28E-06,6,FALSE
19,ZNF491,ENST00000323169,7586,29,0.003250889,7,7.33E-06,36,TRUE
3,ZNF501,ENST00000620116,593,1,1.83E-05,0,0,1,TRUE
19,ZNF506,ENST00000540806,151,0,NA,18,1.89E-05,18,FALSE
9,ZNF510,ENST00000375231,193,1,2.75E-05,0,0,1,FALSE
18,ZNF519,ENST00000590202,41,0,NA,4,4.19E-06,4,FALSE
19,ZNF527,ENST00000436120,220,1,9.15E-05,0,0,1,FALSE
19,ZNF528,ENST00000360465,91,0,NA,18,1.89E-05,18,FALSE
19,ZNF530,ENST00000332854,82,0,NA,4,4.19E-06,4,FALSE
19,ZNF534,ENST00000332323,5112,41,0.001792947,50,5.24E-05,91,TRUE
19,ZNF543,ENST00000321545,101,0,NA,2,2.09E-06,2,FALSE
19,ZNF544,ENST00000269829,431,1,0.000172843,7,7.33E-06,8,FALSE
19,ZNF546,ENST00000347077,5062,14,0.001825989,5,5.24E-06,19,TRUE
19,ZNF550,ENST00000325134,556,1,3.91E-05,0,0,1,TRUE
19,ZNF555,ENST00000334241,59,2,2.03E-06,0,0,2,FALSE
19,ZNF556,ENST00000307635,8581,38,0.004362652,6,6.28E-06,44,TRUE
19,ZNF558,ENST00000601372,784,2,0.00033455,0,0,2,FALSE
19,ZNF560,ENST00000301480,2381,6,0.000825566,2,2.09E-06,8,TRUE
19,ZNF566,ENST00000434377,512,1,9.05E-05,0,0,1,FALSE
19,ZNF568,ENST00000333987,131,0,NA,3,3.14E-06,3,FALSE
19,ZNF57,ENST00000306908,62,0,NA,4,4.19E-06,4,FALSE
19,ZNF571,ENST00000451802,218,0,NA,4,4.19E-06,4,TRUE
19,ZNF573,ENST00000590414,1684,2,0.000469714,0,0,2,TRUE
19,ZNF575,ENST00000314228,315,1,2.95E-05,0,0,1,FALSE
19,ZNF577,ENST00000301399,2862,18,0.001450342,0,0,18,TRUE
19,ZNF578,ENST00000421239,919,3,0.000462089,0,0,3,FALSE
19,ZNF585A,ENST00000292841,77,1,9.15E-06,0,0,1,TRUE
19,ZNF586,ENST00000396154,737,1,0.000344661,0,0,1,FALSE
1,ZNF593,ENST00000374266,305,1,1.53E-06,0,0,1,FALSE
16,ZNF598,ENST00000562103,1241,2,0.000164705,0,0,2,FALSE
19,ZNF599,ENST00000329285,2730,3,0.00133594,32,3.35E-05,35,FALSE
19,ZNF607,ENST00000355202,176,2,4.73E-05,0,0,2,FALSE
19,ZNF610,ENST00000403906,373,1,3.15E-05,0,0,1,FALSE
19,ZNF613,ENST00000293471,82,1,3.66E-05,0,0,1,FALSE
19,ZNF615,ENST00000598071,94,1,1.73E-05,0,0,1,FALSE
3,ZNF620,ENST00000314529,181,1,1.83E-05,0,0,1,FALSE
5,ZNF622,ENST00000308683,216,1,3.05E-06,0,0,1,FALSE
2,ZNF638,ENST00000264447,249,1,1.02E-06,0,0,1,FALSE
9,ZNF658,ENST00000612867,208,1,1.53E-06,0,0,1,TRUE
3,ZNF660,ENST00000322734,12673,48,0.006328953,0,0,48,TRUE
3,ZNF662,ENST00000440367,578,2,0.00024147,3,3.14E-06,5,TRUE
19,ZNF671,ENST00000317398,256,1,2.69E-05,0,0,1,FALSE
19,ZNF676,ENST00000397121,3365,9,0.001691367,4,4.19E-06,13,TRUE
19,ZNF677,ENST00000598513,52,0,NA,9,9.42E-06,9,FALSE
7,ZNF679,ENST00000421025,367,2,7.52E-05,0,0,2,TRUE
19,ZNF681,ENST00000402377,281900,199,0.00406712,7,7.33E-06,206,TRUE
19,ZNF682,ENST00000397165,818,1,5.59E-05,0,0,1,TRUE
1,ZNF683,ENST00000349618,710,2,0.000160131,0,0,2,FALSE
16,ZNF688,ENST00000223459,190,1,3.56E-06,0,0,1,FALSE
19,ZNF700,ENST00000254321,2914,6,0.000886057,5,5.24E-06,11,TRUE
19,ZNF701,ENST00000391785,69,0,NA,2,2.09E-06,2,FALSE
11,ZNF705E,ENST00000525199,58,1,1.98E-05,0,0,1,FALSE
19,ZNF71,ENST00000599599,34,1,5.59E-06,0,0,1,FALSE
7,ZNF713,ENST00000429591,4193,5,0.001871795,0,0,5,TRUE
7,ZNF716,ENST00000420713,126,0,NA,3,3.14E-06,3,FALSE
3,ZNF717,ENST00000652011,623,3,0.00029608,0,0,3,TRUE
4,ZNF721,ENST00000511833,116,0,NA,2,2.09E-06,2,FALSE
19,ZNF726,ENST00000594466,280,1,7.22E-05,26,2.72E-05,27,FALSE
7,ZNF727,ENST00000456806,38617,116,0.003532554,4,4.19E-06,120,TRUE
19,ZNF728,ENST00000594710,1637,8,0.000805241,5,5.24E-06,13,TRUE
19,ZNF729,ENST00000601693,78,0,NA,2,2.09E-06,2,TRUE
19,ZNF730,ENST00000597761,101,0,NA,7,7.33E-06,7,FALSE
7,ZNF736,ENST00000423484,344,1,0.000131154,0,0,1,TRUE
16,ZNF747,ENST00000568028,291,1,5.24E-05,0,0,1,FALSE
19,ZNF749,ENST00000334181,14,0,NA,2,2.09E-06,2,FALSE
16,ZNF75A,ENST00000669516,666,1,2.64E-05,0,0,1,TRUE
23,ZNF75D,ENST00000370766,1105,10,0.000420424,0,0,10,TRUE
6,ZNF76,ENST00000373953,1111,3,0.000261292,0,0,3,FALSE
19,ZNF761,ENST00000432094,1023,1,0.000134713,0,0,1,TRUE
19,ZNF763,ENST00000358987,3172,4,0.001420841,2,2.09E-06,6,TRUE
19,ZNF765,ENST00000396408,1080,2,8.08E-05,0,0,2,TRUE
19,ZNF77,ENST00000314531,437,2,0.000205881,2,2.09E-06,4,TRUE
19,ZNF772,ENST00000356584,12396,53,0.006336591,2,2.09E-06,55,TRUE
15,ZNF774,ENST00000354377,41,0,NA,2,2.09E-06,2,FALSE
19,ZNF776,ENST00000317178,2195,1,0.001096521,5,5.24E-06,6,TRUE
16,ZNF778,ENST00000433976,822,4,0.000312136,0,0,4,FALSE
19,ZNF780A,ENST00000595687,2807,3,0.000941969,3,3.14E-06,6,TRUE
19,ZNF780B,ENST00000434248,25082,1,8.13E-06,0,0,1,TRUE
9,ZNF782,ENST00000481138,113,1,1.22E-05,0,0,1,FALSE
19,ZNF784,ENST00000325351,163,3,8.39E-05,0,0,3,FALSE
7,ZNF786,ENST00000491431,900,1,2.34E-05,0,0,1,TRUE
19,ZNF814,ENST00000435989,39,0,NA,3,3.14E-06,3,FALSE
19,ZNF816,ENST00000444460,404,1,2.59E-05,3,3.14E-06,4,TRUE
19,ZNF816-ZNF321P,ENST00000391777,391,1,2.59E-05,0,0,1,TRUE
4,ZNF827,ENST00000508784,22,1,1.53E-06,0,0,1,FALSE
19,ZNF83,ENST00000597597,208,0,NA,4,4.19E-06,4,TRUE
20,ZNF831,ENST00000637017,1660,4,0.000618618,0,0,4,TRUE
19,ZNF836,ENST00000597252,115,1,1.93E-05,0,0,1,FALSE
19,ZNF844,ENST00000439326,927,1,0.000423454,32,3.35E-05,33,FALSE
19,ZNF845,ENST00000458035,3581,6,0.001269854,3,3.14E-06,9,TRUE
19,ZNF846,ENST00000397902,220,6,6.20E-05,5,5.24E-06,11,TRUE
19,ZNF85,ENST00000328178,3277,17,0.001096397,3,3.14E-06,20,TRUE
3,ZNF852,ENST00000436261,497,2,0.000191649,3,3.14E-06,5,FALSE
7,ZNF862,ENST00000223210,1275,2,0.000139289,0,0,2,TRUE
19,ZNF875,ENST00000324411,217,1,7.32E-05,0,0,1,FALSE
19,ZNF878,ENST00000547628,69,0,NA,7,7.33E-06,7,FALSE
12,ZNF891,ENST00000537226,62,0,NA,9,9.42E-06,9,FALSE
19,ZNF90,ENST00000418063,162,0,NA,7,7.33E-06,7,FALSE
7,ZNF92,ENST00000328747,144,1,7.12E-06,0,0,1,TRUE
19,ZNF93,ENST00000343769,964,2,4.07E-05,0,0,2,TRUE
19,ZNF99,ENST00000596209,35,1,1.53E-06,16,1.68E-05,17,FALSE
22,ZNRF3,ENST00000544604,374,6,0.000173856,0,0,6,TRUE
11,ZP1,ENST00000278853,1111,3,0.00010167,0,0,3,TRUE
1,ZP4,ENST00000611898,2980,4,0.000605957,0,0,4,TRUE
2,ZRANB3,ENST00000264159,19867,572,0.010064243,168,0.00017591,740,TRUE
6,ZSCAN12,ENST00000361028,8289,72,0.003837524,5,5.24E-06,77,TRUE
6,ZSCAN16,ENST00000340487,455,1,3.71E-05,0,0,1,FALSE
6,ZSCAN23,ENST00000289788,250,1,4.98E-05,0,0,1,FALSE
7,ZSCAN25,ENST00000394152,208,1,1.02E-06,0,0,1,FALSE
6,ZSCAN26,ENST00000623276,390,1,1.73E-05,0,0,1,FALSE
18,ZSCAN30,ENST00000333206,724,0,NA,2,2.09E-06,2,TRUE
6,ZSCAN31,ENST00000414429,1650,6,0.000663415,19,1.99E-05,25,TRUE
16,ZSCAN32,ENST00000396852,1111,6,0.000373129,3,3.14E-06,9,TRUE
19,ZSCAN5B,ENST00000586855,2499,47,0.001133558,0,0,47,TRUE
20,ZSWIM1,ENST00000372523,243,1,3.97E-05,4,4.19E-06,5,FALSE
2,ZSWIM2,ENST00000295131,1058,0,NA,2,2.09E-06,2,FALSE
19,ZSWIM4,ENST00000254323,658,1,0.000163688,0,0,1,FALSE
6,ZUP1,ENST00000368576,1453,7,0.000448364,0,0,7,TRUE
17,ZZEF1,ENST00000381638,617,1,4.58E-06,0,0,1,FALSE
